report_date,market_name,contract_code,open_interest,dealer_long,dealer_short,asset_manager_long,asset_manager_short,leveraged_long,leveraged_short,other_long,other_short,nonreportable_long,nonreportable_short,symbol,available_at,leveraged_net,leveraged_net_pct_oi,leveraged_weekly_change,leveraged_percentile,leveraged_zscore,asset_manager_net,asset_manager_net_pct_oi,asset_manager_weekly_change,asset_manager_percentile,asset_manager_zscore,dealer_net,dealer_net_pct_oi,dealer_weekly_change,other_net,other_net_pct_oi,other_weekly_change,nonreportable_net,nonreportable_net_pct_oi,nonreportable_weekly_change,date,close,price_sma,price_momentum,price_normalized,state,extreme_direction,proxy_symbol
2010-06-15,S&P 500 Consolidated - CHICAGO MERCANTILE EXCHANGE,13874+,1132309,60213,226700,418437,154926,87605,196656,13190,23087,199725,177801,ES,2010-06-18 15:30:00-04:00,-109051,-9.630851649152307,,,,263511,23.272004373364513,,,,-166487,-14.703318617091272,,-9897,-0.87405469708357,,21924,1.936220589962634,,,,,,,NORMAL,,SPY
2010-06-22,S&P 500 Consolidated - CHICAGO MERCANTILE EXCHANGE,13874+,822092,51465,237953,428055,151956,70878,182244,14131,18363,148310,122322,ES,2010-06-25 15:30:00-04:00,-111366,-13.546659011400184,-3.915807362247877,,,276099,33.58492723442145,10.312922861056936,,,-186488,-22.68456571770556,-7.981247100614288,-4232,-0.5147842333948025,0.35927046368876747,25988,3.161203368966004,1.22498277900337,2010-07-01,110.2699966430664,110.17399978637695,-0.05752139621310764,248.32089321450562,NORMAL,,SPY
2010-06-29,S&P 500 Consolidated - CHICAGO MERCANTILE EXCHANGE,13874+,850401,56055,231627,436268,177832,77655,184364,14728,17412,147851,121322,ES,2010-07-02 15:30:00-04:00,-106709,-12.54808025860741,0.9985787527927741,,,258436,30.38989841263122,-3.195028821790231,,,-175572,-20.645789456973827,2.0387762607317335,-2684,-0.3156158094828205,0.19916842391198203,26529,3.1195871124328405,-0.041616256533163476,,,,,,NORMAL,,SPY
2010-07-06,S&P 500 Consolidated - CHICAGO MERCANTILE EXCHANGE,13874+,883425,67325,213136,439698,182961,75033,203822,16166,20897,155452,132857,ES,2010-07-09 15:30:00-04:00,-128789,-14.57837394232674,-2.0302936837193304,,,256737,29.061550216486967,-1.3283481961442511,,,-145811,-16.505192857344994,4.140596599628832,-4731,-0.535529331861788,-0.2199135223789675,22595,2.5576591108469877,-0.5619280015858528,,,,,,NORMAL,,SPY
2010-07-13,S&P 500 Consolidated - CHICAGO MERCANTILE EXCHANGE,13874+,874896,75793,209944,436647,156376,72289,218281,15938,23799,148284,140552,ES,2010-07-16 15:30:00-04:00,-145992,-16.68678334339167,-2.1084094010649306,,,280271,32.034778990874344,2.973228774387376,,,-134151,-15.333365337137215,1.1718275202077795,-7861,-0.8985067939503667,-0.36297746208857873,7732,0.8837621843053346,-1.6738969265416532,,,,,,NORMAL,,SPY
2010-07-20,S&P 500 Consolidated - CHICAGO MERCANTILE EXCHANGE,13874+,870890,69325,213533,439798,163886,71078,207667,15780,26039,140850,125705,ES,2010-07-23 15:30:00-04:00,-136589,-15.683840668741173,1.0029426746504981,,,275912,31.68161306249928,-0.3531659283750628,,,-144208,-16.558692831471255,-1.2253274943340404,-10259,-1.1779903317296099,-0.2794835377792432,15145,1.739025594506769,0.8552634102014344,,,,,,NORMAL,,SPY
2010-07-27,S&P 500 Consolidated - CHICAGO MERCANTILE EXCHANGE,13874+,868087,64249,221794,436528,160962,74295,198835,14351,25817,140933,122949,ES,2010-07-30 15:30:00-04:00,-124540,-14.346488312807358,1.337352355933815,,,275566,31.744053303413136,0.062440240913854694,,,-157545,-18.148526587772885,-1.5898337563016298,-11466,-1.3208353540601345,-0.14284502233052465,17984,2.0716817554000926,0.3326561608933236,2010-08-01,105.30999755859375,110.34899978637695,-0.1136268014258832,237.15129640218157,NORMAL,,SPY
2010-08-03,S&P 500 Consolidated - CHICAGO MERCANTILE EXCHANGE,13874+,865807,62864,229690,426131,154923,73031,194231,15967,25972,145972,119149,ES,2010-08-06 15:30:00-04:00,-121200,-13.998500820621686,0.3479874921856716,,,271208,31.324302067319852,-0.41975123609328335,,,-166826,-19.26826648433196,-1.119739896559075,-10005,-1.1555693127914188,0.1652660412687157,26823,3.09803455042521,1.0263527950251174,,,,,,NORMAL,,SPY
2010-08-10,S&P 500 Consolidated - CHICAGO MERCANTILE EXCHANGE,13874+,870141,64988,236974,433037,156174,74317,193916,14557,27365,137925,110396,ES,2010-08-13 15:30:00-04:00,-119599,-13.744783891346344,0.25371692927534184,,,276863,31.81817659436804,0.49387452704818813,,,-171986,-19.76530240501252,-0.4970359206805597,-12808,-1.47194535138558,-0.3163760385941612,27529,3.163740129473269,0.06570557904805918,,,,,,NORMAL,,SPY
2010-08-17,S&P 500 Consolidated - CHICAGO MERCANTILE EXCHANGE,13874+,884624,69690,215444,425661,169158,80856,196286,16120,29793,131808,113453,ES,2010-08-20 15:30:00-04:00,-115430,-13.048481614787752,0.6963022765585922,,,256503,28.99570891135669,-2.82246768301135,,,-145754,-16.476378664833874,3.288923740178646,-13673,-1.545628425184033,-0.07368307379845307,18355,2.0748928358262946,-1.0888472936469746,,,,,,NORMAL,,SPY
2010-08-24,S&P 500 Consolidated - CHICAGO MERCANTILE EXCHANGE,13874+,910530,82538,193593,429139,184192,78017,212103,16706,34539,117060,99033,ES,2010-08-27 15:30:00-04:00,-134086,-14.726148506913557,-1.6776668921258047,,,244947,26.90158479127541,-2.094124120081279,,,-111055,-12.196742556533009,4.279636108300865,-17833,-1.9585296475679,-0.41290122238386684,18027,1.9798359197390532,-0.09505691608724143,2010-09-01,114.12999725341797,110.76799926757812,0.04352193825820028,257.0133646804627,NORMAL,,SPY
2010-08-31,S&P 500 Consolidated - CHICAGO MERCANTILE EXCHANGE,13874+,938443,92626,189051,432585,189618,78547,223099,16102,35726,109316,91682,ES,2010-09-03 15:30:00-04:00,-144552,-15.40338624722013,-0.6772377403065732,,,242967,25.890437671760566,-1.0111471195148454,,,-96425,-10.274998055289453,1.9217445012435554,-19624,-2.0911232754679827,-0.13259362790008278,17634,1.8790699062169998,-0.10076601352205339,,,,,,NORMAL,,SPY
2010-09-07,S&P 500 Consolidated - CHICAGO MERCANTILE EXCHANGE,13874+,943773,89098,197373,422728,180566,73458,212630,14590,32860,124900,101345,ES,2010-09-10 15:30:00-04:00,-139172,-14.74634260569014,0.6570436415299898,,,242162,25.658924338797572,-0.2315133329629937,,,-108275,-11.47256808575791,-1.197570030468457,-18270,-1.935846861480462,0.15527641398752068,23555,2.4958332141309403,0.6167633079139405,,,,,,NORMAL,,SPY
2010-09-14,S&P 500 Consolidated - CHICAGO MERCANTILE EXCHANGE,13874+,1103826,88846,220161,430902,170997,83782,216454,15342,34270,177274,154265,ES,2010-09-17 15:30:00-04:00,-132672,-12.019285648281523,2.7270569574086174,,,259905,23.54583059286518,-2.1130937459323924,,,-131315,-11.896349605825556,-0.4237815200676458,-18928,-1.7147630151853643,0.2210838462950977,23009,2.0844770824387178,-0.4113561316922225,,,,,,NORMAL,,SPY
2010-09-21,S&P 500 Consolidated - CHICAGO MERCANTILE EXCHANGE,13874+,779357,22300,226215,426341,157099,75028,147903,13546,23802,132822,115017,ES,2010-09-24 15:30:00-04:00,-72875,-9.35065701597599,2.6686286323055324,,,269242,34.54668399719256,11.00085340432738,,,-203915,-26.16451767290215,-14.268168067076594,-10256,-1.3159566155176639,0.3988063996677005,17805,2.284575618105695,0.2000985356669771,2010-10-01,118.48999786376953,111.47299880981446,0.1479364121534583,266.83180377485047,NORMAL,,SPY
2010-09-28,S&P 500 Consolidated - CHICAGO MERCANTILE EXCHANGE,13874+,811413,25661,252754,425709,152890,87158,144598,13981,24415,131177,109029,ES,2010-10-01 15:30:00-04:00,-57440,-7.0790090866180355,2.271647929357955,,,272819,33.622705083601076,-0.9239789135914833,,,-227093,-27.987350461478925,-1.8228327885767754,-10434,-1.2859049583874056,0.030051657130258258,22148,2.729559422883291,0.44498380477759625,2010-10-01,118.48999786376953,111.47299880981446,0.1479364121534583,266.83180377485047,NORMAL,,SPY
2010-10-05,S&P 500 Consolidated - CHICAGO MERCANTILE EXCHANGE,13874+,829851,23684,256388,420027,151571,89560,146359,15963,26961,137451,105408,ES,2010-10-08 15:30:00-04:00,-56799,-6.844481720212424,0.23452736640561156,,,268456,32.349903777907116,-1.2728013056939602,,,-232704,-28.041660490859204,-0.054310029380278735,-10998,-1.3252981559340171,-0.039393197546611525,32043,3.8612955819779695,1.1317361590946784,,,,,,NORMAL,,SPY
2010-10-12,S&P 500 Consolidated - CHICAGO MERCANTILE EXCHANGE,13874+,843960,26643,272239,424492,145093,88866,147296,16960,24806,138266,105792,ES,2010-10-15 15:30:00-04:00,-58430,-6.923313901132755,-0.0788321809203314,,,279399,33.10571591070667,0.7558121327995551,,,-245596,-29.100431300061615,-1.0587708092024108,-7846,-0.9296649130290535,0.3956332429049636,32474,3.8478126925446703,-0.013482889433299228,,,,,,NORMAL,,SPY
2010-10-19,S&P 500 Consolidated - CHICAGO MERCANTILE EXCHANGE,13874+,854075,26411,269453,429311,142194,87661,152056,17405,24445,130971,103610,ES,2010-10-22 15:30:00-04:00,-64395,-7.539735971665252,-0.6164220705324963,,,287117,33.61730527178526,0.5115893610785918,,,-243042,-28.45675145625384,0.6436798438077744,-7040,-0.8242835816526651,0.10538133137638839,27361,3.2035828235225243,-0.644229869022146,,,,,,NORMAL,,SPY
2010-10-26,S&P 500 Consolidated - CHICAGO MERCANTILE EXCHANGE,13874+,869680,24870,289739,428735,136109,98169,139094,16480,28128,127397,102581,ES,2010-10-29 15:30:00-04:00,-40925,-4.705753840493055,2.8339821311721964,,,292626,33.647548523594885,0.030243251809622507,,,-264869,-30.45591481924386,-1.9991633629900178,-11648,-1.3393432066967161,-0.515059625044051,24816,2.8534633428387455,-0.35011948068377885,2010-11-01,118.48999786376953,112.58299865722657,0.07454431369314805,266.83180377485047,NORMAL,,SPY
2010-11-02,S&P 500 Consolidated - CHICAGO MERCANTILE EXCHANGE,13874+,879024,26446,294924,419410,135406,104264,137142,18821,28714,117601,90356,ES,2010-11-05 15:30:00-04:00,-32878,-3.740284679371667,0.9654691611213884,,,284004,32.30901545350297,-1.3385330700919127,,,-268478,-30.542738309761734,-0.08682349051787597,-9893,-1.1254527748957934,0.2138904318009227,27245,3.09946031052622,0.24599696768747448,,,,,,NORMAL,,SPY
2010-11-09,S&P 500 Consolidated - CHICAGO MERCANTILE EXCHANGE,13874+,904392,31779,308844,424390,128696,102041,148355,20537,26868,121344,87328,ES,2010-11-12 15:30:00-05:00,-46314,-5.121009473768012,-1.3807247943963454,,,295694,32.69533565091243,0.3863201974094608,,,-277065,-30.635498766021815,-0.09276045626008056,-6331,-0.7000283063096533,0.42542446858614014,34016,3.761200895187043,0.6617405846608229,,,,,,NORMAL,,SPY
2010-11-16,S&P 500 Consolidated - CHICAGO MERCANTILE EXCHANGE,13874+,921238,36753,293429,420271,138434,100480,158553,19839,25864,140196,101261,ES,2010-11-19 15:30:00-05:00,-58073,-6.303799886674236,-1.1827904129062237,,,281837,30.593288596432192,-2.1020470544802414,,,-256676,-27.86207255888272,2.773426207139096,-6025,-0.6540112327107653,0.04601707359888796,38935,4.226377982671145,0.4651770874841019,,,,,,NORMAL,,SPY
2010-11-23,S&P 500 Consolidated - CHICAGO MERCANTILE EXCHANGE,13874+,936881,42660,295563,423382,139744,103282,162243,17367,25932,139746,102953,ES,2010-11-26 15:30:00-05:00,-58961,-6.293328608435863,0.010471278238372683,,,283638,30.27470938144759,-0.3185792149846023,,,-252903,-26.99414333303803,0.8679292258446907,-8565,-0.9142036181756275,-0.2601923854648621,36793,3.927179652485214,-0.29919833018593067,2010-12-01,125.75,114.08399887084961,0.19409365601811523,283.18085855031666,NORMAL,,SPY
2010-11-30,S&P 500 Consolidated - CHICAGO MERCANTILE EXCHANGE,13874+,941143,43891,299748,423682,141570,100714,151491,16569,24062,136063,104048,ES,2010-12-03 15:30:00-05:00,-50777,-5.395248118511215,0.8980804899246486,,,282112,29.975466002509716,-0.29924337893787367,,,-255857,-27.185773044053878,-0.19162971101584958,-7493,-0.7961595634244742,0.1180440547511532,32015,3.401714723479854,-0.5254649290053601,,,,,,NORMAL,,SPY
2010-12-07,S&P 500 Consolidated - CHICAGO MERCANTILE EXCHANGE,13874+,980643,50378,321642,419867,127102,102794,159509,17376,24840,150204,107526,ES,2010-12-10 15:30:00-05:00,-56715,-5.783450246419951,-0.38820212790873665,,,292765,29.854391455402222,-0.12107454710749366,,,-271264,-27.66185043894669,-0.47607739489281187,-7464,-0.761133256445006,0.03502630697946829,42678,4.352042486409427,0.9503277629295734,,,,,,NORMAL,,SPY
2010-12-14,S&P 500 Consolidated - CHICAGO MERCANTILE EXCHANGE,13874+,1109473,50935,334522,426392,123035,107800,154350,18499,26850,162893,127763,ES,2010-12-17 15:30:00-05:00,-46550,-4.195685699426665,1.5877645469932862,,,303357,27.342440960708373,-2.511950494693849,,,-283587,-25.560513865592043,2.101336573354647,-8351,-0.75269970517534,0.00843355126966594,35130,3.1663681766027656,-1.1856743098066618,,,,,,NORMAL,,SPY
2010-12-21,S&P 500 Consolidated - CHICAGO MERCANTILE EXCHANGE,13874+,758336,34788,304750,415424,121564,79919,137552,18754,20678,121359,85699,ES,2010-12-24 15:30:00-05:00,-57633,-7.599929318929868,-3.4042436195032026,,,293860,38.75063296480716,11.408192004098787,,,-269962,-35.599259431175625,-10.038745565583582,-1924,-0.2537133935353194,0.4989863116400206,35660,4.702401046501815,1.5360328698990493,,,,,,NORMAL,,SPY
2010-12-28,S&P 500 Consolidated - CHICAGO MERCANTILE EXCHANGE,13874+,769754,36685,306509,420679,118095,79279,141342,19067,21484,119863,88143,ES,2010-12-31 15:30:00-05:00,-62063,-8.062705747550517,-0.46277642862064905,,,302584,39.30918189447538,0.5585489296682198,,,-269824,-35.05327676114707,0.5459826700285575,-2417,-0.313996419635364,-0.0602830261000446,31720,4.12079703385757,-0.5816040126442452,2011-01-01,128.67999267578125,115.25199813842774,0.1274861629064618,289.77901235925407,NORMAL,,SPY
2011-01-04,S&P 500 Consolidated - CHICAGO MERCANTILE EXCHANGE,13874+,776403,41901,301270,414467,123586,78596,140764,19333,25766,121437,84348,ES,2011-01-07 15:30:00-05:00,-62168,-8.0071818372675,0.055523910283016065,,,290881,37.46520814576966,-1.8439737487057215,,,-259369,-33.406491216546044,1.6467855446010233,-6433,-0.8285645470200399,-0.5145681273846758,37089,4.777029455063929,0.6562324212063597,,,,,,NORMAL,,SPY
2011-01-11,S&P 500 Consolidated - CHICAGO MERCANTILE EXCHANGE,13874+,793466,47164,308535,410307,126489,90395,145968,17662,25287,121051,80299,ES,2011-01-14 15:30:00-05:00,-55573,-7.003828771491154,1.0033530657763468,,,283818,35.76939654629184,-1.6958115994778211,,,-261371,-32.94041584642568,0.4660753701203646,-7625,-0.9609737531286785,-0.1324092061086386,40752,5.135947854098348,0.3589183990344189,,,,,,NORMAL,,SPY
2011-01-18,S&P 500 Consolidated - CHICAGO MERCANTILE EXCHANGE,13874+,810682,54410,304634,414927,121840,84348,157129,20574,26027,124039,88666,ES,2011-01-21 15:30:00-05:00,-72781,-8.977749598486213,-1.9739208269950588,,,293087,36.153140195539066,0.38374364924722926,,,-250224,-30.865863556857065,2.074552289568615,-5453,-0.672643527301704,0.28833022582697454,35373,4.363363192965923,-0.7725846611324254,,,,,,NORMAL,,SPY
2011-01-25,S&P 500 Consolidated - CHICAGO MERCANTILE EXCHANGE,13874+,837948,52511,306324,423778,124854,89207,163207,21054,31417,129194,89942,ES,2011-01-28 15:30:00-05:00,-74000,-8.831096917708498,0.14665268077771465,,,298924,35.67333533823101,-0.47980485730805356,,,-253813,-30.28982705370739,0.5760365031496733,-10363,-1.2367115859217994,-0.5640680586200955,39252,4.6843002191066745,0.3209370261407516,2011-02-01,133.14999389648438,116.6859977722168,0.12372348972079274,299.84516570636873,NORMAL,,SPY
2011-02-01,S&P 500 Consolidated - CHICAGO MERCANTILE EXCHANGE,13874+,855085,51791,295218,422984,129872,87351,168582,20652,32983,128416,84540,ES,2011-02-04 15:30:00-05:00,-81231,-9.499757334066205,-0.6686604163577066,,,293112,34.278697439435845,-1.3946378987951675,,,-243427,-28.468163983697526,1.8216630700098655,-12331,-1.442078857657426,-0.20536727173562652,43876,5.131185788547337,0.4468855694406626,,,,,,NORMAL,,SPY
2011-02-08,S&P 500 Consolidated - CHICAGO MERCANTILE EXCHANGE,13874+,878168,57603,283112,427792,122613,85680,187038,22262,31035,120110,89649,ES,2011-02-11 15:30:00-05:00,-101358,-11.54198285521677,-2.0422255211505647,,,305179,34.751778702936114,0.47308126350026924,,,-225509,-25.679482741343342,2.7886812423541834,-8773,-0.9990115786500988,0.4430672790073271,30461,3.468698472274098,-1.6624873162732392,,,,,,NORMAL,,SPY
2011-02-15,S&P 500 Consolidated - CHICAGO MERCANTILE EXCHANGE,13874+,893447,58529,274812,428804,121034,82287,194947,24248,32649,120472,90898,ES,2011-02-18 15:30:00-05:00,-112660,-12.609589600726176,-1.0676067455094067,,,307770,34.44748261508517,-0.3042960878509433,,,-216283,-24.207703422810756,1.4717793185325867,-8401,-0.940290806281738,0.05872077236836082,29574,3.3101012147334985,-0.1585972575405994,,,,,,NORMAL,,SPY
2011-02-22,S&P 500 Consolidated - CHICAGO MERCANTILE EXCHANGE,13874+,917177,62820,266525,427807,120110,85373,194518,22781,44150,124567,98045,ES,2011-02-25 15:30:00-05:00,-109145,-11.900102161305833,0.709487439420343,,,307697,33.54826821867535,-0.8992143964098247,,,-203705,-22.209998724346555,1.9977046984642008,-21369,-2.329866536121163,-1.3895757298394251,26522,2.8916992030982023,-0.4184020116352962,2011-03-01,132.58999633789062,119.00799713134765,0.11899737301313958,298.5840874604152,NORMAL,,SPY
2011-03-01,S&P 500 Consolidated - CHICAGO MERCANTILE EXCHANGE,13874+,946217,60178,262849,415559,124846,82842,201206,23929,34297,142577,101888,ES,2011-03-04 15:30:00-05:00,-118364,-12.509181297736143,-0.6090791364303101,,,290713,30.72371348221391,-2.8245547364614367,,,-202671,-21.419082514898804,0.7909162094477509,-10368,-1.0957317401822204,1.2341347959389426,40689,4.300176386600537,1.4084771835023346,,,,,,NORMAL,,SPY
2011-03-08,S&P 500 Consolidated - CHICAGO MERCANTILE EXCHANGE,13874+,979528,60882,261911,413675,123342,86436,198022,23110,36709,142916,107036,ES,2011-03-11 15:30:00-05:00,-111586,-11.391813199826855,1.1173680979092886,,,290333,29.640091962659568,-1.0836215195543417,,,-201029,-20.523047835283933,0.8960346796148713,-13599,-1.388321722298903,-0.29258998211668263,35880,3.662988704763927,-0.6371876818366098,,,,,,NORMAL,,SPY
2011-03-15,S&P 500 Consolidated - CHICAGO MERCANTILE EXCHANGE,13874+,1173662,60912,231268,421791,131071,89313,214699,21667,34199,164431,146877,ES,2011-03-18 15:30:00-04:00,-125386,-10.683314276171505,0.70849892365535,,,290720,24.770334218880734,-4.869757743778834,,,-170356,-14.51491144810005,6.0081363871838835,-12532,-1.0677690851369475,0.3205526371619556,17554,1.495660590527767,-2.1673281142361605,,,,,,NORMAL,,SPY
2011-03-22,S&P 500 Consolidated - CHICAGO MERCANTILE EXCHANGE,13874+,808947,62793,246831,419833,128843,60224,176687,20157,28276,134017,116388,ES,2011-03-25 15:30:00-04:00,-116463,-14.396864071441021,-3.7135497952695165,,,290990,35.9714542485478,11.201120029667067,,,-184038,-22.750316151738,-8.235404703637952,-8119,-1.0036504245642792,0.06411866057266824,17629,2.1792527817026333,0.6835921911748664,2011-04-01,136.42999267578125,122.32899627685546,0.08493035925074553,307.2315105999296,NORMAL,,SPY
2011-03-29,S&P 500 Consolidated - CHICAGO MERCANTILE EXCHANGE,13874+,826332,64222,256677,413664,122102,70757,190574,18353,31395,150775,117022,ES,2011-04-01 15:30:00-04:00,-119817,-14.499862040923018,-0.10299796948199713,,,291562,35.28388105507229,-0.687573193475508,,,-192455,-23.290275579307107,-0.5399594275691051,-13042,-1.5783002473582046,-0.5746498227939254,33753,4.084677829250229,1.9054250475475953,2011-04-01,136.42999267578125,122.32899627685546,0.08493035925074553,307.2315105999296,NORMAL,,SPY
2011-04-05,S&P 500 Consolidated - CHICAGO MERCANTILE EXCHANGE,13874+,838763,65001,262760,399316,120698,77844,190849,21840,30276,159982,119399,ES,2011-04-08 15:30:00-04:00,-113005,-13.472816516703764,1.027045524219254,,,278618,33.21772658069085,-2.0661544743814417,,,-197759,-23.577458710028935,-0.28718313072182866,-8436,-1.0057668256706602,0.5725334216875444,40583,4.838434694901897,0.7537568656516687,,,,,,NORMAL,,SPY
2011-04-12,S&P 500 Consolidated - CHICAGO MERCANTILE EXCHANGE,13874+,843173,63961,255828,402003,118824,72572,194363,20034,29704,161712,121562,ES,2011-04-15 15:30:00-04:00,-121791,-14.44436669580264,-0.9715501790988768,,,283179,33.58492266711576,0.3671960864249115,,,-191867,-22.75535388348536,0.8221048265435762,-9670,-1.146858355284147,-0.1410915296134867,40150,4.761774867079472,-0.07665982782242509,,,,,,NORMAL,,SPY
2011-04-19,S&P 500 Consolidated - CHICAGO MERCANTILE EXCHANGE,13874+,859929,60705,258983,409646,121345,70776,187716,20614,30349,164937,128284,ES,2011-04-22 15:30:00-04:00,-116940,-13.598797109993965,0.8455695858086756,,,288301,33.52613994876321,-0.05878271835255333,,,-198278,-23.057484978411008,-0.3021310949256488,-9735,-1.1320702057960599,0.014788149488087043,36653,4.262328634108164,-0.49944623297130786,,,,,,NORMAL,,SPY
2011-04-26,S&P 500 Consolidated - CHICAGO MERCANTILE EXCHANGE,13874+,872221,55648,286987,411439,118054,78081,172189,21732,32781,164720,121609,ES,2011-04-29 15:30:00-04:00,-94108,-10.789467348298196,2.8093297616957695,,,293385,33.636543949297256,0.11040400053404653,,,-231339,-26.52297984111825,-3.465494862707242,-11049,-1.2667661062964546,-0.1346959005003947,43111,4.942669346415645,0.6803407123074807,2011-05-01,134.89999389648438,124.79199600219727,0.048336972138123116,303.78605240587615,NORMAL,,SPY
2011-05-03,S&P 500 Consolidated - CHICAGO MERCANTILE EXCHANGE,13874+,885078,51100,273250,403571,114351,94647,170013,22883,60331,162174,116430,ES,2011-05-06 15:30:00-04:00,-75366,-8.515181712798194,2.274285635500002,,,289220,32.67734595143027,-0.9591979978669869,,,-222150,-25.099482757451884,1.4234970836663656,-37448,-4.231039524200127,-2.964273417903672,45744,5.168358043019937,0.22568869660429236,,,,,,NORMAL,,SPY
2011-05-10,S&P 500 Consolidated - CHICAGO MERCANTILE EXCHANGE,13874+,863175,53866,268413,403444,113535,82038,171171,22817,59956,172117,121208,ES,2011-05-13 15:30:00-04:00,-89133,-10.326179511686506,-1.8109977988883124,,,289909,33.58635270947374,0.9090067580434749,,,-214547,-24.85556231355171,0.24392044390017276,-37139,-4.302603759376719,-0.07156423517659238,50909,5.897877023778492,0.7295189807585549,,,,,,NORMAL,,SPY
2011-05-17,S&P 500 Consolidated - CHICAGO MERCANTILE EXCHANGE,13874+,870469,55680,256995,406142,120158,77794,172284,24347,59430,169593,124690,ES,2011-05-20 15:30:00-04:00,-94490,-10.85506778529735,-0.5288882736108445,,,285984,32.854013181399914,-0.7323395280738296,,,-201315,-23.127187757404343,1.7283745561473687,-35083,-4.030356049440014,0.2722477099367051,44903,5.158483530142946,-0.7393934936355464,,,,,,NORMAL,,SPY
2011-05-24,S&P 500 Consolidated - CHICAGO MERCANTILE EXCHANGE,13874+,896257,57404,251970,410614,122425,80774,176847,24876,61783,178486,139129,ES,2011-05-27 15:30:00-04:00,-96073,-10.719358398316555,0.13570938698079615,,,288189,32.154727940758065,-0.6992852406418493,,,-194566,-21.70872863475543,1.4184591226489118,-36907,-4.1179036816448855,-0.08754763220487138,39357,4.391262773958808,-0.7672207561841375,2011-06-01,131.97000122070312,127.4579963684082,-0.008862130904028572,297.1878985969388,NORMAL,,SPY
2011-05-31,S&P 500 Consolidated - CHICAGO MERCANTILE EXCHANGE,13874+,905541,62578,254276,405706,116769,87112,184285,23653,65074,178771,137417,ES,2011-06-03 15:30:00-04:00,-97173,-10.730933221135212,-0.011574822818657182,,,288937,31.907666245923707,-0.24706169483435758,,,-191698,-21.16944456407827,0.5392840706771622,-41421,-4.574171683004966,-0.4562680013600806,41354,4.566772791071856,0.17551001711304792,,,,,,NORMAL,,SPY
2011-06-07,S&P 500 Consolidated - CHICAGO MERCANTILE EXCHANGE,13874+,948917,56731,237943,400823,123014,83317,194831,23687,53536,190506,145741,ES,2011-06-10 15:30:00-04:00,-111514,-11.751712741999564,-1.0207795208643518,,,277809,29.276427759224465,-2.6312384866992424,,,-181212,-19.09671762651528,2.07272693756299,-29849,-3.145585968003524,1.428585715001442,44765,4.717483193999054,0.1507104029271975,,,,,,NORMAL,,SPY
2011-06-14,S&P 500 Consolidated - CHICAGO MERCANTILE EXCHANGE,13874+,1072737,51893,238186,407525,125543,85520,189310,23283,51942,219516,182757,ES,2011-06-17 15:30:00-04:00,-103790,-9.675251249840361,2.0764614921592024,57.692307692307686,0.24356488813490262,281982,26.286219269028663,-2.9902084901958013,9.615384615384617,-1.6224026501132518,-186293,-17.366139137551887,1.730578488963392,-28659,-2.6715774695941317,0.4740084984093924,36759,3.4266553684640315,-1.2908278255350223,,,,,,NORMAL,,SPY
2011-06-21,S&P 500 Consolidated - CHICAGO MERCANTILE EXCHANGE,13874+,771574,36162,198745,403084,128875,68814,165447,23130,74926,125827,89024,ES,2011-06-24 15:30:00-04:00,-96633,-12.524138967876056,-2.8488877180356944,33.9622641509434,-0.5942089071158669,274209,35.53891136819022,9.252692099161557,86.79245283018868,1.0305879182681412,-162583,-21.07160168694124,-3.7054625493893525,-51796,-6.713030765681581,-4.041453296087449,36803,4.769860052308657,1.3432046838446259,2011-07-01,129.3300018310547,128.97799682617188,-0.024587032180981513,291.24279089329696,NORMAL,,SPY
2011-06-28,S&P 500 Consolidated - CHICAGO MERCANTILE EXCHANGE,13874+,767317,39625,205030,400133,124707,70634,162756,22777,72209,116571,85040,ES,2011-07-01 15:30:00-04:00,-92122,-12.005729053311734,0.5184099145643213,38.88888888888889,-0.4338760096721403,275426,35.894682380293936,0.3557710121037161,90.74074074074075,1.1109795006430143,-165405,-21.5562798686853,-0.4846781817440622,-49432,-6.442187518326845,0.27084324735473597,31531,4.1092534115626265,-0.6606066407460309,2011-07-01,129.3300018310547,128.97799682617188,-0.024587032180981513,291.24279089329696,NORMAL,,SPY
2011-07-05,S&P 500 Consolidated - CHICAGO MERCANTILE EXCHANGE,13874+,767993,48588,216084,389584,115276,76677,156078,23962,78904,113207,85676,ES,2011-07-08 15:30:00-04:00,-79401,-10.33876610854526,1.6669629447664747,56.36363636363636,0.06635615199635753,274308,35.71751305024915,-0.17716933004478364,87.27272727272727,1.039004346025705,-167496,-21.80957378517773,-0.25329391649242794,-54942,-7.153971455468995,-0.7117839371421502,27531,3.584798298942829,-0.5244551126197976,,,,,,NORMAL,,SPY
2011-07-12,S&P 500 Consolidated - CHICAGO MERCANTILE EXCHANGE,13874+,795442,48264,215215,388204,134851,88998,154758,23692,78438,123210,89108,ES,2011-07-15 15:30:00-04:00,-65760,-8.267101812577158,2.0716642959681018,71.42857142857143,0.687336373222448,253353,31.85059375793584,-3.8669192923133124,39.285714285714285,-0.0630140249547747,-166951,-20.988456732231892,0.8211170529458371,-54746,-6.882462831985236,0.2715086234837596,34102,4.287176186321567,0.7023778873787379,,,,,,NORMAL,,SPY
2011-07-19,S&P 500 Consolidated - CHICAGO MERCANTILE EXCHANGE,13874+,792364,47491,208472,386546,132649,80779,153187,22089,76632,122588,88553,ES,2011-07-22 15:30:00-04:00,-72408,-9.138224351434442,-0.8711225388572839,64.91228070175438,0.41590722257492163,253897,32.04297519826746,0.19238144033162285,43.859649122807014,-0.00810572699473799,-160981,-20.316546435729034,0.6719102965028583,-54543,-6.883578759257109,-0.0011159272718730406,34035,4.295374348153121,0.008198161831554529,,,,,,NORMAL,,SPY
2011-07-26,S&P 500 Consolidated - CHICAGO MERCANTILE EXCHANGE,13874+,802406,53932,214136,383287,125080,79675,158374,22666,77512,126707,91166,ES,2011-07-29 15:30:00-04:00,-78699,-9.807877807493963,-0.6696534560595211,56.896551724137936,0.2083728836655428,258207,32.17909636767422,0.13612116940675634,46.55172413793103,0.030768593035603937,-160204,-19.96545389740356,0.3510925383254744,-54846,-6.835193156581581,0.04838560267552783,35541,4.42930386861514,0.13392952046201856,2011-08-01,122.22000122070312,129.35099716186522,-0.10415592038363168,275.23152984254045,NORMAL,,SPY
2011-08-02,S&P 500 Consolidated - CHICAGO MERCANTILE EXCHANGE,13874+,855617,65828,182163,380893,171306,86773,166673,26289,67340,143377,115678,ES,2011-08-05 15:30:00-04:00,-79900,-9.338290379924663,0.4695874275692997,64.40677966101694,0.3503572735398449,209587,24.495422601467713,-7.683673766206507,3.389830508474576,-2.179060768686276,-116335,-13.5966209180042,6.368832979399359,-41051,-4.797824260153784,2.0373688964277967,27699,3.237312956614934,-1.1919909120002057,,,,,,NORMAL,,SPY
2011-08-09,S&P 500 Consolidated - CHICAGO MERCANTILE EXCHANGE,13874+,1011909,88799,162994,390050,196993,108337,195677,23863,71715,172610,156280,ES,2011-08-12 15:30:00-04:00,-87340,-8.631210909281368,0.7070794706432952,70.0,0.5652790125471702,193057,19.07849421242424,-5.416928389043473,0.0,-3.5905116415852683,-74195,-7.332181055806402,6.264439862197799,-47852,-4.728883723734051,0.06894053641973308,16330,1.6137814763975813,-1.6235314802173528,,,,,,NORMAL,,SPY
2011-08-16,S&P 500 Consolidated - CHICAGO MERCANTILE EXCHANGE,13874+,977983,95188,125322,399140,200378,100566,216336,22548,79167,119134,115373,ES,2011-08-19 15:30:00-04:00,-115770,-11.837629079442076,-3.206418170160708,37.704918032786885,-0.43580459497776436,198762,20.3236661577962,1.2451719453719612,1.639344262295082,-2.9132547349575395,-30134,-3.081239653450009,4.250941402356393,-56619,-5.789364436805139,-1.0604807130710876,3761,0.3845670119010249,-1.2292144644965564,,,,,,NORMAL,,SPY
2011-08-23,S&P 500 Consolidated - CHICAGO MERCANTILE EXCHANGE,13874+,1062071,128892,117096,401430,213749,91509,229378,24753,93878,119342,111825,ES,2011-08-26 15:30:00-04:00,-137869,-12.981147211438783,-1.1435181319967072,25.806451612903224,-0.7889098362874846,187681,17.67122913628185,-2.652437021514352,0.0,-3.3474365368597883,11796,1.1106602100989482,4.191899863548957,-69125,-6.5085102596719056,-0.7191458228667669,7517,0.7077681247298909,0.32320111282886604,2011-09-01,113.1500015258789,128.81699752807617,-0.16123049188049143,254.806477750044,NORMAL,,SPY
2011-08-30,S&P 500 Consolidated - CHICAGO MERCANTILE EXCHANGE,13874+,1113795,139795,124223,409859,210888,93187,245970,24560,92928,150638,144030,ES,2011-09-02 15:30:00-04:00,-152783,-13.717335775434439,-0.7361885639956558,19.047619047619047,-1.0095406229128325,198971,17.864238930862502,0.1930097945806537,1.5873015873015872,-3.013215297651502,15572,1.3981028824873518,0.2874426723884036,-68368,-6.138292953371132,0.37021730630077343,6608,0.5932869154557168,-0.11448120927417416,,,,,,NORMAL,,SPY
2011-09-06,S&P 500 Consolidated - CHICAGO MERCANTILE EXCHANGE,13874+,1193021,166889,133091,406896,228734,100804,245081,21821,100380,159361,148485,ES,2011-09-09 15:30:00-04:00,-144277,-12.093416628877446,1.623919146556993,34.375,-0.484830975921359,178162,14.933685157260435,-2.9305537736020675,0.0,-3.4131906120112476,33798,2.8329761169333985,1.4348732344460466,-78559,-6.584879897336259,-0.44658694396512644,10876,0.9116352520198723,0.3183483365641555,,,,,,NORMAL,,SPY
2011-09-13,S&P 500 Consolidated - CHICAGO MERCANTILE EXCHANGE,13874+,1322673,169890,129615,401617,234039,121024,248472,22884,95092,164512,172709,ES,2011-09-16 15:30:00-04:00,-127448,-9.635639345476925,2.457777283400521,60.0,0.2946299598133003,167578,12.669646995137876,-2.2640381621225583,0.0,-3.5580338046174442,40275,3.0449702987813314,0.21199418184793295,-72208,-5.459248052995714,1.1256318443405444,-8197,-0.6197298954465692,-1.5313651474664414,,,,,,NORMAL,,SPY
2011-09-20,S&P 500 Consolidated - CHICAGO MERCANTILE EXCHANGE,13874+,849368,106916,122894,395432,213679,67888,197372,19530,49447,144665,151039,ES,2011-09-23 15:30:00-04:00,-129484,-15.244746682239029,-5.609107336762104,4.545454545454546,-1.4887983149181065,181753,21.398616383004775,8.728969387866899,9.090909090909092,-1.6575694624540138,-15978,-1.8811634062032005,-4.926133704984532,-29917,-3.522265967166175,1.936982085829539,-6374,-0.75044032739637,-0.1307104319498008,,,,,,EXTREME_SHORT,short,SPY
2011-09-27,S&P 500 Consolidated - CHICAGO MERCANTILE EXCHANGE,13874+,881093,116445,122103,383032,243597,80056,170647,20310,54507,136371,145359,ES,2011-09-30 15:30:00-04:00,-90591,-10.281661527216764,4.963085155022265,56.71641791044776,0.10835496198038157,139435,15.825230707768647,-5.573385675236128,2.9850746268656714,-2.6038157274476332,-5658,-0.6421569573245957,1.2390064488786048,-34197,-3.881202097848922,-0.35893613068274677,-8988,-1.0200966299811711,-0.2696563025848011,2011-10-01,125.5,128.79199752807617,-0.04902630265103102,282.6178747361013,UNWINDING_SHORT,short,SPY
2011-10-04,S&P 500 Consolidated - CHICAGO MERCANTILE EXCHANGE,13874+,925564,130547,118180,372179,268429,83496,178137,19990,45166,147063,143364,ES,2011-10-07 15:30:00-04:00,-94641,-10.22522483588385,0.05643669133291418,57.35294117647059,0.12545180443668374,103750,11.20938152304973,-4.6158491847189165,0.0,-3.25180348643589,12367,1.3361582775475278,1.9783152348721234,-25176,-2.720071221439036,1.161130876409886,3699,0.39964821449408144,1.4197448444752525,,,,,,UNWINDING_SHORT,short,SPY
2011-10-11,S&P 500 Consolidated - CHICAGO MERCANTILE EXCHANGE,13874+,886848,116354,125158,375404,238383,76210,174697,17062,42065,137747,142474,ES,2011-10-14 15:30:00-04:00,-98487,-11.105285234899329,-0.8800603990154787,44.927536231884055,-0.1565378800147299,137021,15.450336472540954,4.240954949491224,4.3478260869565215,-2.3243610691668595,-8804,-0.9927293064876958,-2.3288875840352237,-25003,-2.8193106372230643,-0.0992394157840284,-4727,-0.5330112939308652,-0.9326595084249467,,,,,,NORMAL,,SPY
2011-10-18,S&P 500 Consolidated - CHICAGO MERCANTILE EXCHANGE,13874+,892321,117354,127919,375948,227219,74350,178416,16142,45341,138152,143051,ES,2011-10-21 15:30:00-04:00,-104066,-11.662395034970599,-0.5571098000712702,41.42857142857143,-0.33460758851541894,148729,16.667656594431826,1.2173201218908716,7.142857142857142,-2.033484156882776,-10565,-1.1839909628933982,-0.19126165640570247,-29199,-3.2722529224348635,-0.45294228521179924,-4899,-0.5490176741329633,-0.016006380202098103,,,,,,NORMAL,,SPY
2011-10-25,S&P 500 Consolidated - CHICAGO MERCANTILE EXCHANGE,13874+,896677,111134,124611,367220,229228,77493,174607,16480,43608,135502,135777,ES,2011-10-28 15:30:00-04:00,-97114,-10.83043280913863,0.831962225831969,47.88732394366197,-0.06268063769298532,137992,15.389265030774737,-1.2783915636570882,4.225352112676056,-2.156511142046687,-13477,-1.5029938316695979,-0.31900286877619966,-27128,-3.025392644173989,0.24686027826087464,-275,-0.030668791549242368,0.5183488825837209,2011-11-01,124.98999786376953,128.422998046875,-0.03355759611721459,281.4693829444493,NORMAL,,SPY
2011-11-01,S&P 500 Consolidated - CHICAGO MERCANTILE EXCHANGE,13874+,859816,103075,136780,345751,208442,81098,165262,17136,42459,113999,108116,ES,2011-11-04 15:30:00-04:00,-84164,-9.788605934292919,1.041826874845711,61.111111111111114,0.27741284639008046,137309,15.969579537947654,0.5803145071729165,8.333333333333332,-1.988742989282665,-33705,-3.9200247494812843,-2.4170309178116867,-25323,-2.9451650120490895,0.08022763212489936,5883,0.6842161578756385,0.7148849494248809,,,,,,NORMAL,,SPY
2011-11-08,S&P 500 Consolidated - CHICAGO MERCANTILE EXCHANGE,13874+,874939,97858,137505,356149,202511,76836,168790,17802,44937,117523,112424,ES,2011-11-11 15:30:00-05:00,-91954,-10.509761251927277,-0.7211553176343575,53.42465753424658,0.03874779735474515,153638,17.559852744019867,1.5902732060722133,10.95890410958904,-1.6918992105562947,-39647,-4.531401617712778,-0.6113768682314933,-27135,-3.101359066174899,-0.15619405412580933,5099,0.5827834854772733,-0.10143267239836518,,,,,,NORMAL,,SPY
2011-11-15,S&P 500 Consolidated - CHICAGO MERCANTILE EXCHANGE,13874+,897885,99892,139440,355433,212700,80136,163809,17610,46507,126609,117225,ES,2011-11-18 15:30:00-05:00,-83673,-9.318899413622011,1.1908618383052652,70.27027027027027,0.43195452365911796,142733,15.896579183302984,-1.663273560716883,8.108108108108109,-1.887458986013788,-39548,-4.404572968698664,0.12682864901411328,-28897,-3.2183408788430587,-0.11698181266815988,9384,1.045122705023472,0.4623392195461986,,,,,,NORMAL,,SPY
2011-11-22,S&P 500 Consolidated - CHICAGO MERCANTILE EXCHANGE,13874+,901580,108242,124964,355910,226178,75673,173413,17565,44619,129024,117240,ES,2011-11-25 15:30:00-05:00,-97740,-10.840968078262605,-1.522068664640594,45.33333333333333,-0.07712971828453208,129732,14.389405266310256,-1.5071739169927287,2.666666666666667,-2.044313772427903,-16722,-1.854743894052663,2.5498290746460013,-27054,-3.0007320481820803,0.21760883066097847,11784,1.3070387541870938,0.2619160491636219,2011-12-01,125.5,127.65799865722656,0.02683684132332727,282.6178747361013,NORMAL,,SPY
2011-11-29,S&P 500 Consolidated - CHICAGO MERCANTILE EXCHANGE,13874+,902281,96176,131872,357475,212596,74200,175309,18486,37949,128037,116647,ES,2011-12-02 15:30:00-05:00,-101109,-11.20593251991342,-0.3649644416508142,42.10526315789473,-0.19869233153986388,144879,16.056971165302162,1.6675658989919064,11.842105263157894,-1.7458846606165068,-35696,-3.9561954646058157,-2.1014515705531527,-19463,-2.1570885345031092,0.8436435136789711,11390,1.262356183938263,-0.04468257024883071,,,,,,NORMAL,,SPY
2011-12-06,S&P 500 Consolidated - CHICAGO MERCANTILE EXCHANGE,13874+,926993,92555,167949,348918,200244,90972,156434,15866,37030,133419,120073,ES,2011-12-09 15:30:00-05:00,-65462,-7.061757747901009,4.144174772012411,85.71428571428571,1.197566700283881,148674,16.0383088113934,-0.018662353908762697,11.688311688311687,-1.7034312299092966,-75394,-8.133178999194168,-4.176983534588352,-21164,-2.2830808862634346,-0.12599235176032542,13346,1.4397088219652143,0.17735263802695123,,,,,,NORMAL,,SPY
2011-12-13,S&P 500 Consolidated - CHICAGO MERCANTILE EXCHANGE,13874+,1023384,93917,158403,350071,215366,99693,163845,19485,39467,139809,125894,ES,2011-12-16 15:30:00-05:00,-64152,-6.268614713538613,0.7931430343623953,92.3076923076923,1.4452886256174142,134705,13.162703344980965,-2.875605466412434,2.564102564102564,-2.049732508297701,-64486,-6.301251534125997,1.831927465068171,-19982,-1.952541763404548,0.33053912285888654,13915,1.3597046660881937,-0.08000415587702059,,,,,,EXTREME_LONG,long,SPY
2011-12-20,S&P 500 Consolidated - CHICAGO MERCANTILE EXCHANGE,13874+,745391,37228,133086,352776,219597,80101,134407,27127,29942,129351,109551,ES,2011-12-23 15:30:00-05:00,-54306,-7.285572270124002,-1.016957556585389,82.27848101265823,1.078287383486213,133179,17.866998662446957,4.704295317465991,20.253164556962027,-1.3616143696165839,-95858,-12.860096244789647,-6.558844710663649,-2815,-0.3776541439325133,1.574887619472035,19800,2.6563239963992054,1.2966193303110116,,,,,,UNWINDING_LONG,long,SPY
2011-12-27,S&P 500 Consolidated - CHICAGO MERCANTILE EXCHANGE,13874+,764761,41891,145608,359822,211754,77711,135407,28229,30392,122868,107360,ES,2011-12-30 15:30:00-05:00,-57696,-7.544317767250161,-0.25874549712615824,80.0,0.9776183808051078,148068,19.361342955511592,1.4943442930646356,22.5,-1.140862000573397,-103717,-13.562014799394843,-0.7019185546051965,-2163,-0.28283346038827817,0.09482068354423512,15508,2.027823071521691,-0.6285009248775144,2012-01-01,131.32000732421875,127.53099975585937,0.16058334558823778,295.72415442470094,UNWINDING_LONG,long,SPY
2012-01-03,S&P 500 Consolidated - CHICAGO MERCANTILE EXCHANGE,13874+,788830,41821,158971,356420,211704,84966,128283,26016,32324,129631,107572,ES,2012-01-06 15:30:00-05:00,-43317,-5.491297237681123,2.0530205295690376,93.82716049382715,1.650029082946345,144716,18.345651154241093,-1.0156918012704992,20.98765432098765,-1.2582409194558501,-117150,-14.851108603881698,-1.2890938044868552,-6308,-0.7996653271300533,-0.5168318667417752,22059,2.7964200144517832,0.7685969429300923,,,,,,EXTREME_LONG,long,SPY
2012-01-10,S&P 500 Consolidated - CHICAGO MERCANTILE EXCHANGE,13874+,755841,41532,156166,358190,211151,85247,141474,28857,31467,119316,92884,ES,2012-01-13 15:30:00-05:00,-56227,-7.438998413687535,-1.9477011760064116,80.48780487804879,0.9707899672262467,147039,19.45369462625076,1.1080434720096655,24.390243902439025,-1.0934925825829347,-114634,-15.16641727559103,-0.31530867170933163,-2610,-0.34531072011176955,0.4543546070182838,26432,3.4970317831395756,0.7006117686877924,,,,,,UNWINDING_LONG,long,SPY
2012-01-17,S&P 500 Consolidated - CHICAGO MERCANTILE EXCHANGE,13874+,766599,39662,162479,363877,203560,86564,146268,29635,33232,122549,96747,ES,2012-01-20 15:30:00-05:00,-59704,-7.788165651142253,-0.34916723745471856,75.90361445783132,0.844288027646975,160317,20.912758821756878,1.4590641955061194,26.506024096385545,-0.8882693128125749,-122817,-16.02102272504921,-0.8546054494581803,-3597,-0.46921532639619934,-0.12390460628442979,25802,3.3657753271266984,-0.13125645601287728,,,,,,UNWINDING_LONG,long,SPY
2012-01-24,S&P 500 Consolidated - CHICAGO MERCANTILE EXCHANGE,13874+,794994,40312,184102,368020,191583,87093,144618,32287,33151,127842,102100,ES,2012-01-27 15:30:00-05:00,-57525,-7.235903667197488,0.5522619839447653,82.14285714285714,1.0182730867369836,176437,22.193500831452816,1.2807420096959383,28.57142857142857,-0.7111089392658095,-143790,-18.0869289579544,-2.0659062329051885,-864,-0.10868006550992838,0.36053526088627097,25742,3.238011859209,-0.12776346791769821,2012-02-01,137.02000427246094,127.59000091552734,0.0917928627287724,308.5601785164497,NORMAL,,SPY
2012-01-31,S&P 500 Consolidated - CHICAGO MERCANTILE EXCHANGE,13874+,799299,43585,194780,367748,190494,94168,153691,33745,30712,127835,97404,ES,2012-02-03 15:30:00-05:00,-59523,-7.446900346428558,-0.21099667923107024,78.82352941176471,0.9364123940827916,177254,22.1761818793718,-0.017318952081016192,28.235294117647058,-0.70712022929752,-151195,-18.915950101276245,-0.829021143321846,3033,0.37945749963405434,0.4881375651439827,30431,3.8072110686989475,0.5691992094899474,,,,,,UNWINDING_LONG,long,SPY
2012-02-07,S&P 500 Consolidated - CHICAGO MERCANTILE EXCHANGE,13874+,798596,46840,202721,372939,176647,86819,153758,33297,33451,123162,96481,ES,2012-02-10 15:30:00-05:00,-66939,-8.382085560158078,-0.93518521372952,69.76744186046511,0.6169345189505038,196292,24.579637263397263,2.403455384025463,33.72093023255814,-0.3842936601545106,-155881,-19.51938151455805,-0.6034314132818039,-154,-0.019283843144718982,-0.3987413427787733,26681,3.3409884347029037,-0.4662226339960438,,,,,,NORMAL,,SPY
2012-02-14,S&P 500 Consolidated - CHICAGO MERCANTILE EXCHANGE,13874+,796294,47244,200656,381164,172950,89195,167259,31768,34291,113302,87516,ES,2012-02-17 15:30:00-05:00,-78064,-9.803414316822682,-1.4213287566646038,54.02298850574713,0.1402429193074799,208214,26.147880054351784,1.5682427909545211,37.93103448275862,-0.17410249904412153,-153412,-19.265748580298233,0.2536329342598158,-2523,-0.31684277415125567,-0.2975589310065367,25786,3.2382511986778755,-0.10273723602502827,,,,,,NORMAL,,SPY
2012-02-21,S&P 500 Consolidated - CHICAGO MERCANTILE EXCHANGE,13874+,808052,46115,199604,382375,166408,90622,172710,31195,35683,114044,89945,ES,2012-02-24 15:30:00-05:00,-82088,-10.158752159514487,-0.3553378426918048,52.27272727272727,0.020808939109842044,215967,26.72686906288209,0.5789890085303071,39.77272727272727,-0.09598815068231423,-153489,-18.994940919643785,0.27080766065444806,-4488,-0.5554098003593828,-0.23856702620812714,24099,2.982357571047408,-0.2558936276304675,2012-03-01,140.80999755859375,128.18100128173828,0.12657012533168396,317.09499802076004,NORMAL,,SPY
2012-02-28,S&P 500 Consolidated - CHICAGO MERCANTILE EXCHANGE,13874+,811993,42595,194790,386693,168554,95476,176377,33057,35598,112881,95382,ES,2012-03-02 15:30:00-05:00,-80901,-9.963263230101738,0.19548892941274865,52.80898876404494,0.08633014108145132,218139,26.864640458723166,0.13777139584107445,40.44943820224719,-0.07699743312769643,-152195,-18.743388181917826,0.25155273772595876,-2541,-0.31293373218734644,0.24247606817203637,17499,2.1550678392547717,-0.8272897317926362,,,,,,NORMAL,,SPY
2012-03-06,S&P 500 Consolidated - CHICAGO MERCANTILE EXCHANGE,13874+,846787,44347,176555,377959,172175,91677,188615,36120,28584,128301,112477,ES,2012-03-09 15:30:00-05:00,-96938,-11.447743056990719,-1.4844798268889807,34.44444444444444,-0.41537930916567006,205784,24.301742941259135,-2.5628975174640303,31.11111111111111,-0.421741253633908,-132208,-15.61289911158296,3.130489070334866,7536,0.8899522548173271,1.2028859870046735,15824,1.8687107855930711,-0.2863570536617006,,,,,,NORMAL,,SPY
2012-03-13,S&P 500 Consolidated - CHICAGO MERCANTILE EXCHANGE,13874+,967328,41088,197395,390623,170408,103392,189418,38793,35376,153040,134340,ES,2012-03-16 15:30:00-04:00,-86026,-8.893157233120514,2.5545858238702053,67.03296703296702,0.4538296942845715,220215,22.765287472294816,-1.53645546896432,28.57142857142857,-0.6269130105732645,-156307,-16.15863492010983,-0.5457358085268691,3417,0.353241092990175,-0.5367111618271521,18700,1.9331602103939924,0.0644494248009213,,,,,,NORMAL,,SPY
2012-03-20,S&P 500 Consolidated - CHICAGO MERCANTILE EXCHANGE,13874+,761130,37947,202710,388818,163418,84966,177398,39817,29322,131036,109737,ES,2012-03-23 15:30:00-04:00,-92432,-12.14404897980634,-3.250891746685827,25.0,-0.6567297476199125,225400,29.613863597545755,6.84857612525094,47.82608695652174,0.3075527702362176,-164763,-21.647156201962872,-5.488521281853043,10495,1.3788708893355932,1.0256297963454182,21299,2.7983393112871653,0.8651791008931728,,,,,,NORMAL,,SPY
2012-03-27,S&P 500 Consolidated - CHICAGO MERCANTILE EXCHANGE,13874+,772728,38062,212834,393739,159070,83607,181354,39225,29141,138569,110802,ES,2012-03-30 15:30:00-04:00,-97747,-12.649599859200132,-0.5055508793937911,20.43010752688172,-0.8244862706623851,234669,30.36890082926981,0.755037231724053,52.68817204301075,0.4087662853770125,-174772,-22.617531654087855,-0.9703754521249834,10084,1.304987007071052,-0.07388388226454112,27767,3.593373088590034,0.7950337773028688,2012-04-01,139.8699951171875,128.97100067138672,0.114501953125,314.9781733814215,NORMAL,,SPY
2012-04-03,S&P 500 Consolidated - CHICAGO MERCANTILE EXCHANGE,13874+,776067,40682,220039,380452,159573,92376,174273,39939,30301,135148,104412,ES,2012-04-06 15:30:00-04:00,-81897,-10.552825980231088,2.096773878969044,46.808510638297875,-0.0992667972287335,220879,28.461331302580835,-1.9075695266889738,43.61702127659575,0.1448171919026095,-179357,-23.11102005368093,-0.4934883995930761,9638,1.2419030831100923,-0.06308392396095974,30736,3.9604827933670674,0.3671097047770333,,,,,,NORMAL,,SPY
2012-04-10,S&P 500 Consolidated - CHICAGO MERCANTILE EXCHANGE,13874+,790586,44258,194865,375351,172751,84439,180624,37782,27305,143003,109289,ES,2012-04-13 15:30:00-04:00,-96185,-12.166291839217998,-1.6134658589869098,25.263157894736842,-0.6540907099865406,202600,25.626560551287273,-2.8347707512935614,34.73684210526316,-0.2464927918248463,-150607,-19.050046421262202,4.0609736324187296,10477,1.3252195207099544,0.08331643759986207,33714,4.264431700030104,0.30394890666303676,,,,,,NORMAL,,SPY
2012-04-17,S&P 500 Consolidated - CHICAGO MERCANTILE EXCHANGE,13874+,796135,43771,203567,374315,170943,92328,178866,39555,29891,147000,113701,ES,2012-04-20 15:30:00-04:00,-86538,-10.8697645499821,1.2965272892358968,39.58333333333333,-0.20163153972894182,203372,25.544913865110818,-0.08164668617645532,34.375,-0.2564450891233842,-159796,-20.071470290842633,-1.0214238695804312,9664,1.2138644827824427,-0.11135503792751167,33299,4.182582099769512,-0.0818496002605924,,,,,,NORMAL,,SPY
2012-04-24,S&P 500 Consolidated - CHICAGO MERCANTILE EXCHANGE,13874+,805068,51584,197706,370066,175325,83360,174887,39077,27740,151467,119896,ES,2012-04-27 15:30:00-04:00,-91527,-11.3688533142542,-0.4990887642720985,37.11340206185567,-0.3737334881381616,194741,24.18938524447624,-1.3555286206345762,29.896907216494846,-0.4436446710755964,-146122,-18.15026805189127,1.9212022389513628,11337,1.408204027485877,0.19433954470343417,31571,3.9215320941833487,-0.2610500055861631,2012-05-01,131.47000122070312,129.18500061035155,0.0011422014020609358,296.0619309685081,NORMAL,,SPY
2012-05-01,S&P 500 Consolidated - CHICAGO MERCANTILE EXCHANGE,13874+,816564,50687,220169,363323,164589,102161,177123,39671,28836,149634,114758,ES,2012-05-04 15:30:00-04:00,-74962,-9.180174487241661,2.188678827012538,66.3265306122449,0.3912573871956954,198734,24.3378351237625,0.1484498792862574,31.63265306122449,-0.4202111482864806,-169482,-20.755507222948843,-2.6052391710575726,10835,1.326901504352384,-0.08130252313349295,34876,4.2710675464507375,0.3495354522673888,,,,,,NORMAL,,SPY
2012-05-08,S&P 500 Consolidated - CHICAGO MERCANTILE EXCHANGE,13874+,822718,54782,194855,362508,171389,85931,191008,44228,25505,151889,116580,ES,2012-05-11 15:30:00-04:00,-105077,-12.771934004118057,-3.5917595168763956,19.19191919191919,-0.8683161404798566,191119,23.23019552264567,-1.10763960111683,27.27272727272727,-0.5731372902591324,-140073,-17.02563940499661,3.7298678179522327,18723,2.2757494062364017,0.9488479018840177,35309,4.2917500285638575,0.02068248211311996,,,,,,NORMAL,,SPY
2012-05-15,S&P 500 Consolidated - CHICAGO MERCANTILE EXCHANGE,13874+,851882,56969,175884,356911,181966,92848,189673,38125,28760,160419,128990,ES,2012-05-18 15:30:00-04:00,-96825,-11.36601078553133,1.405923218586727,38.0,-0.367955760027496,174945,20.53629493286629,-2.6939005897793784,22.0,-0.9486142278687598,-118915,-13.959092926015575,3.066546478981035,9365,1.0993306584714784,-1.1764187477649233,31429,3.6893607330592735,-0.602389295504584,,,,,,NORMAL,,SPY
2012-05-22,S&P 500 Consolidated - CHICAGO MERCANTILE EXCHANGE,13874+,873488,60464,151868,359681,182562,78011,198249,35248,27749,166960,139935,ES,2012-05-25 15:30:00-04:00,-120238,-13.765272104482259,-2.399261318950929,11.881188118811881,-1.2105133862939252,177119,20.27721044822596,-0.2590844846403293,20.792079207920793,-0.9762299725449864,-91404,-10.464253658893998,3.494839267121577,7499,0.8585120803033356,-0.24081857816814278,27025,3.0939177183888042,-0.5954430146704692,2012-06-01,136.10000610351562,130.5730010986328,-0.006714334697552035,306.48840220355385,NORMAL,,SPY
2012-05-29,S&P 500 Consolidated - CHICAGO MERCANTILE EXCHANGE,13874+,881189,60190,142856,360591,182411,81316,203574,33137,31354,168361,143401,ES,2012-06-01 15:30:00-04:00,-122258,-13.874208597701514,-0.10893649321925558,11.76470588235294,-1.234242124159944,178180,20.220406745885388,-0.056803702340573636,20.588235294117645,-0.9749324968102452,-82666,-9.381188371620617,1.0830652872733815,1783,0.20234024709795514,-0.6561718332053804,24960,2.832536493306203,-0.2613812250826011,2012-06-01,136.10000610351562,130.5730010986328,-0.006714334697552035,306.48840220355385,NORMAL,,SPY
2012-06-05,S&P 500 Consolidated - CHICAGO MERCANTILE EXCHANGE,13874+,933308,60587,128868,357833,197795,84497,202297,29514,29399,179542,153615,ES,2012-06-08 15:30:00-04:00,-117800,-12.62177116236012,1.2524374353413936,22.330097087378643,-0.7804010236365466,160038,17.147394000694305,-3.0730127451910825,12.62135922330097,-1.3988652009194313,-68281,-7.316020006257313,2.065168365363304,115,0.012321763019281952,-0.1900184840786732,25927,2.7779682591384622,-0.054568234167740925,,,,,,NORMAL,,SPY
2012-06-12,S&P 500 Consolidated - CHICAGO MERCANTILE EXCHANGE,13874+,1016255,51971,140438,373443,181679,80804,213327,32445,30124,182896,155992,ES,2012-06-15 15:30:00-04:00,-132523,-13.04032944487358,-0.41855828251345883,19.230769230769234,-0.9213259459581431,191764,18.869673457941165,1.7222794572468594,18.269230769230766,-1.1375033379319186,-88467,-8.705197022400874,-1.3891770161435613,2321,0.22838756020880585,0.2160657971895239,26904,2.647367048624607,-0.1306012105138552,,,,,,NORMAL,,SPY
2012-06-19,S&P 500 Consolidated - CHICAGO MERCANTILE EXCHANGE,13874+,740602,44749,137155,364100,177275,65277,180663,28545,30816,140045,116807,ES,2012-06-22 15:30:00-04:00,-115386,-15.580028139270485,-2.5396986943969058,1.9047619047619049,-1.8054996809219543,186825,25.226099848501626,6.356426390560461,39.04761904761905,-0.23450994635071398,-92406,-12.47714696962741,-3.7719499472265365,-2271,-0.30664243412791214,-0.535029994336718,23238,3.1377176945241843,0.4903506458995772,,,,,,EXTREME_SHORT,short,SPY
2012-06-26,S&P 500 Consolidated - CHICAGO MERCANTILE EXCHANGE,13874+,774074,51758,133063,367589,198930,74950,185575,28212,29557,142861,118246,ES,2012-06-29 15:30:00-04:00,-110625,-14.291269310169312,1.2887588291011731,11.320754716981133,-1.3217428064943832,168659,21.788485338611036,-3.43761450989059,27.358490566037734,-0.717199298166328,-81305,-10.503517751532799,1.9736292180946116,-1345,-0.1737559974886122,0.13288643663929994,24615,3.179928533964453,0.04221083944026871,2012-07-01,137.7100067138672,133.02900161743165,-0.02201541721806079,310.1140193415728,UNWINDING_SHORT,short,SPY
2012-07-03,S&P 500 Consolidated - CHICAGO MERCANTILE EXCHANGE,13874+,773321,47400,146507,361624,180317,76684,176558,27938,35966,147286,121583,ES,2012-07-06 15:30:00-04:00,-99874,-12.914947350453433,1.3763219597158791,22.429906542056074,-0.8280627352424309,181307,23.445244600883722,1.6567592622726863,32.71028037383177,-0.4784135250606023,-99107,-12.81576473417895,-2.312246982646151,-8028,-1.0381200045000718,-0.8643640070114595,25703,3.3237168006558724,0.14378826669141942,,,,,,UNWINDING_SHORT,short,SPY
2012-07-10,S&P 500 Consolidated - CHICAGO MERCANTILE EXCHANGE,13874+,794026,50270,128923,361817,187836,71292,194078,27352,27720,149973,122147,ES,2012-07-13 15:30:00-04:00,-122786,-15.46372536919446,-2.548778018741027,2.7777777777777777,-1.7059979571986204,173981,21.911247238755404,-1.5339973621283178,27.77777777777778,-0.6929052923330028,-78653,-9.905595030893195,2.9101697032857547,-368,-0.0463460894227645,0.9917739150773073,27826,3.504419250755013,0.18070245009914077,,,,,,EXTREME_SHORT,short,SPY
2012-07-17,S&P 500 Consolidated - CHICAGO MERCANTILE EXCHANGE,13874+,801482,51842,127321,360923,185772,68919,194064,26426,29702,154368,125619,ES,2012-07-20 15:30:00-04:00,-125145,-15.614199695064892,-0.15047432587043197,1.834862385321101,-1.7275570783426566,175151,21.85339159207568,-0.057855646679723094,27.522935779816514,-0.6964326526460406,-75479,-9.417429212384059,0.48816581850913643,-3276,-0.40874280395567214,-0.36239671453290767,28749,3.5869801193289432,0.08256086857393008,,,,,,EXTREME_SHORT,short,SPY
2012-07-24,S&P 500 Consolidated - CHICAGO MERCANTILE EXCHANGE,13874+,817472,64728,119253,356946,191751,59558,195478,27516,28494,150480,124252,ES,2012-07-27 15:30:00-04:00,-135920,-16.626869177170594,-1.0126694821057018,0.9090909090909091,-2.041949284882242,165195,20.20803159007281,-1.645360002002871,20.909090909090907,-0.9258449208224256,-54525,-6.669953221639395,2.7474759907446638,-978,-0.1196371251859391,0.28910567876973303,26228,3.208427933923119,-0.378552185405824,2012-08-01,141.16000366210938,134.5950019836426,0.009222911202942883,317.8831891053835,EXTREME_SHORT,short,SPY
2012-07-31,S&P 500 Consolidated - CHICAGO MERCANTILE EXCHANGE,13874+,781796,47144,145858,354476,167810,78580,190087,26752,32778,147436,117855,ES,2012-08-03 15:30:00-04:00,-111507,-14.262927924931823,2.363941252238771,14.414414414414415,-1.2006102023035112,186666,23.876561148944226,3.668529558871416,36.03603603603604,-0.39583532953393114,-98714,-12.626567544474518,-5.956614322835123,-6026,-0.7707893107664915,-0.6511521855805524,29581,3.783723631228607,0.5752956973054877,,,,,,UNWINDING_SHORT,short,SPY
2012-08-07,S&P 500 Consolidated - CHICAGO MERCANTILE EXCHANGE,13874+,802712,47680,155579,359527,166175,84556,193191,30275,35201,144375,116264,ES,2012-08-10 15:30:00-04:00,-108635,-13.533496447044518,0.7294314778873048,21.428571428571427,-0.9428435630298928,193352,24.087343904164882,0.21078275522065582,36.607142857142854,-0.3636778969893103,-107899,-13.441807273343366,-0.815239728868848,-4926,-0.613669659853098,0.15711965091339353,28111,3.5020032091210793,-0.28172042210752757,,,,,,UNWINDING_SHORT,short,SPY
2012-08-14,S&P 500 Consolidated - CHICAGO MERCANTILE EXCHANGE,13874+,820949,57230,154683,369559,164417,84025,213695,30478,36982,141895,113409,ES,2012-08-17 15:30:00-04:00,-129670,-15.795134655136922,-2.2616382080924033,1.7699115044247788,-1.6942785192293948,205142,24.988397574027132,0.9010536698622502,42.47787610619469,-0.23258744760346567,-97453,-11.87077394576277,1.5710333275805972,-6504,-0.7922538428087493,-0.17858418295565137,28486,3.4698866799277424,-0.03211652919333696,,,,,,EXTREME_SHORT,short,SPY
2012-08-21,S&P 500 Consolidated - CHICAGO MERCANTILE EXCHANGE,13874+,834977,57393,147526,371184,163704,83996,219374,29280,42509,147026,115767,ES,2012-08-24 15:30:00-04:00,-135378,-16.213380727852385,-0.41824607271546377,1.7543859649122806,-1.8051506960246286,207480,24.84858864375905,-0.1398089302680816,42.10526315789473,-0.25166231942945916,-90133,-10.794668595661916,1.0761053501008533,-13229,-1.5843550181621768,-0.7921011753534275,31259,3.7436959341395033,0.27380925421176094,,,,,,EXTREME_SHORT,short,SPY
2012-08-28,S&P 500 Consolidated - CHICAGO MERCANTILE EXCHANGE,13874+,848540,54430,144665,372881,167664,91495,225754,27419,41366,146563,113338,ES,2012-08-31 15:30:00-04:00,-134259,-15.8223536898673,0.39102703798508465,2.608695652173913,-1.643240374134552,205217,24.184717279091146,-0.6638713646679051,36.52173913043478,-0.3465516144577353,-90235,-10.63414806608999,0.16052052957192586,-13947,-1.643646734390836,-0.05929171622865925,33225,3.9155490607396235,0.1718531266001202,2012-09-01,143.97000122070312,136.49300231933594,0.09507872430164375,324.21112167927515,EXTREME_SHORT,short,SPY
2012-09-04,S&P 500 Consolidated - CHICAGO MERCANTILE EXCHANGE,13874+,861624,64101,135732,363840,169020,86395,230663,27429,38414,144615,112550,ES,2012-09-07 15:30:00-04:00,-144268,-16.74373044390593,-0.9213767540386275,0.0,-1.9190067791547243,194820,22.610790785771982,-1.5739264933191635,30.17241379310345,-0.573473153070995,-71631,-8.313487089496114,2.320660976593876,-10985,-1.2749180617067306,0.3687286726841055,32065,3.721460869242268,-0.19408819149735557,,,,,,EXTREME_SHORT,short,SPY
2012-09-11,S&P 500 Consolidated - CHICAGO MERCANTILE EXCHANGE,13874+,871458,55255,145631,363043,163763,97927,229323,28459,41296,144693,109363,ES,2012-09-14 15:30:00-04:00,-131396,-15.077720326166034,1.6660101177398943,10.256410256410255,-1.3418646116414459,199280,22.86742447714061,0.2566336913686271,31.62393162393162,-0.5328502158411477,-90376,-10.370666170945702,-2.057179081449588,-12837,-1.4730486150795563,-0.1981305533728257,35330,4.054125385273874,0.3326645160316062,,,,,,UNWINDING_SHORT,short,SPY
2012-09-18,S&P 500 Consolidated - CHICAGO MERCANTILE EXCHANGE,13874+,976025,52962,186474,380691,158206,106346,218300,28483,43010,141699,104193,ES,2012-09-21 15:30:00-04:00,-111954,-11.470402909761532,3.607317416404502,44.06779661016949,-0.1620940293815747,222485,22.79501037370969,-0.07241410343091914,31.35593220338983,-0.5405443643076319,-133512,-13.679157808457775,-3.3084916375120734,-14527,-1.4883840065572091,-0.015335391477652838,37506,3.8427294382828308,-0.21139594699104336,,,,,,UNWINDING_SHORT,short,SPY
2012-09-25,S&P 500 Consolidated - CHICAGO MERCANTILE EXCHANGE,13874+,754465,43351,222311,385312,160161,95781,172439,26558,34438,117362,79013,ES,2012-09-28 15:30:00-04:00,-76658,-10.160577362766993,1.3098255469945386,61.34453781512605,0.2629908329305522,225151,29.842471155056895,7.047460781347205,59.66386554621849,0.4951646809258843,-178960,-23.720119554916398,-10.040961746458622,-7880,-1.0444487153148256,0.4439352912423835,38349,5.082939566447748,1.2402101281649172,2012-10-01,141.35000610351562,138.0780029296875,0.03857457578662361,318.311062302076,CONFIRMED_BULLISH,short,SPY
2012-10-02,S&P 500 Consolidated - CHICAGO MERCANTILE EXCHANGE,13874+,777618,48554,218832,391461,164155,103191,186699,27287,34687,112142,78262,ES,2012-10-05 15:30:00-04:00,-83508,-10.738948944083084,-0.578371581316091,53.333333333333336,0.07369285153322011,227306,29.231062038172986,-0.6114091168839089,56.666666666666664,0.40272060561635964,-170278,-21.89738406261172,1.8227354923046768,-7400,-0.9516240622002062,0.0928246531146194,33880,4.3568950307220256,-0.7260445357257224,,,,,,NORMAL,,SPY
2012-10-09,S&P 500 Consolidated - CHICAGO MERCANTILE EXCHANGE,13874+,775286,53425,232416,387818,158822,102058,185393,27602,31591,111301,73981,ES,2012-10-12 15:30:00-04:00,-83335,-10.748936521490133,-0.00998757740704903,52.892561983471076,0.07012627831665222,228996,29.536970872684403,0.3059088345114169,57.85123966942148,0.4459276450214577,-178991,-23.087093021156065,-1.1897089585443439,-3989,-0.5145198030146294,0.4371042591855768,37320,4.8137074576349885,0.456812426912963,,,,,,NORMAL,,SPY
2012-10-16,S&P 500 Consolidated - CHICAGO MERCANTILE EXCHANGE,13874+,784344,50527,241358,389004,155354,108623,177270,27693,35493,113343,79717,ES,2012-10-19 15:30:00-04:00,-68647,-8.75215466682986,1.9967818546602736,76.22950819672131,0.7247608947929376,233650,29.789225135909753,0.2522542632253497,59.83606557377049,0.48108673239187555,-190831,-24.330013361484248,-1.2429203403281832,-7800,-0.994461613781708,-0.47994181076707865,33626,4.287149516028681,-0.5265579416063071,,,,,,NORMAL,,SPY
2012-10-23,S&P 500 Consolidated - CHICAGO MERCANTILE EXCHANGE,13874+,805026,57816,237338,395890,161377,104514,183579,28572,39508,110474,75464,ES,2012-10-26 15:30:00-04:00,-79065,-9.821421916807656,-1.0692672499777967,63.41463414634146,0.3688859488458858,234513,29.131108808908035,-0.6581163270017178,55.28455284552846,0.38096307076702113,-179522,-22.30014931194769,2.0298640495365596,-10936,-1.3584654408677483,-0.3640038270860403,35010,4.348927860715057,0.061778344686375775,2012-11-01,142.14999389648438,139.16100158691407,0.032241572624729875,320.11258301812103,NORMAL,,SPY
2012-10-30,S&P 500 Consolidated - CHICAGO MERCANTILE EXCHANGE,13874+,809024,57210,239303,399499,162442,105925,180471,29755,43115,111871,78930,ES,2012-11-02 15:30:00-04:00,-74546,-9.21431255438652,0.6071093624211361,71.7741935483871,0.5674268415325667,237057,29.30160291907286,0.17049411016482452,57.25806451612904,0.4046185837130632,-182093,-22.507737718534926,-0.20758840658723798,-13360,-1.6513725179969938,-0.29290707712924546,32941,4.071696266118187,-0.27723159459686997,,,,,,NORMAL,,SPY
2012-11-06,S&P 500 Consolidated - CHICAGO MERCANTILE EXCHANGE,13874+,807567,56858,235421,380878,156609,110045,178964,35073,39828,110223,82254,ES,2012-11-09 15:30:00-05:00,-68919,-8.534152584243785,0.6801599701427357,77.60000000000001,0.7893708166697282,224269,27.770946559232858,-1.5306563598400018,52.0,0.1738816783158824,-178563,-22.111230399459117,0.39650731907580905,-4755,-0.5888056347027553,1.0625668832942385,27969,3.4633658879077527,-0.6083303782104346,,,,,,NORMAL,,SPY
2012-11-13,S&P 500 Consolidated - CHICAGO MERCANTILE EXCHANGE,13874+,828091,54806,220654,356379,167830,121486,181209,38124,33941,120836,87997,ES,2012-11-16 15:30:00-05:00,-59723,-7.212130067830709,1.3220225164130754,88.09523809523809,1.2221734106822773,188549,22.769115954647496,-5.001830604585361,29.365079365079367,-0.5776134727927895,-165848,-20.027750573306555,2.083479826152562,4183,0.5051377203713119,1.0939433550740671,32839,3.965626966118458,0.5022610782107053,,,,,,NORMAL,,SPY
2012-11-20,S&P 500 Consolidated - CHICAGO MERCANTILE EXCHANGE,13874+,852640,60440,215296,353459,160953,110296,185219,38623,35367,141827,107809,ES,2012-11-23 15:30:00-05:00,-74923,-8.787178645149183,-1.5750485773184737,74.80314960629921,0.6895588169969338,192506,22.577641208481893,-0.19147474616560345,27.559055118110237,-0.6034102329123275,-154856,-18.161944079564645,1.8658064937419105,3256,0.3818727716269469,-0.123264948744365,34018,3.98972602739726,0.024099061278802125,,,,,,NORMAL,,SPY
2012-11-27,S&P 500 Consolidated - CHICAGO MERCANTILE EXCHANGE,13874+,847506,61249,211627,359918,160036,111642,188937,37892,36788,134379,107692,ES,2012-11-30 15:30:00-05:00,-77295,-9.120289413880256,-0.33311076873107304,71.875,0.575249582249653,199882,23.58472978362395,1.0070885751420562,35.15625,-0.4482551075808596,-150378,-17.743591195814542,0.41835288375010293,1104,0.13026456449865842,-0.25160820712828846,26687,3.1488862615721893,-0.8408397658250708,2012-12-01,142.41000366210938,139.70000152587892,0.008855199543576726,320.69810817646027,NORMAL,,SPY
2012-12-04,S&P 500 Consolidated - CHICAGO MERCANTILE EXCHANGE,13874+,851897,56938,216787,348557,154549,113338,178799,39145,40837,137071,104078,ES,2012-12-07 15:30:00-05:00,-65461,-7.684144914232589,1.4361444996476669,82.17054263565892,1.0492972809722445,194008,22.773645170718996,-0.8110846129049527,30.23255813953488,-0.5689410186614289,-159849,-18.763888122625154,-1.0202969268106123,-1692,-0.19861556033182415,-0.32888012483048257,32993,3.8728860413876327,0.7239997798154434,,,,,,NORMAL,,SPY
2012-12-11,S&P 500 Consolidated - CHICAGO MERCANTILE EXCHANGE,13874+,866940,56862,240233,343006,153487,126504,166956,41483,39186,131256,99250,ES,2012-12-14 15:30:00-05:00,-40452,-4.666066855837774,3.0180780583948152,98.46153846153847,2.0429226989555196,189519,21.8606824001661,-0.9129627705528947,24.615384615384617,-0.7046039271671108,-183371,-21.151521443237133,-2.387633320611979,2297,0.2649548988395967,0.46357045917142087,32006,3.6918356518328834,-0.18105038955474928,,,,,,EXTREME_LONG,long,SPY
2012-12-18,S&P 500 Consolidated - CHICAGO MERCANTILE EXCHANGE,13874+,923950,58999,258388,348466,144476,129047,166990,40082,41590,118783,83934,ES,2012-12-21 15:30:00-05:00,-37943,-4.106607500405866,0.5594593554319074,99.23664122137404,2.1868147168158854,203990,22.078034525677797,0.21735212551169525,25.954198473282442,-0.6675444665117529,-199389,-21.58006385626928,-0.42854241303214735,-1508,-0.16321229503761026,-0.428167193877207,34849,3.7717408950700797,0.07990524323719628,,,,,,EXTREME_LONG,long,SPY
2012-12-24,S&P 500 Consolidated - CHICAGO MERCANTILE EXCHANGE,13874+,728890,48732,241749,363376,140685,87340,154929,35014,33573,112285,75812,ES,2012-12-27 15:30:00-05:00,-67589,-9.272866962093046,-5.166259461687179,67.42424242424242,0.4686382042204324,222691,30.552072329158033,8.474037803480236,67.42424242424242,0.6273574720700402,-193017,-26.480950486355965,-4.900886630086685,1441,0.19769786936300401,0.3609101644006143,36473,5.00391005501516,1.2321691599450801,2013-01-01,149.6999969482422,140.58900146484376,0.03979992831114236,337.11470107978533,UNWINDING_LONG,long,SPY
2012-12-31,S&P 500 Consolidated - CHICAGO MERCANTILE EXCHANGE,13874+,739159,52251,249363,355826,140197,93171,153700,39534,33769,108725,72478,ES,2013-01-03 15:30:00-05:00,-60529,-8.188901170113603,1.083965791979443,78.19548872180451,0.8181934472009535,215629,29.172207874083924,-1.3798644550741095,57.14285714285714,0.41333425973627985,-197112,-26.66706351407478,-0.18611302771881455,5765,0.7799404458310052,0.5822425764680011,36247,4.903816364273451,-0.10009369074170849,,,,,,NORMAL,,SPY
2013-01-08,S&P 500 Consolidated - CHICAGO MERCANTILE EXCHANGE,13874+,751437,58495,235564,358858,133694,82851,165725,38772,34875,100087,69205,ES,2013-01-11 15:30:00-05:00,-82874,-11.028735609239364,-2.8398344391257613,44.02985074626866,-0.10944068519218725,225164,29.964454771324807,0.7922468972408829,64.17910447761194,0.5329168790481055,-177069,-23.564051277751826,3.1030122363229538,3897,0.5186063502329537,-0.26133409559805154,30882,4.10972576543343,-0.7940905988400218,,,,,,UNWINDING_LONG,long,SPY
2013-01-15,S&P 500 Consolidated - CHICAGO MERCANTILE EXCHANGE,13874+,754799,60157,223702,355387,131149,85914,176557,37467,34803,107528,80241,ES,2013-01-18 15:30:00-05:00,-90643,-12.008892433614777,-0.9801568243754133,34.074074074074076,-0.4286290939975486,224238,29.70830644979657,-0.2561483215282365,61.48148148148148,0.49104228793639104,-163545,-21.667357799891096,1.8966934778607296,2664,0.35294164406683104,-0.1656647061661226,27287,3.6151346252446017,-0.4945911401888279,,,,,,UNWINDING_LONG,long,SPY
2013-01-22,S&P 500 Consolidated - CHICAGO MERCANTILE EXCHANGE,13874+,788046,71108,227921,362105,128735,85490,189091,37056,32869,111109,88252,ES,2013-01-25 15:30:00-05:00,-103601,-13.146567586156138,-1.1376751525413606,22.794117647058822,-0.7988580162712128,233370,29.61375351185083,-0.09455293794573905,59.55882352941176,0.47424416212775145,-156813,-19.898965288828318,1.7683925110627783,4187,0.5313141618636475,0.1783725177968165,22857,2.9004652012699768,-0.714669423974625,2013-02-01,151.61000061035156,141.76300201416015,0.07258573798236824,341.4159056672238,NORMAL,,SPY
2013-01-29,S&P 500 Consolidated - CHICAGO MERCANTILE EXCHANGE,13874+,805010,88559,254986,374121,128694,90249,190385,37844,34384,99500,81824,ES,2013-02-01 15:30:00-05:00,-100136,-12.439100135402045,0.707467450754093,31.386861313868614,-0.5624020017761674,245427,30.487447360902348,0.8736938490515165,67.88321167883211,0.6071174933193111,-166427,-20.673904671991654,-0.7749393831633355,3460,0.42980832536241786,-0.10150583650122968,17676,2.19574912112893,-0.7047160801410466,2013-02-01,151.61000061035156,141.76300201416015,0.07258573798236824,341.4159056672238,NORMAL,,SPY
2013-02-05,S&P 500 Consolidated - CHICAGO MERCANTILE EXCHANGE,13874+,807925,86286,247779,359570,133753,88332,185313,39139,31367,102778,77893,ES,2013-02-08 15:30:00-05:00,-96981,-12.003713215954452,0.435386919447593,36.231884057971016,-0.41678218427318375,225817,27.950242906210352,-2.537204454691995,52.17391304347826,0.21121197274262757,-161493,-19.98861280440635,0.6852918675853026,7772,0.9619704799331621,0.5321621545707442,24885,3.080112634217285,0.8843635130883549,,,,,,NORMAL,,SPY
2013-02-12,S&P 500 Consolidated - CHICAGO MERCANTILE EXCHANGE,13874+,830577,94496,231375,352318,133101,85280,190193,39344,35064,113144,94849,ES,2013-02-15 15:30:00-05:00,-104913,-12.631339418259836,-0.6276262023053842,27.33812949640288,-0.621714812408845,219217,26.39333860677577,-1.5569042994345814,48.201438848920866,-0.03151554794847014,-136879,-16.479989212318664,3.5086235920876874,4280,0.5153044209025773,-0.44666605903058476,18295,2.2026856029001527,-0.8774270313171324,,,,,,NORMAL,,SPY
2013-02-19,S&P 500 Consolidated - CHICAGO MERCANTILE EXCHANGE,13874+,856539,73052,205366,346110,134602,101427,199301,36197,35697,107319,89138,ES,2013-02-22 15:30:00-05:00,-97874,-11.426683431811044,1.2046559864487918,42.142857142857146,-0.22105697213565353,211508,24.693329784166277,-1.7000088226094938,40.714285714285715,-0.29653386632166234,-132314,-15.447516108431724,1.0324731038869395,500,0.058374458139092325,-0.456929962763485,18181,2.122612046853675,-0.08007355604647781,2013-03-01,156.6699981689453,144.2830017089844,0.10214565526492114,352.81069256905346,NORMAL,,SPY
2013-02-26,S&P 500 Consolidated - CHICAGO MERCANTILE EXCHANGE,13874+,875260,58361,192056,340947,139286,99243,196726,40037,37928,127917,100509,ES,2013-03-01 15:30:00-05:00,-97483,-11.137604825994561,0.28907860581648315,45.39007092198582,-0.12450424316517837,201661,23.040125219934648,-1.653204564231629,31.20567375886525,-0.5540706632812256,-133695,-15.274889747046592,0.17262636138513265,2109,0.24095697278522954,0.18258251464613723,27408,3.131412380321276,1.008800333467601,2013-03-01,156.6699981689453,144.2830017089844,0.10214565526492114,352.81069256905346,NORMAL,,SPY
2013-03-05,S&P 500 Consolidated - CHICAGO MERCANTILE EXCHANGE,13874+,892367,60970,186828,309481,130210,120526,198974,41761,35507,136715,117935,ES,2013-03-08 15:30:00-05:00,-78448,-8.79100190840764,2.346602917586921,73.94366197183099,0.6557945517639068,179271,20.08938026619093,-2.950744953743719,16.19718309859155,-1.0143728105116268,-125858,-14.103838443151753,1.1710513038948385,6254,0.700832729134986,0.4598757563497564,18780,2.1045152947161876,-1.0268970856050883,,,,,,NORMAL,,SPY
2013-03-12,S&P 500 Consolidated - CHICAGO MERCANTILE EXCHANGE,13874+,1017100,51812,196656,320023,128493,126084,206121,48034,34233,142596,123046,ES,2013-03-15 15:30:00-04:00,-80037,-7.869137744567889,0.9218641638397509,81.11888111888112,0.9595130536520203,191530,18.83099006980631,-1.2583901963846174,13.286713286713287,-1.204573380707598,-144844,-14.240880935994495,-0.13704249284274184,13801,1.3568970602693933,0.6560643311344073,19550,1.9221315504866778,-0.18238374422950976,,,,,,NORMAL,,SPY
2013-03-19,S&P 500 Consolidated - CHICAGO MERCANTILE EXCHANGE,13874+,724003,37436,208517,335604,130731,106324,174319,43589,30783,97358,75959,ES,2013-03-22 15:30:00-04:00,-67995,-9.391535670432305,-1.5223979258644151,65.27777777777779,0.4460151036260364,204873,28.297258436774435,9.466268366968123,54.166666666666664,0.2880775181589605,-171081,-23.629874461846153,-9.388993525851658,12806,1.7687772011994425,0.4118801409300492,21399,2.955650736253855,1.0335191857671773,,,,,,NORMAL,,SPY
2013-03-26,S&P 500 Consolidated - CHICAGO MERCANTILE EXCHANGE,13874+,745524,40923,210112,343814,129925,108150,184654,44814,31208,103572,85375,ES,2013-03-29 15:30:00-04:00,-76504,-10.261775610174857,-0.870239939742552,56.55172413793104,0.15348493769185492,213889,28.68975378391574,0.3924953471413062,55.172413793103445,0.3486693747745105,-169189,-22.69397095197472,0.9359035098714337,13606,1.8250250830288495,0.05624788182940699,18197,2.4408335613608685,-0.5148171748929866,2013-04-01,159.67999267578125,146.64100036621093,0.12126949350164824,359.5890053219564,NORMAL,,SPY
2013-04-02,S&P 500 Consolidated - CHICAGO MERCANTILE EXCHANGE,13874+,763804,35057,207015,347261,129715,108734,190654,48372,32762,111237,90516,ES,2013-04-05 15:30:00-04:00,-81920,-10.725264596676634,-0.46348898650177794,51.369863013698634,-0.0023975187361147815,217546,28.481914208357118,-0.20783957555862287,54.794520547945204,0.31458398123465836,-171958,-22.513367303653816,0.18060364832090414,15610,2.0437180219009066,0.2186929388720571,20721,2.712868746432331,0.2720351850714624,,,,,,NORMAL,,SPY
2013-04-09,S&P 500 Consolidated - CHICAGO MERCANTILE EXCHANGE,13874+,775766,37384,221313,349107,138679,118070,181527,46290,31116,115425,93641,ES,2013-04-12 15:30:00-04:00,-63457,-8.179915077484706,2.5453495191919284,79.59183673469387,0.8536695367142635,210428,27.12518981239188,-1.3567243959652373,51.02040816326531,0.09895352199888431,-183929,-23.7093401876339,-1.1959728839800832,15174,1.956002196538647,-0.08771582536225964,21784,2.808063256188077,0.09519450975574628,,,,,,NORMAL,,SPY
2013-04-16,S&P 500 Consolidated - CHICAGO MERCANTILE EXCHANGE,13874+,772200,35388,224864,348994,129986,116275,185851,47964,34171,106942,80691,ES,2013-04-19 15:30:00-04:00,-69576,-9.01010101010101,-0.8301859326163044,70.94594594594594,0.5692260463017855,219008,28.361564361564362,1.2363745491724814,54.054054054054056,0.2947151363198577,-189476,-24.537166537166538,-0.8278263495326392,13793,1.7861952861952861,-0.16980691034336082,26251,3.3995078995078996,0.5914446433198224,,,,,,NORMAL,,SPY
2013-04-23,S&P 500 Consolidated - CHICAGO MERCANTILE EXCHANGE,13874+,782302,33062,213431,338406,131563,111083,179058,50375,36935,117747,89685,ES,2013-04-26 15:30:00-04:00,-67975,-8.689099606034498,0.32100140406651256,75.16778523489933,0.6750156508469853,206843,26.440300548892882,-1.92126381267148,48.322147651006716,-0.012025619201217447,-180369,-23.056185462903073,1.4809810742634646,13440,1.7180066010313153,-0.06818868516397081,28062,3.5871057468854737,0.18759784737757412,2013-05-01,163.4499969482422,149.21499938964843,0.09185036927391504,368.0788108616291,NORMAL,,SPY
2013-04-30,S&P 500 Consolidated - CHICAGO MERCANTILE EXCHANGE,13874+,791342,32341,226060,338920,129645,125606,182912,49533,36030,112980,84734,ES,2013-05-03 15:30:00-04:00,-57306,-7.241622459063212,1.447477146971286,87.33333333333333,1.161047892244607,209275,26.445582314599754,0.005281765706872221,48.66666666666667,-0.011142574861010321,-193719,-24.479807719039304,-1.4236222561362304,13503,1.706341885050964,-0.011664715980351348,28246,3.5693796108382974,-0.017726136047176322,,,,,,NORMAL,,SPY
2013-05-07,S&P 500 Consolidated - CHICAGO MERCANTILE EXCHANGE,13874+,816274,35924,225603,339607,128628,129585,195931,56551,38369,116674,89810,ES,2013-05-10 15:30:00-04:00,-66346,-8.127908030881787,-0.8862855718185756,79.47019867549669,0.8528002730808288,210979,25.846590728113355,-0.5989915864863988,45.033112582781456,-0.10704633330428699,-189679,-23.237172812070458,1.2426349069688456,18182,2.2274383356568994,0.5210964506059355,26864,3.2910517791819904,-0.2783278316563069,,,,,,NORMAL,,SPY
2013-05-14,S&P 500 Consolidated - CHICAGO MERCANTILE EXCHANGE,13874+,846248,39297,230300,345770,124194,129442,207612,59035,38409,117941,90970,ES,2013-05-17 15:30:00-04:00,-78170,-9.237244873843128,-1.1093368429613406,66.44736842105263,0.4730536267817339,221576,26.18334105368639,0.3367503255730355,46.71052631578947,-0.052577183929510996,-191003,-22.57057032926518,0.6666024828052777,20626,2.437346971573345,0.2099086359164457,26971,3.187127177848574,-0.10392460133341652,,,,,,NORMAL,,SPY
2013-05-21,S&P 500 Consolidated - CHICAGO MERCANTILE EXCHANGE,13874+,860454,47030,243015,363392,126564,117016,205936,60299,40442,111245,83024,ES,2013-05-24 15:30:00-04:00,-88920,-10.334079451080477,-1.096834577237349,52.94117647058824,0.09952631819910433,236828,27.523609629335212,1.340268575648821,52.94117647058824,0.16368129413452995,-195985,-22.776929388439125,-0.20635905917394481,19857,2.307735218849584,-0.12961175272376124,28221,3.2797802090524306,0.0926530312038567,,,,,,NORMAL,,SPY
2013-05-28,S&P 500 Consolidated - CHICAGO MERCANTILE EXCHANGE,13874+,876502,48729,246878,368767,128818,113073,211033,59078,38216,114733,79436,ES,2013-05-31 15:30:00-04:00,-97960,-11.176243750727323,-0.8421642996468464,41.55844155844156,-0.18707825410027978,239949,27.375750426125666,-0.1478592032095456,52.5974025974026,0.13922315616572595,-198149,-22.60679382363075,0.17013556480837622,20862,2.3801428861542813,0.07240766730469739,35297,4.027030172207251,0.7472499631548204,2013-06-01,160.4199981689453,151.14099884033203,0.058109607038628455,361.2554497822836,NORMAL,,SPY
2013-06-04,S&P 500 Consolidated - CHICAGO MERCANTILE EXCHANGE,13874+,867486,45211,205545,361309,135043,106729,202052,56850,38302,111772,100928,ES,2013-06-07 15:30:00-04:00,-95323,-10.988419409650415,0.18782434107690804,43.87096774193549,-0.12240773240764628,226266,26.08295695838319,-1.2927934677424773,45.16129032258064,-0.07100048298167302,-160334,-18.482603753835797,4.1241900697949525,18548,2.138132488593476,-0.24201039756080522,10844,1.250048992145118,-2.776981180062133,,,,,,NORMAL,,SPY
2013-06-11,S&P 500 Consolidated - CHICAGO MERCANTILE EXCHANGE,13874+,894602,41888,190525,351860,138449,102528,195097,60379,41607,133178,124155,ES,2013-06-14 15:30:00-04:00,-92569,-10.347506488919095,0.6409129207313207,52.56410256410257,0.09724016616991336,213411,23.855412798093454,-2.2275441602897352,33.33333333333333,-0.43337874627110035,-148637,-16.614874547564167,1.8677292062716297,18772,2.0983632945153263,-0.03976919407814972,9023,1.0086049438744826,-0.24144404827063548,,,,,,NORMAL,,SPY
2013-06-18,S&P 500 Consolidated - CHICAGO MERCANTILE EXCHANGE,13874+,991389,38434,194092,358846,134604,109315,198548,62328,46306,147924,143297,ES,2013-06-21 15:30:00-04:00,-89233,-9.0008059399489,1.346700548970194,70.51282051282051,0.5597033653591927,224242,22.618971967613117,-1.236440830480337,26.282051282051285,-0.6354461849604528,-155658,-15.701001322387075,0.9138732251770918,16022,1.6161163781320955,-0.4822469163832308,4627,0.46671891659076303,-0.5418860272837196,,,,,,NORMAL,,SPY
2013-06-25,S&P 500 Consolidated - CHICAGO MERCANTILE EXCHANGE,13874+,703009,22855,196807,332368,153015,100211,143027,51706,45211,121422,90501,ES,2013-06-28 15:30:00-04:00,-42816,-6.09039144591321,2.910414494035691,94.23076923076923,1.5491829683452742,179353,25.51219116682717,2.8932191992140517,42.30769230769231,-0.15336031576987091,-173952,-24.743922197297618,-9.042920874910543,6495,0.9238857539519408,-0.6922306241801547,30921,4.398378968121318,3.9316600515305553,2013-07-01,168.7100067138672,153.61499938964843,0.07684948417461852,379.92401230427515,EXTREME_LONG,long,SPY
2013-07-02,S&P 500 Consolidated - CHICAGO MERCANTILE EXCHANGE,13874+,703729,21202,183865,323720,143924,98887,149599,49195,43784,117047,88877,ES,2013-07-05 15:30:00-04:00,-50712,-7.206183061945721,-1.115791616032511,88.46153846153845,1.145199099095183,179796,25.549039474002065,0.03684830717489618,43.58974358974359,-0.14241651816174503,-162663,-23.114437517851332,1.6294846794462856,5411,0.7689039388741973,-0.15498181507774356,28170,4.002961367230852,-0.3954176008904664,,,,,,UNWINDING_LONG,long,SPY
2013-07-09,S&P 500 Consolidated - CHICAGO MERCANTILE EXCHANGE,13874+,705746,21006,186230,331386,138605,96293,155687,46812,42999,122712,94687,ES,2013-07-12 15:30:00-04:00,-59394,-8.415775647329209,-1.2095925853834881,75.64102564102564,0.7181669905356254,192781,27.315918191530663,1.7668787175285985,53.84615384615385,0.15029336091774462,-165224,-23.411255607541523,-0.2968180896901913,3813,0.5402793639638057,-0.22862457491039156,28025,3.9709753934134944,-0.03198597381735757,,,,,,UNWINDING_LONG,long,SPY
2013-07-16,S&P 500 Consolidated - CHICAGO MERCANTILE EXCHANGE,13874+,716164,22106,198373,335096,134768,99339,165397,55645,41120,120970,93498,ES,2013-07-19 15:30:00-04:00,-66058,-9.223864924793762,-0.8080892774645534,64.74358974358975,0.4296132901802247,200328,27.972363871962287,0.6564456804316237,57.692307692307686,0.26336071826523716,-176267,-24.61265855306885,-1.2014029455273274,14525,2.0281667327595354,1.4878873687957297,27472,3.835992873140789,-0.1349825202727053,,,,,,UNWINDING_LONG,long,SPY
2013-07-23,S&P 500 Consolidated - CHICAGO MERCANTILE EXCHANGE,13874+,727263,21006,206046,343892,129252,102405,174063,56956,43042,115397,87254,ES,2013-07-26 15:30:00-04:00,-71658,-9.853106785303254,-0.6292418605094916,55.769230769230774,0.19958156943244618,214640,29.51339474165467,1.5410308696923813,65.38461538461539,0.5212573680516531,-185040,-25.443340304676575,-0.8306817516077238,13914,1.9132005890578787,-0.1149661437016567,28143,3.869714257428193,0.03372138428740401,2013-08-01,163.64999389648438,155.84499816894532,0.024862233233965178,368.5291910406404,UNWINDING_LONG,long,SPY
2013-07-30,S&P 500 Consolidated - CHICAGO MERCANTILE EXCHANGE,13874+,730838,21402,211105,345706,129018,106551,173357,54835,41571,113789,87232,ES,2013-08-02 15:30:00-04:00,-66806,-9.14101346673271,0.7120933185705436,66.02564102564102,0.44105020260010985,216688,29.649251954605536,0.13585721295086728,68.58974358974359,0.5468621612939039,-189703,-25.956915212400013,-0.513574907723438,13264,1.8149028922962407,-0.09829769676163802,26557,3.6337738322309456,-0.23594042519724745,,,,,,NORMAL,,SPY
2013-08-06,S&P 500 Consolidated - CHICAGO MERCANTILE EXCHANGE,13874+,732142,21832,205126,343609,128702,95236,171702,57356,42602,115524,85424,ES,2013-08-09 15:30:00-04:00,-76466,-10.444148812662025,-1.3031353459293147,48.07692307692308,-0.028247155911029883,214907,29.353185584217268,-0.29606637038826733,65.38461538461539,0.5004773970113094,-183294,-25.035307358408616,0.9216078539913966,14754,2.015182847043333,0.20027995474709237,30100,4.111224325335796,0.47745049310485,,,,,,NORMAL,,SPY
2013-08-13,S&P 500 Consolidated - CHICAGO MERCANTILE EXCHANGE,13874+,738273,22800,191335,336626,129284,95409,175715,57845,45832,119809,90323,ES,2013-08-16 15:30:00-04:00,-80306,-10.877548007308949,-0.433399194646924,39.1025641025641,-0.18970359762622438,207342,28.084732883364286,-1.2684527008529827,58.333333333333336,0.2944482168581616,-168535,-22.82827626094954,2.207031097459076,12013,1.627175855002147,-0.38800699204118616,29486,3.993915529892059,-0.11730879544373662,,,,,,NORMAL,,SPY
2013-08-20,S&P 500 Consolidated - CHICAGO MERCANTILE EXCHANGE,13874+,754996,25388,188388,327608,135473,92840,165099,57093,42629,125521,96862,ES,2013-08-23 15:30:00-04:00,-72259,-9.570779182936068,1.306768824372881,58.97435897435898,0.26991281117074234,192135,25.44847919724078,-2.6362536861235064,42.30769230769231,-0.14018672872494473,-163000,-21.589518355064133,1.2387579058854072,14464,1.9157717391880222,0.28859588418587534,28659,3.795914150538546,-0.19800137935351314,,,,,,NORMAL,,SPY
2013-08-27,S&P 500 Consolidated - CHICAGO MERCANTILE EXCHANGE,13874+,780789,25042,166988,321529,136921,88339,168434,58060,45853,135551,110323,ES,2013-08-30 15:30:00-04:00,-80095,-10.258213166425245,-0.6874339834891767,51.28205128205128,0.013578361441155061,184608,23.64377571917637,-1.8047034780644076,33.33333333333333,-0.4369059285776637,-141946,-18.179815545557123,3.40970280950701,12207,1.5634185420132711,-0.3523531971747511,25228,3.231090601942394,-0.5648235485961517,2013-09-01,168.00999450683594,158.43099822998047,0.027898425474047035,378.34763013502817,NORMAL,,SPY
2013-09-03,S&P 500 Consolidated - CHICAGO MERCANTILE EXCHANGE,13874+,789961,21758,145415,313869,130217,91986,176686,49381,46611,147710,125775,ES,2013-09-06 15:30:00-04:00,-84700,-10.722048303650434,-0.463835137225189,43.58974358974359,-0.16646097504960208,183652,23.248236305336594,-0.39553941383977786,31.41025641025641,-0.49959727324162784,-123657,-15.653557580690693,2.5262579648664296,2770,0.35065022197298346,-1.2127683200402877,21935,2.7767193570315496,-0.4543712449108446,,,,,,NORMAL,,SPY
2013-09-10,S&P 500 Consolidated - CHICAGO MERCANTILE EXCHANGE,13874+,810027,23541,139868,314762,120275,92372,182138,45632,50887,153259,136397,ES,2013-09-13 15:30:00-04:00,-89766,-11.081852827127985,-0.35980452347755154,35.256410256410255,-0.3089462649810415,194487,24.00994040939376,0.7617041040571664,35.8974358974359,-0.37094854466742117,-116327,-14.360879328713734,1.2926782519769588,-5255,-0.6487438073051885,-0.999394029278172,16862,2.081659006428181,-0.6950603506033688,,,,,,NORMAL,,SPY
2013-09-17,S&P 500 Consolidated - CHICAGO MERCANTILE EXCHANGE,13874+,917682,30010,170908,319321,120845,103239,177690,45653,53513,158534,133800,ES,2013-09-20 15:30:00-04:00,-74451,-8.11294108416641,2.9689117429615752,78.84615384615384,0.7757251094477563,198476,21.62797134519365,-2.38196906420011,20.51282051282051,-0.7647240194035962,-140898,-15.3536846097014,-0.9928052809876657,-7860,-0.8565058484311558,-0.2077620411259673,24734,2.6952691673150393,0.6136101608868585,,,,,,NORMAL,,SPY
2013-09-24,S&P 500 Consolidated - CHICAGO MERCANTILE EXCHANGE,13874+,675574,27657,221715,315377,119024,94248,146695,50407,38084,111694,73865,ES,2013-09-27 15:30:00-04:00,-52447,-7.763324225029383,0.34961685913702745,81.41025641025641,0.8994085630441015,196353,29.06461764366302,7.43664629846937,62.82051282051282,0.4786038310931107,-194058,-28.724906523933722,-13.371221914232322,12323,1.8240784873307736,2.6805843357619294,37829,5.599534617969312,2.904265450654273,2013-10-01,175.7899932861328,161.7689971923828,0.09581096679106482,395.8676836844652,NORMAL,,SPY
2013-10-01,S&P 500 Consolidated - CHICAGO MERCANTILE EXCHANGE,13874+,677685,30226,217802,302244,113961,93291,143393,52622,39603,111760,75384,ES,2013-10-04 15:30:00-04:00,-50102,-7.393110368386492,0.3702138566428905,85.8974358974359,1.0380858046328933,188283,27.78326213506275,-1.2813555086002708,57.692307692307686,0.27216356560105415,-187576,-27.67893637899614,1.0459701449375807,13019,1.921099035687672,0.09702054835689844,36376,5.367685576632211,-0.23184904133710127,,,,,,NORMAL,,SPY
2013-10-08,S&P 500 Consolidated - CHICAGO MERCANTILE EXCHANGE,13874+,701923,33949,215997,299046,121141,99685,146020,52613,42488,120319,79966,ES,2013-10-11 15:30:00-04:00,-46335,-6.60115140834536,0.7919589600411321,91.66666666666666,1.3313699005038044,177905,25.34537264058878,-2.4378894944739677,44.230769230769226,-0.1292406870197616,-182048,-25.9356083217105,1.743328057285641,10125,1.4424659115031135,-0.4786331241845585,40353,5.748921177963965,0.3812356013317535,,,,,,EXTREME_LONG,long,SPY
2013-10-15,S&P 500 Consolidated - CHICAGO MERCANTILE EXCHANGE,13874+,695078,32187,212807,296794,118777,105935,146007,48949,43896,117760,80137,ES,2013-10-18 15:30:00-04:00,-40072,-5.76510837632611,0.8360430320192496,94.87179487179486,1.6356535494196893,178017,25.611082497216138,0.2657098566273568,47.43589743589743,-0.0768908742351068,-180620,-25.985572842184617,-0.04996452047411637,5053,0.7269687718500657,-0.7154971396530478,37623,5.412773818190189,-0.33614735977377563,,,,,,EXTREME_LONG,long,SPY
2013-10-22,S&P 500 Consolidated - CHICAGO MERCANTILE EXCHANGE,13874+,708537,33444,212283,306930,116067,107411,147913,46476,43093,108107,83012,ES,2013-10-25 15:30:00-04:00,-40502,-5.716285811467856,0.04882256485825476,94.87179487179486,1.6403946128737696,190863,26.937619348036872,1.3265368508207338,55.12820512820513,0.15505633785943804,-178839,-25.24060140825391,0.7449714339307079,3383,0.47746271542629387,-0.24950605642377183,25095,3.5418051562586004,-1.8709686619315886,2013-11-01,181.0,164.89899749755858,0.07284685434798593,407.6002814919071,EXTREME_LONG,long,SPY
2013-10-29,S&P 500 Consolidated - CHICAGO MERCANTILE EXCHANGE,13874+,721121,31315,213782,316267,112406,108644,150252,42532,47460,105964,80823,ES,2013-11-01 15:30:00-04:00,-41608,-5.7699054666276535,-0.05361965515979783,94.23076923076923,1.6303024767064045,203861,28.270012938189293,1.3323935901524209,62.17948717948718,0.38905504876161984,-182467,-25.30324314504778,-0.06264173679387142,-4928,-0.6833804590353075,-1.1608431744616015,25141,3.4863774595386903,-0.0554276967199101,2013-11-01,181.0,164.89899749755858,0.07284685434798593,407.6002814919071,EXTREME_LONG,long,SPY
2013-11-05,S&P 500 Consolidated - CHICAGO MERCANTILE EXCHANGE,13874+,728659,30453,205973,308368,113029,109208,155475,41812,48009,109226,76580,ES,2013-11-08 15:30:00-05:00,-46267,-6.349609350876062,-0.5797038842484081,91.02564102564102,1.436759263529357,195339,26.808013076075365,-1.4619998621139274,54.48717948717948,0.1460661021223918,-175520,-24.088085098791066,1.2151580462567146,-6197,-0.8504664047242949,-0.16708594568898738,32646,4.4802850167225,0.9939075571838099,,,,,,EXTREME_LONG,long,SPY
2013-11-12,S&P 500 Consolidated - CHICAGO MERCANTILE EXCHANGE,13874+,728575,32422,200392,307645,113271,113224,157592,41407,52721,105155,75877,ES,2013-11-15 15:30:00-05:00,-44368,-6.089695638746869,0.259913712129193,94.23076923076923,1.5432719486254105,194374,26.678653536012078,-0.12935954006328743,53.84615384615385,0.1310344942758138,-167970,-23.054592869642796,1.033492229148269,-11314,-1.552894348557115,-0.70242794383282,29278,4.018529320934701,-0.46175569578779907,,,,,,EXTREME_LONG,long,SPY
2013-11-19,S&P 500 Consolidated - CHICAGO MERCANTILE EXCHANGE,13874+,745718,34968,198959,308308,114237,109430,155321,42121,56442,108853,78721,ES,2013-11-22 15:30:00-05:00,-45891,-6.153934865458525,-0.06423922671165627,92.94871794871796,1.517734915470231,194071,26.024717118267226,-0.6539364177448519,49.358974358974365,0.02367568538184511,-163991,-21.991020734379482,1.063572135263314,-14321,-1.9204310476614483,-0.3675366991043334,30132,4.04066952923223,0.02214020829752883,,,,,,EXTREME_LONG,long,SPY
2013-11-26,S&P 500 Consolidated - CHICAGO MERCANTILE EXCHANGE,13874+,741827,36992,204566,306803,114337,110332,156000,41013,53660,104114,70691,ES,2013-11-29 15:30:00-05:00,-45668,-6.156152310444349,-0.002217444985824102,92.3076923076923,1.5158259985747409,192466,25.944863155425725,-0.0798539628415007,49.358974358974365,0.014698529355317088,-167574,-22.589363827415287,-0.5983430930358047,-12647,-1.7048449301521784,0.21558611750926993,33423,4.505497912586089,0.4648283833538587,2013-12-01,184.69000244140625,168.20699768066407,0.12856712086546473,415.90992808761433,EXTREME_LONG,long,SPY
2013-12-03,S&P 500 Consolidated - CHICAGO MERCANTILE EXCHANGE,13874+,748300,40377,196601,299329,113494,112648,156502,39622,59648,104303,70034,ES,2013-12-06 15:30:00-05:00,-43854,-5.860483763196579,0.2956685472477698,94.87179487179486,1.6322368277979014,185835,24.8342910597354,-1.1105720956903262,42.30769230769231,-0.1715673547313688,-156224,-20.87718829346519,1.7121755339500986,-20026,-2.676199385273286,-0.9713544551211077,34269,4.579580382199652,0.0740824696135638,,,,,,EXTREME_LONG,long,SPY
2013-12-10,S&P 500 Consolidated - CHICAGO MERCANTILE EXCHANGE,13874+,764651,43651,211285,303377,112810,112101,156562,39947,54412,116268,80275,ES,2013-12-13 15:30:00-05:00,-44461,-5.8145480748733736,0.0459356883232056,95.51282051282051,1.6500127600645038,190567,24.92208863913079,0.08779757939539223,43.58974358974359,-0.15118338197748257,-167634,-21.922942623497516,-1.0457543300323273,-14465,-1.8917126898415093,0.7844866954317768,35993,4.707114749081607,0.12753436688195485,,,,,,EXTREME_LONG,long,SPY
2013-12-17,S&P 500 Consolidated - CHICAGO MERCANTILE EXCHANGE,13874+,873627,39627,215536,302970,116354,113473,142327,43970,56425,105862,75261,ES,2013-12-20 15:30:00-05:00,-28854,-3.3027825376276145,2.511765537245759,100.0,2.608507456620603,186616,21.361061414081753,-3.5610272250490382,19.871794871794872,-0.7610902319435754,-175909,-20.1354811607242,1.7874614627733152,-12455,-1.425665644491299,0.46604704535021035,30601,3.502753463434624,-1.2043612856469834,,,,,,EXTREME_LONG,long,SPY
2013-12-24,S&P 500 Consolidated - CHICAGO MERCANTILE EXCHANGE,13874+,684782,47670,236913,317582,103644,107271,157302,46956,54977,100433,67076,ES,2013-12-27 15:30:00-05:00,-50031,-7.306120780043868,-4.003338242416254,85.25641025641025,1.0769510688894757,213938,31.241767452999643,9.88070603891789,83.33333333333334,0.97177668397087,-189243,-27.63551027918374,-7.5000291184595405,-8021,-1.1713216760954581,0.25434396839584084,33357,4.871185282323426,1.3684318188888018,2014-01-01,178.17999267578125,170.35799713134764,0.060532102264496644,401.24980757389164,UNWINDING_LONG,long,SPY
2013-12-31,S&P 500 Consolidated - CHICAGO MERCANTILE EXCHANGE,13874+,700432,48352,229061,316962,99913,108808,161711,46304,61935,104857,72661,ES,2014-01-03 15:30:00-05:00,-52903,-7.552910203988396,-0.24678942394452807,82.05128205128204,0.9826469891873384,217049,30.98787605363547,-0.2538913993641714,83.33333333333334,0.9511199038648216,-180709,-25.799649359252577,1.8358609199311644,-15631,-2.2316227699476894,-1.0603010938522313,32196,4.596591817621126,-0.27459346470230006,,,,,,UNWINDING_LONG,long,SPY
2014-01-07,S&P 500 Consolidated - CHICAGO MERCANTILE EXCHANGE,13874+,699646,46782,238853,318368,100555,106315,157188,48145,57619,105100,70494,ES,2014-01-10 15:30:00-05:00,-50873,-7.271248602864877,0.2816616011235187,85.8974358974359,1.0840585464233978,217813,31.13188669698676,0.1440106433512902,83.97435897435898,0.9953464784159931,-192071,-27.452597456427966,-1.6529480971753898,-9474,-1.354113365902185,0.8775094040455045,34606,4.946215657632574,0.3496238400114482,,,,,,NORMAL,,SPY
2014-01-14,S&P 500 Consolidated - CHICAGO MERCANTILE EXCHANGE,13874+,719529,49071,236829,325455,102003,107764,167540,49741,57809,99690,67539,ES,2014-01-17 15:30:00-05:00,-59776,-8.3076568143883,-1.0364082115234234,75.64102564102564,0.7046080592694692,223452,31.055315352126183,-0.0765713448605787,83.97435897435898,0.9945189426110259,-187758,-26.09457019800453,1.3580272584234372,-8068,-1.1212890654858942,0.23282430041629065,32151,4.468339705557385,-0.4778759520751885,,,,,,UNWINDING_LONG,long,SPY
2014-01-21,S&P 500 Consolidated - CHICAGO MERCANTILE EXCHANGE,13874+,722076,48051,233154,325991,103503,104402,172204,50454,50384,93823,63475,ES,2014-01-24 15:30:00-05:00,-67802,-9.38987031835984,-1.0822135039715395,60.256410256410255,0.3050559585781879,222488,30.812269068629895,-0.24304628349628743,83.33333333333334,0.9649054250065119,-185103,-25.634836222225914,0.4597339757786152,70,0.009694270409209003,1.1309833358951031,30348,4.202881691123926,-0.2654580144334595,,,,,,NORMAL,,SPY
2014-01-28,S&P 500 Consolidated - CHICAGO MERCANTILE EXCHANGE,13874+,743768,43864,216761,311069,108673,112908,175695,47104,49528,109389,73675,ES,2014-01-31 15:30:00-05:00,-62787,-8.441745275408461,0.9481250429513786,73.71794871794873,0.6548213996293194,202396,27.212248980865002,-3.600020087764893,60.89743589743589,0.31697016822702667,-172897,-23.246092867668413,2.3887433545575014,-2424,-0.3259080788633015,-0.3356023492725105,35714,4.801766142130342,0.5988844510064162,2014-02-01,186.2899932861328,173.0189971923828,0.0597303623699967,419.5130038815095,NORMAL,,SPY
2014-02-04,S&P 500 Consolidated - CHICAGO MERCANTILE EXCHANGE,13874+,771947,40726,193066,302068,119097,111344,183180,48642,45099,122689,85028,ES,2014-02-07 15:30:00-05:00,-71836,-9.305820218227417,-0.8640749428189558,61.53846153846154,0.334535354741616,182971,23.702533982255257,-3.509714998609745,35.256410256410255,-0.32228039566739164,-152340,-19.734515452485727,3.5115774151826855,3543,0.4589693333868776,0.7848774122501792,37661,4.878702812498785,0.07693667036844332,,,,,,NORMAL,,SPY
2014-02-11,S&P 500 Consolidated - CHICAGO MERCANTILE EXCHANGE,13874+,808380,40563,181731,315879,106570,105003,196650,47601,53495,140455,111056,ES,2014-02-14 15:30:00-05:00,-91647,-11.337118681808061,-2.0312984635806437,31.41025641025641,-0.41621716592400404,209309,25.89240208812687,2.1898681058716143,51.92307692307693,0.09747880179892221,-141168,-17.46307429674163,2.271441155744096,-5894,-0.7291125460798139,-1.1880818794666914,29399,3.6367797323041144,-1.2419230801946708,,,,,,NORMAL,,SPY
2014-02-18,S&P 500 Consolidated - CHICAGO MERCANTILE EXCHANGE,13874+,833784,40629,176911,313151,101902,103026,199631,45882,53486,151895,122653,ES,2014-02-21 15:30:00-05:00,-96605,-11.586334110513034,-0.24921542870497326,26.923076923076923,-0.511696136307876,211249,25.336178194832236,-0.5562238932946357,46.794871794871796,0.0037407301824608414,-136282,-16.345000623662724,1.1180736730789071,-7604,-0.9119867975398904,-0.18287425146007652,29242,3.5071433368834133,-0.12963639542070116,,,,,,NORMAL,,SPY
2014-02-25,S&P 500 Consolidated - CHICAGO MERCANTILE EXCHANGE,13874+,851046,40703,172415,299557,104770,99661,191726,47928,53487,160722,126173,ES,2014-02-28 15:30:00-05:00,-92065,-10.817864134253613,0.7684699762594214,39.1025641025641,-0.2298955939802035,194787,22.887952002594453,-2.448226192237783,31.41025641025641,-0.45209515742309014,-131712,-15.476484232344667,0.8685163913180567,-5559,-0.6531961844600644,0.258790613079826,34549,4.059592548463891,0.5524492115804773,2014-03-01,187.00999450683594,175.3749969482422,0.03320438954053004,421.1344000153941,NORMAL,,SPY
2014-03-04,S&P 500 Consolidated - CHICAGO MERCANTILE EXCHANGE,13874+,880372,45149,165075,304094,104044,100658,201389,47491,56702,159196,129378,ES,2014-03-07 15:30:00-05:00,-100731,-11.441867755903186,-0.6240036216495728,27.564102564102566,-0.46450023474090396,200050,22.723348766203376,-0.164603236391077,28.205128205128204,-0.47522523683424855,-119926,-13.622196071660616,1.8542881606840513,-9211,-1.046262261862031,-0.39306607740196653,29818,3.386977323222456,-0.6726152252414348,,,,,,NORMAL,,SPY
2014-03-11,S&P 500 Consolidated - CHICAGO MERCANTILE EXCHANGE,13874+,899687,48023,167747,309714,101251,94790,202750,47383,60398,168020,135785,ES,2014-03-14 15:30:00-04:00,-107960,-11.999728794569666,-0.5578610386664806,23.717948717948715,-0.6700590563015504,208463,23.170613780125755,0.4472650139223795,33.33333333333333,-0.3820219337359701,-119724,-13.307294648027591,0.31490142363302454,-13015,-1.446614211386849,-0.400351949524818,32235,3.5829127240918233,0.19593540086936745,,,,,,NORMAL,,SPY
2014-03-18,S&P 500 Consolidated - CHICAGO MERCANTILE EXCHANGE,13874+,1029593,51781,183124,315704,103825,106060,205758,50381,63076,162588,130731,ES,2014-03-21 15:30:00-04:00,-99698,-9.683243767197329,2.3164850273723374,56.41025641025641,0.186970080552278,211879,20.57890836476161,-2.591705415364146,19.230769230769234,-0.8750733220735598,-131343,-12.756788362003238,0.550506286024353,-12695,-1.233011490948365,0.21360272043848405,31857,3.094135255387323,-0.48877746870450034,,,,,,NORMAL,,SPY
2014-03-25,S&P 500 Consolidated - CHICAGO MERCANTILE EXCHANGE,13874+,683526,45014,218933,322290,95446,90698,180300,54654,49067,97380,66290,ES,2014-03-28 15:30:00-04:00,-89602,-13.10879176505356,-3.4255479978562313,13.461538461538462,-1.094034404891283,226844,33.1873257198702,12.608417355108593,94.23076923076923,1.5709309878351838,-173919,-25.444386899693647,-12.687598537690409,5587,0.8173792950085293,2.0503907859568944,31090,4.548473649868476,1.454338394481153,2014-04-01,188.30999755859375,178.16399688720702,0.01960038480337321,424.0619227216749,NORMAL,,SPY
2014-04-01,S&P 500 Consolidated - CHICAGO MERCANTILE EXCHANGE,13874+,681463,44301,220148,313918,93509,93306,170812,52853,50158,100753,70504,ES,2014-04-04 15:30:00-04:00,-77506,-11.373471487080003,1.7353202779735568,28.846153846153843,-0.4554118963219805,220409,32.34350214171569,-0.8438235781545131,92.94871794871796,1.4170123603770917,-175847,-25.804335671929366,-0.3599487722357182,2695,0.3954726815689186,-0.4219066134396107,30249,4.438832335724757,-0.10964131414371892,,,,,,NORMAL,,SPY
2014-04-08,S&P 500 Consolidated - CHICAGO MERCANTILE EXCHANGE,13874+,676428,42567,222458,309079,98475,83106,164129,56404,38845,99911,67159,ES,2014-04-11 15:30:00-04:00,-81023,-11.978067140922612,-0.6045956538426083,23.076923076923077,-0.6887767815133659,210604,31.134725351404732,-1.2087767903109565,89.1025641025641,1.1853098719943047,-179891,-26.59425689060772,-0.7899212186783551,17559,2.5958416860331033,2.200369004464185,32752,4.841904829486657,0.4030724937618997,,,,,,NORMAL,,SPY
2014-04-15,S&P 500 Consolidated - CHICAGO MERCANTILE EXCHANGE,13874+,688040,43657,207016,302350,102425,88643,171139,54854,41028,106327,74223,ES,2014-04-18 15:30:00-04:00,-82496,-11.99000058136155,-0.011933440438937737,22.435897435897438,-0.7040180835156932,199925,29.057176908319285,-2.0775484430854476,74.35897435897436,0.7877015374184073,-163359,-23.742660310447068,2.8515965801606526,13826,2.009476193244579,-0.5863654927885245,32104,4.666007790244754,-0.17589703924190303,,,,,,NORMAL,,SPY
2014-04-22,S&P 500 Consolidated - CHICAGO MERCANTILE EXCHANGE,13874+,686751,42278,207957,299665,96748,99876,170962,52276,43550,103609,78487,ES,2014-04-25 15:30:00-04:00,-71086,-10.351058826270366,1.6389417550911833,45.51282051282051,-0.09038233125830314,202917,29.54739053892896,0.4902136306096736,80.76923076923077,0.8952850633832544,-165679,-24.12504677823549,-0.38238646778842167,8726,1.2706206470758687,-0.7388555461687101,25122,3.6580944185010287,-1.007913371743725,2014-05-01,192.67999267578125,180.56099548339844,0.08137838475717303,433.9028687983814,NORMAL,,SPY
2014-04-29,S&P 500 Consolidated - CHICAGO MERCANTILE EXCHANGE,13874+,702673,43209,220228,296518,96468,101578,165198,54689,45615,107296,75781,ES,2014-05-02 15:30:00-04:00,-63620,-9.053998090150042,1.297060736120324,66.66666666666666,0.39956305989978624,200050,28.46985724511971,-1.0775332938092497,73.07692307692307,0.6931395026555311,-177019,-25.192230240809025,-1.067183462573535,9074,1.29135458456494,0.020733937489071153,31515,4.485016501274419,0.8269220827733905,,,,,,NORMAL,,SPY
2014-05-06,S&P 500 Consolidated - CHICAGO MERCANTILE EXCHANGE,13874+,703712,44258,194784,300252,99409,90275,175210,53264,46150,102418,74914,ES,2014-05-09 15:30:00-04:00,-84935,-12.069568232458733,-3.0155701423086914,19.230769230769234,-0.7412187663573605,200843,28.54051089081897,0.07065364569926302,74.35897435897436,0.7167780072207159,-150526,-21.390284661907145,3.8019455789018792,7114,1.010924923832477,-0.280429660732463,27504,3.9084170797144284,-0.5765994215599908,,,,,,NORMAL,,SPY
2014-05-13,S&P 500 Consolidated - CHICAGO MERCANTILE EXCHANGE,13874+,729317,43380,203565,305537,96193,98148,181172,52744,47909,112851,83820,ES,2014-05-16 15:30:00-04:00,-83024,-11.383801556799032,0.6857666756597016,28.846153846153843,-0.47637474181600803,209344,28.70411631704732,0.16360542622834728,75.64102564102564,0.7618946339629818,-160185,-21.96370028396431,-0.5734156220571656,4835,0.6629490331364825,-0.34797589069599444,29031,3.9805736051675744,0.07215652545314599,,,,,,NORMAL,,SPY
2014-05-20,S&P 500 Consolidated - CHICAGO MERCANTILE EXCHANGE,13874+,742933,51543,196032,301965,97194,86024,186096,52445,45840,120586,87400,ES,2014-05-23 15:30:00-04:00,-100072,-13.46985528977714,-2.086053732978108,10.256410256410255,-1.263343965048407,204771,27.56251236652565,-1.1416039505216702,67.3076923076923,0.5413652627006253,-144489,-19.448456321094902,2.515243962869409,6605,0.8890438303319411,0.22609479719545866,33186,4.466890015654171,0.48631641048659624,,,,,,NORMAL,,SPY
2014-05-27,S&P 500 Consolidated - CHICAGO MERCANTILE EXCHANGE,13874+,758245,48659,202744,306752,96490,97311,186592,58007,49584,119935,95252,ES,2014-05-30 15:30:00-04:00,-89281,-11.774690238643183,1.6951650511339569,25.0,-0.6129103094339925,210262,27.73008724093136,0.1675748744057124,67.94871794871796,0.584737676047841,-154085,-20.32126819167947,-0.8728118705845667,8423,1.110854670983653,0.22181084065171197,24683,3.255280285395881,-1.2116097302582896,2014-06-01,195.72000122070312,183.76799621582032,0.05062004549050714,440.7487712218508,NORMAL,,SPY
2014-06-03,S&P 500 Consolidated - CHICAGO MERCANTILE EXCHANGE,13874+,774514,50425,204035,315566,96554,98320,193478,54894,53733,124145,95549,ES,2014-06-06 15:30:00-04:00,-95158,-12.286156221837178,-0.5114659831939949,17.94871794871795,-0.8019204902167674,219012,28.27734553539381,0.5472582944624484,72.43589743589743,0.705422467067364,-153610,-19.83308242330029,0.4881857683791786,1161,0.14990045370387106,-0.960954217279782,28596,3.6921217692643387,0.43684148386845756,,,,,,NORMAL,,SPY
2014-06-10,S&P 500 Consolidated - CHICAGO MERCANTILE EXCHANGE,13874+,814572,56275,202094,314012,92767,103322,199872,58448,58254,130345,109415,ES,2014-06-13 15:30:00-04:00,-96550,-11.852850331216885,0.4333058906202929,25.0,-0.6372534370720191,221245,27.16088939958653,-1.1164561358072795,64.74358974358975,0.47888534972387614,-145819,-17.901302770043653,1.931779653256637,194,0.02381618813315459,-0.12608426557071648,20930,2.569447513540853,-1.1226742557234854,,,,,,NORMAL,,SPY
2014-06-17,S&P 500 Consolidated - CHICAGO MERCANTILE EXCHANGE,13874+,914025,62006,202144,316095,96407,110856,212937,56694,57123,131635,108675,ES,2014-06-20 15:30:00-04:00,-102081,-11.16829408385985,0.684556247357035,35.256410256410255,-0.3745994990104145,219688,24.035228795711276,-3.1256606038752537,40.38461538461539,-0.1621883294343584,-140138,-15.33196575586007,2.569337014183583,-429,-0.04693525888241569,-0.07075144701557028,22960,2.5119663028910586,-0.05748121064979461,,,,,,NORMAL,,SPY
2014-06-24,S&P 500 Consolidated - CHICAGO MERCANTILE EXCHANGE,13874+,705455,54609,193196,327659,101286,90247,207264,53243,45790,100295,78516,ES,2014-06-27 15:30:00-04:00,-117017,-16.587450652415818,-5.419156568555968,1.282051282051282,-2.414673527800054,226373,32.0889355097065,8.053706713995226,96.7948717948718,1.5250851514780703,-138587,-19.645051775095506,-4.3130860192354366,7453,1.0564812780404136,1.1034165369228293,21779,3.0872273922503917,0.5752610893593331,2014-07-01,193.08999633789062,186.27599639892577,0.03251164114029446,434.8261705005278,EXTREME_SHORT,short,SPY
2014-07-01,S&P 500 Consolidated - CHICAGO MERCANTILE EXCHANGE,13874+,727127,55067,195646,325200,107233,95098,203319,55429,49769,106855,81681,ES,2014-07-04 15:30:00-04:00,-108221,-14.883369755214702,1.7040808972011163,7.051282051282051,-1.7338341324912734,217967,29.976469034982884,-2.112466474723618,89.74358974358975,1.1018067320971379,-140579,-19.333486447346885,0.311565327748621,5660,0.7784059730968593,-0.27807530494355426,25174,3.4621187220389285,0.3748913297885368,,,,,,EXTREME_SHORT,short,SPY
2014-07-08,S&P 500 Consolidated - CHICAGO MERCANTILE EXCHANGE,13874+,727096,57381,192581,324910,103457,91718,203177,52965,48007,104381,84134,ES,2014-07-11 15:30:00-04:00,-111459,-15.329337529019552,-0.44596777380485086,5.769230769230769,-1.869897883638604,221453,30.45718859682903,0.48071956184614706,91.02564102564102,1.2268945609440884,-135200,-18.594518467987722,0.7389679793591633,4958,0.6818906994399639,-0.09651527365689538,20247,2.7846391673176583,-0.6774795547212702,,,,,,EXTREME_SHORT,short,SPY
2014-07-15,S&P 500 Consolidated - CHICAGO MERCANTILE EXCHANGE,13874+,726972,47237,196454,324395,103115,97219,196878,52750,49315,99896,75733,ES,2014-07-18 15:30:00-04:00,-99659,-13.708781080976983,1.620556448042569,11.538461538461538,-1.2485642258401164,221280,30.438586355457982,-0.018602241371048933,91.02564102564102,1.2280742011515058,-149217,-20.525824928607978,-1.931306460620256,3435,0.4725078820092108,-0.20938281743075315,24163,3.3237868858773103,0.539147718559652,,,,,,UNWINDING_SHORT,short,SPY
2014-07-22,S&P 500 Consolidated - CHICAGO MERCANTILE EXCHANGE,13874+,739612,43205,191187,324304,104516,99848,192032,49798,50442,103471,82448,ES,2014-07-25 15:30:00-04:00,-92184,-12.463832387792518,1.2449486931844653,19.230769230769234,-0.7832112205546502,219788,29.71666224993645,-0.7219241055215306,87.82051282051282,1.0795540063584625,-147982,-20.008058279205855,0.5177666494021231,-644,-0.08707268135184394,-0.5595805633610548,21023,2.8424363044407066,-0.4813505814366037,2014-08-01,200.7100067138672,188.76799774169922,0.065848915703029,451.98594052383885,CONFIRMED_BULLISH,short,SPY
2014-07-29,S&P 500 Consolidated - CHICAGO MERCANTILE EXCHANGE,13874+,746886,43360,186559,326328,105092,94760,195868,50311,51208,106158,82190,ES,2014-08-01 15:30:00-04:00,-101108,-13.537273425931133,-1.0734410381386148,12.179487179487179,-1.162291867492383,221236,29.62112022450548,-0.0955420254309729,86.53846153846155,1.067373539864374,-143199,-19.172805488387787,0.8352527908180676,-897,-0.12009864959311059,-0.03302596824126665,23968,3.209057339406549,0.36662103496584253,2014-08-01,200.7100067138672,188.76799774169922,0.065848915703029,451.98594052383885,NORMAL,,SPY
2014-08-05,S&P 500 Consolidated - CHICAGO MERCANTILE EXCHANGE,13874+,746293,41066,176362,314067,111188,101617,197330,45566,43879,109523,83081,ES,2014-08-08 15:30:00-04:00,-95713,-12.825123644466718,0.7121497814644151,17.307692307692307,-0.8925836122325057,202879,27.184899228587163,-2.4362209959183154,64.74358974358975,0.534452962514772,-135296,-18.12907262965082,1.0437328587369663,1687,0.22605062622857242,0.346149275821683,26442,3.54311242367274,0.3340550842661907,,,,,,UNWINDING_SHORT,short,SPY
2014-08-12,S&P 500 Consolidated - CHICAGO MERCANTILE EXCHANGE,13874+,752126,42617,176336,314531,110429,102676,201227,46344,43313,115837,90700,ES,2014-08-15 15:30:00-04:00,-98551,-13.10299072229919,-0.27786707783247167,15.384615384615385,-0.9813502113720435,204102,27.13667656749002,-0.04822266109714235,63.46153846153846,0.5149493298691251,-133719,-17.778803019706803,0.3502696099440179,3031,0.4029909882120815,0.1769403619835091,25137,3.3421261863038905,-0.20098623736884935,,,,,,NORMAL,,SPY
2014-08-19,S&P 500 Consolidated - CHICAGO MERCANTILE EXCHANGE,13874+,764463,41578,176931,321460,108749,100338,200641,48519,45581,116657,96651,ES,2014-08-22 15:30:00-04:00,-100303,-13.120713494309078,-0.017722772009888033,14.743589743589745,-0.982631712200295,212711,27.824891459756717,0.6882148922666964,69.87179487179486,0.6549629898015609,-135353,-17.705631273194385,0.07317174651241842,2938,0.38432206660099966,-0.018668921611081857,20006,2.6170004303674608,-0.7251257559364297,,,,,,NORMAL,,SPY
2014-08-26,S&P 500 Consolidated - CHICAGO MERCANTILE EXCHANGE,13874+,769648,42714,179897,321379,107780,98406,193424,48056,48341,115957,97071,ES,2014-08-29 15:30:00-04:00,-95018,-12.345643722844729,0.7750697714643486,22.435897435897438,-0.7049661498655598,213599,27.75281687212856,-0.07207458762815833,67.94871794871796,0.6293774706936954,-137183,-17.824122196120825,-0.11849092292644059,-285,-0.03702991497411804,-0.4213519815751177,18886,2.4538490322848885,-0.16315139808257229,2014-09-01,197.02000427246094,190.3699981689453,0.02252445381800765,443.6762939281316,NORMAL,,SPY
2014-09-02,S&P 500 Consolidated - CHICAGO MERCANTILE EXCHANGE,13874+,781007,44474,173044,317563,108450,99904,197393,47605,51698,120563,99525,ES,2014-09-05 15:30:00-04:00,-97489,-12.482474548883685,-0.13683082603895613,20.51282051282051,-0.7593075598253288,209113,26.77479203131342,-0.978024840815138,58.97435897435898,0.4060150539728202,-128570,-16.46208036547688,1.3620418306439461,-4093,-0.5240670058014845,-0.4870370908273664,21038,2.69370184902312,0.23985281673823167,,,,,,NORMAL,,SPY
2014-09-09,S&P 500 Consolidated - CHICAGO MERCANTILE EXCHANGE,13874+,818907,44063,169862,316189,110334,101497,201461,43595,50701,125931,98919,ES,2014-09-12 15:30:00-04:00,-99964,-12.207002748785882,0.2754718000978027,23.717948717948715,-0.659241579812865,205855,25.137775107551896,-1.637016923761525,44.871794871794876,0.032610299702942346,-125799,-15.361817642296378,1.1002627231805011,-7106,-0.8677420024496066,-0.3436749966481222,27012,3.2985430580029234,0.6048412089798032,,,,,,NORMAL,,SPY
2014-09-16,S&P 500 Consolidated - CHICAGO MERCANTILE EXCHANGE,13874+,949208,42556,177997,324541,108572,110412,209560,45778,49857,142626,119928,ES,2014-09-19 15:30:00-04:00,-99148,-10.445339693723609,1.7616630550622734,50.0,-0.022103538706520806,215969,22.75254738687411,-2.3852277206777863,25.64102564102564,-0.5265958424184287,-135441,-14.268843077597323,1.0929745646990554,-4079,-0.4297266773984206,0.43801532505118607,22698,2.391256710857894,-0.9072863471450292,,,,,,NORMAL,,SPY
2014-09-23,S&P 500 Consolidated - CHICAGO MERCANTILE EXCHANGE,13874+,687035,43922,187392,331784,119206,92842,184644,42307,46179,87690,61123,ES,2014-09-26 15:30:00-04:00,-91802,-13.362055790461913,-2.9167160967383037,12.82051282051282,-1.0877020457524242,212578,30.94136397708996,8.18881659021585,94.87179487179486,1.3335461203994066,-143470,-20.88248779174278,-6.613644714145456,-3872,-0.5635811858202275,-0.13385450842180696,26567,3.866906343927165,1.475649633069271,2014-10-01,201.66000366210938,192.06699829101564,0.030349491132017837,454.1252721454961,NORMAL,,SPY
2014-09-30,S&P 500 Consolidated - CHICAGO MERCANTILE EXCHANGE,13874+,688127,40900,183106,325304,121789,97024,186066,42074,43896,90943,61388,ES,2014-10-03 15:30:00-04:00,-89042,-12.939762572897154,0.4222932175647589,16.666666666666664,-0.9244295401449475,203515,29.57520922736646,-1.3661547497234992,83.97435897435898,1.009651974835077,-142206,-20.665662007158563,0.2168257845842163,-1822,-0.26477670546279974,0.2988044803574278,29555,4.294992058152056,0.42808571422489106,,,,,,NORMAL,,SPY
2014-10-07,S&P 500 Consolidated - CHICAGO MERCANTILE EXCHANGE,13874+,683188,40033,167384,312711,124733,99991,187290,41955,42285,87089,60086,ES,2014-10-10 15:30:00-04:00,-87299,-12.778181115593366,0.1615814573037877,18.58974358974359,-0.8576430976408407,187978,27.514827543809318,-2.060381683557143,64.1025641025641,0.5258881143824528,-127351,-18.640696265156883,2.0249657420016796,-330,-0.04830295614091582,0.21647374932188393,27003,3.9524991656762123,-0.3424928924758439,,,,,,NORMAL,,SPY
2014-10-14,S&P 500 Consolidated - CHICAGO MERCANTILE EXCHANGE,13874+,695436,39797,175315,309176,133747,110243,183212,43078,43937,98362,64446,ES,2014-10-17 15:30:00-04:00,-72969,-10.492554311252222,2.2856268043411436,50.641025641025635,-0.03292129314347137,175429,25.22575765419104,-2.289069889618279,42.94871794871795,-0.0350296017662248,-135518,-19.486768013160088,-0.8460717480032045,-859,-0.12351963372618041,-0.0752166775852646,33916,4.876940509263253,0.9244413435870409,,,,,,NORMAL,,SPY
2014-10-21,S&P 500 Consolidated - CHICAGO MERCANTILE EXCHANGE,13874+,720693,43239,140417,313014,128735,90314,201568,41301,41634,125595,101108,ES,2014-10-24 15:30:00-04:00,-111254,-15.43708624892985,-4.9445319376776276,5.769230769230769,-1.8086415110329157,184279,25.569694724383336,0.3439370701922968,47.43589743589743,0.035102965817997114,-97178,-13.483966127047161,6.002801886112927,-333,-0.04620552718008916,0.07731410654609125,24487,3.397701934110641,-1.4792385751526123,,,,,,EXTREME_SHORT,short,SPY
2014-10-28,S&P 500 Consolidated - CHICAGO MERCANTILE EXCHANGE,13874+,732657,42295,151738,316732,128100,94575,195956,41629,44972,121952,96419,ES,2014-10-31 15:30:00-04:00,-101381,-13.837443715135459,1.5996425337943911,10.256410256410255,-1.2118945258632443,188632,25.746290556153834,0.17659583177049853,48.717948717948715,0.06356455650500631,-109443,-14.937822200565886,-1.4538560735187254,-3343,-0.45628445507242815,-0.410078927892339,25533,3.484986835586093,0.08728490147545198,2014-11-01,207.1999969482422,194.96899871826173,0.0730747365371549,466.6009783493139,UNWINDING_SHORT,short,SPY
2014-11-04,S&P 500 Consolidated - CHICAGO MERCANTILE EXCHANGE,13874+,728520,42019,175363,310979,130885,105000,170829,41362,46133,108740,84890,ES,2014-11-07 15:30:00-05:00,-65829,-9.035990775819469,4.80145293931599,68.58974358974359,0.49910555812560736,180094,24.720529292263766,-1.0257612638900682,37.82051282051282,-0.21167886715673415,-133344,-18.303409652446057,-3.3655874518801703,-4771,-0.6548893647394718,-0.19860490966704364,23850,3.2737605007412287,-0.2112263348448642,,,,,,UNWINDING_SHORT,short,SPY
2014-11-11,S&P 500 Consolidated - CHICAGO MERCANTILE EXCHANGE,13874+,730037,42184,187373,315427,127687,109087,170183,40299,45876,104346,80224,ES,2014-11-14 15:30:00-05:00,-61096,-8.36889089183151,0.6670998839879587,75.64102564102564,0.7308754011213322,187740,25.716504779894716,0.9959754876309503,48.07692307692308,0.030019115276142778,-145189,-19.887896092937755,-1.5844864404916983,-5577,-0.7639338828032004,-0.10904451806372861,24122,3.304216087677748,0.030455586936519286,,,,,,UNWINDING_SHORT,short,SPY
2014-11-18,S&P 500 Consolidated - CHICAGO MERCANTILE EXCHANGE,13874+,753656,40553,205309,327126,125093,113399,170670,40886,47112,103579,77359,ES,2014-11-21 15:30:00-05:00,-57271,-7.59909030114535,0.7698005906861605,81.41025641025641,0.9992686939185136,202033,26.80705786194232,1.0905530820476024,57.05128205128205,0.30068211907055853,-164756,-21.86090205611048,-1.9730059631727244,-6226,-0.8261063402931842,-0.06217245748998379,26220,3.4790408356066957,0.17482474792894775,,,,,,UNWINDING_SHORT,short,SPY
2014-11-25,S&P 500 Consolidated - CHICAGO MERCANTILE EXCHANGE,13874+,772687,40886,200636,329976,124090,113203,171618,40358,50603,103212,80687,ES,2014-11-28 15:30:00-05:00,-58415,-7.55998224378047,0.039108057364879656,81.41025641025641,1.0026000186463162,205886,26.64545928687813,-0.16159857506418973,54.48717948717948,0.24429831985580067,-159750,-20.674606923631433,1.1862951324790458,-10245,-1.3258926318159876,-0.4997862915228034,22525,2.9151519308594556,-0.5638889047472402,2014-12-01,205.5399932861328,196.8939987182617,0.024064503067608725,462.86275757609076,NORMAL,,SPY
2014-12-02,S&P 500 Consolidated - CHICAGO MERCANTILE EXCHANGE,13874+,776987,40171,206130,324297,123492,126690,173582,38968,50570,96584,72936,ES,2014-12-05 15:30:00-05:00,-46892,-6.03510740848946,1.5248748352910102,94.23076923076923,1.525868290612948,200805,25.84406174105873,-0.8013975458193983,47.43589743589743,0.009341010428849357,-165959,-21.35930202178415,-0.6846950981527158,-11602,-1.4932038759979254,-0.16731124418193777,23648,3.0435515652128027,0.12839963435334711,,,,,,EXTREME_LONG,long,SPY
2014-12-09,S&P 500 Consolidated - CHICAGO MERCANTILE EXCHANGE,13874+,775987,36169,211208,325080,124396,124028,160235,38001,51840,93473,69072,ES,2014-12-12 15:30:00-05:00,-36207,-4.665928681794927,1.3691787266945328,98.71794871794873,1.9971826174791871,200684,25.861773457545038,0.017711716486306983,48.07692307692308,-0.003229478651160952,-175039,-22.556950051998292,-1.1976480302141432,-13839,-1.7834061653094704,-0.290202289311545,24401,3.144511441557655,0.10095987634485226,,,,,,EXTREME_LONG,long,SPY
2014-12-16,S&P 500 Consolidated - CHICAGO MERCANTILE EXCHANGE,13874+,832516,35471,222938,309845,129603,139234,149682,40056,50367,103523,75538,ES,2014-12-19 15:30:00-05:00,-10448,-1.2549908950698845,3.410937786725043,100.0,3.165727085395634,180242,21.650274589317203,-4.211498868227835,10.256410256410255,-1.2753872504776018,-187467,-22.51812577776283,0.03882427423546275,-10311,-1.2385347548875938,0.5448714104218766,27985,3.3614969562146553,0.21698551465700033,,,,,,EXTREME_LONG,long,SPY
2014-12-23,S&P 500 Consolidated - CHICAGO MERCANTILE EXCHANGE,13874+,672428,37597,223421,330876,116906,106588,140356,35834,54369,81865,57708,ES,2014-12-26 15:30:00-05:00,-33768,-5.021801590653572,-3.766810695583688,96.7948717948718,1.7938864961784042,213970,31.82050717697657,10.170232587659367,98.07692307692307,1.7544239429831388,-185824,-27.634780229258745,-5.116654451495915,-18535,-2.756428941091091,-1.5178941862034971,24157,3.59250358402684,0.23100662781218473,2015-01-01,199.4499969482422,198.13799896240235,0.012333735778529316,449.1484801086383,EXTREME_LONG,long,SPY
2014-12-30,S&P 500 Consolidated - CHICAGO MERCANTILE EXCHANGE,13874+,677927,36214,226369,332974,114021,106312,142369,35847,52115,88061,64535,ES,2015-01-02 15:30:00-05:00,-36057,-5.318714256844763,-0.29691266619119094,96.15384615384616,1.6756242301756095,218953,32.297430254289914,0.4769230773133444,98.71794871794873,1.879510273640803,-190155,-28.049480253773638,-0.4147000245148931,-16268,-2.3996684008750204,0.3567605402160705,23526,3.470285148695951,-0.12221843533088883,,,,,,EXTREME_LONG,long,SPY
2015-01-06,S&P 500 Consolidated - CHICAGO MERCANTILE EXCHANGE,13874+,675726,34697,223287,319680,118013,109828,133461,31890,53111,90063,58286,ES,2015-01-09 15:30:00-05:00,-23633,-3.4974235118968338,1.8212907449479294,98.71794871794873,2.284382842000535,201667,29.844493182147794,-2.45293707214212,87.82051282051282,1.1207665402488867,-188590,-27.90924131970651,0.14023893406712773,-21221,-3.140474097489219,-0.7408056966141987,31777,4.702645746944768,1.2323605982488166,,,,,,EXTREME_LONG,long,SPY
2015-01-13,S&P 500 Consolidated - CHICAGO MERCANTILE EXCHANGE,13874+,671513,34415,207166,323607,118522,100503,137613,30954,53896,87021,59303,ES,2015-01-16 15:30:00-05:00,-37110,-5.526326370450014,-2.02890285855318,94.87179487179486,1.574624626478826,205085,30.540734133218567,0.6962409510707737,91.66666666666666,1.3242413637861123,-172751,-25.725637478351125,2.183603841355385,-22942,-3.416464014844091,-0.27598991735487166,27718,4.127693730426663,-0.5749520165181048,,,,,,EXTREME_LONG,long,SPY
2015-01-20,S&P 500 Consolidated - CHICAGO MERCANTILE EXCHANGE,13874+,671899,34878,200212,315513,119471,97427,134503,31600,54508,96805,67529,ES,2015-01-23 15:30:00-05:00,-37076,-5.518091260740081,0.008235109709932686,94.87179487179486,1.5635435574252476,196042,29.177301945679336,-1.3634321875392317,76.92307692307693,0.8906800493410149,-165334,-24.606972178854264,1.118665299496861,-22908,-3.4094410022934993,0.0070230125505914565,29276,4.357202496208507,0.2295087657818442,,,,,,EXTREME_LONG,long,SPY
2015-01-27,S&P 500 Consolidated - CHICAGO MERCANTILE EXCHANGE,13874+,672635,33065,200800,315498,113184,93893,132096,31095,53974,92640,66137,ES,2015-01-30 15:30:00-05:00,-38203,-5.679603351000171,-0.16151209026009017,93.58974358974359,1.499881365280636,202314,30.077828242657606,0.9005262969782706,88.46153846153845,1.1564496786613663,-167735,-24.937001494123855,-0.33002931526959145,-22879,-3.4013989756703116,0.008042026623187759,26503,3.940175578136731,-0.4170269180717763,2015-02-01,210.66000366210938,200.3729995727539,0.04462957372092442,474.3926894572484,EXTREME_LONG,long,SPY
2015-02-03,S&P 500 Consolidated - CHICAGO MERCANTILE EXCHANGE,13874+,689848,34823,180088,308318,120063,96436,145844,29662,50440,110818,83622,ES,2015-02-06 15:30:00-05:00,-49408,-7.162157460773968,-1.4825541097737966,85.25641025641025,1.0067479502385956,188255,27.289344899166192,-2.7884833434914142,58.333333333333336,0.28274021195459165,-145265,-21.057537312567405,3.8794641815564503,-20778,-3.011967853788081,0.3894311218822306,27196,3.9423177279632613,0.0021421498265303818,,,,,,UNWINDING_LONG,long,SPY
2015-02-10,S&P 500 Consolidated - CHICAGO MERCANTILE EXCHANGE,13874+,703790,34023,175367,305623,118584,101621,151267,28958,50652,118546,92900,ES,2015-02-13 15:30:00-05:00,-49646,-7.054092840193808,0.10806462058016031,85.25641025641025,1.0372455780872567,187039,26.575967262961964,-0.7133776362042283,49.358974358974365,0.0575879543105944,-141344,-20.083263473479306,0.9742738390880987,-21694,-3.082453572798704,-0.07048571901062317,25646,3.6439847113485557,-0.29833301661470557,,,,,,NORMAL,,SPY
2015-02-17,S&P 500 Consolidated - CHICAGO MERCANTILE EXCHANGE,13874+,705929,32654,174559,302455,113638,100257,149862,28691,51282,121249,95965,ES,2015-02-20 15:30:00-05:00,-49605,-7.026910638321985,0.027182201871823075,85.25641025641025,1.0368452565592532,188817,26.747307448766094,0.17134018580413013,51.28205128205128,0.1095836438557672,-141905,-20.10187993410102,-0.018616460621714737,-22591,-3.2001801880925704,-0.1177266152938663,25284,3.581663311749482,-0.06232139959907368,,,,,,NORMAL,,SPY
2015-02-24,S&P 500 Consolidated - CHICAGO MERCANTILE EXCHANGE,13874+,729019,33417,167122,308021,115524,97542,153241,28394,56010,128101,103579,ES,2015-02-27 15:30:00-05:00,-55699,-7.640267263267487,-0.613356624945502,77.56410256410257,0.8288645147858592,192497,26.404935948171445,-0.3423715005946484,47.43589743589743,0.003955367718430211,-133705,-18.34039990727265,1.7614800268283695,-27616,-3.7881042880912568,-0.5879240999986863,24522,3.3636983398237907,-0.2179649719256913,2015-03-01,206.42999267578125,201.7479995727539,-0.003716236890936257,464.8669785802252,UNWINDING_LONG,long,SPY
2015-03-03,S&P 500 Consolidated - CHICAGO MERCANTILE EXCHANGE,13874+,754597,38024,156699,302292,119553,101015,161132,30144,57703,135478,111866,ES,2015-03-06 15:30:00-05:00,-60117,-7.966769017104494,-0.3265017538370074,75.0,0.7171223628006088,182739,24.21676736059115,-2.1881685875802965,27.564102564102566,-0.6700133362407654,-118675,-15.726937689919255,2.613462217353396,-27559,-3.6521481002442364,0.13595618784702035,23612,3.1290874466768352,-0.2346108931469555,,,,,,NORMAL,,SPY
2015-03-10,S&P 500 Consolidated - CHICAGO MERCANTILE EXCHANGE,13874+,830808,57315,151524,298607,129162,105490,183050,30108,56160,165432,137055,ES,2015-03-13 15:30:00-04:00,-77560,-9.33549026971334,-1.3687212526088457,57.692307692307686,0.2688746322637537,169445,20.39520563114462,-3.821561729446529,4.487179487179487,-1.8482911803222941,-94209,-11.339443048213306,4.387494641705949,-26052,-3.1357425542363577,0.5164055460078787,28377,3.4155906057717305,0.2865031590948952,,,,,,NORMAL,,SPY
2015-03-17,S&P 500 Consolidated - CHICAGO MERCANTILE EXCHANGE,13874+,904970,57266,160763,306443,130773,102112,167115,27673,57480,165777,143143,ES,2015-03-20 15:30:00-04:00,-65003,-7.182890040553831,2.1526002291595088,83.33333333333334,0.962516087738328,175670,19.411693205299624,-0.9835124258449959,1.9230769230769231,-2.132075392964324,-103497,-11.436511707570416,-0.09706865935710951,-29807,-3.2937003436578007,-0.157957789421443,22634,2.501077383780678,-0.9145132219910526,,,,,,NORMAL,,SPY
2015-03-24,S&P 500 Consolidated - CHICAGO MERCANTILE EXCHANGE,13874+,629452,38109,151637,311227,123697,77783,152521,27892,48526,97234,75863,ES,2015-03-27 15:30:00-04:00,-74738,-11.873502665810896,-4.6906126252570655,31.41025641025641,-0.5561104009519523,187530,29.79258148357619,10.380888278276565,85.25641025641025,1.055324278876225,-113528,-18.03600592261205,-6.5994942150416325,-20634,-3.2780895127825476,0.015610830875253168,21371,3.3951754859782795,0.8940981021976016,2015-04-01,208.4600067138672,203.02200012207032,0.014206546283522622,469.43843876451444,NORMAL,,SPY
2015-03-31,S&P 500 Consolidated - CHICAGO MERCANTILE EXCHANGE,13874+,635500,38028,136941,297421,123365,82476,158629,27744,47014,102802,82522,ES,2015-04-03 15:30:00-04:00,-76153,-11.983162863886703,-0.10966019807580629,30.128205128205128,-0.5935874830201667,174056,27.388827694728562,-2.4037537888476272,60.256410256410255,0.3288712127107497,-98913,-15.564594807238395,2.4714111153736535,-19270,-3.032258064516129,0.24583144826641856,20280,3.1911880409126674,-0.20398744506561206,,,,,,NORMAL,,SPY
2015-04-07,S&P 500 Consolidated - CHICAGO MERCANTILE EXCHANGE,13874+,643859,36435,142110,300308,123216,83121,153825,25980,45024,109270,90939,ES,2015-04-10 15:30:00-04:00,-70704,-10.98128627541123,1.0018765884754721,42.94871794871795,-0.26814956617587576,177092,27.504779773211215,0.11595207848265332,60.89743589743589,0.3664972967357172,-105675,-16.412754966537705,-0.8481601592993098,-19044,-2.957790447908626,0.07446761660750312,18331,2.8470519166463464,-0.344136124266321,,,,,,NORMAL,,SPY
2015-04-14,S&P 500 Consolidated - CHICAGO MERCANTILE EXCHANGE,13874+,648744,37580,146821,303046,123120,86810,151064,23346,46601,107457,90632,ES,2015-04-17 15:30:00-04:00,-64254,-9.90436905774851,1.0769172176627198,53.205128205128204,0.075457919177991,179926,27.734514693006794,0.22973491979557892,63.46153846153846,0.4324547140339206,-109241,-16.838845523041446,-0.42609055650374117,-23255,-3.584618894355863,-0.6268284464472371,16825,2.5934729261465232,-0.25357899049982313,,,,,,NORMAL,,SPY
2015-04-21,S&P 500 Consolidated - CHICAGO MERCANTILE EXCHANGE,13874+,658194,36943,142432,300285,127028,91073,145347,22008,50339,111081,96242,ES,2015-04-24 15:30:00-04:00,-54274,-8.245897106324275,1.6584719514242359,71.15384615384616,0.6069569698482373,173257,26.323090152751316,-1.411424540255478,46.15384615384615,-0.00013463831796151358,-105489,-16.0270376211269,0.8118079019145448,-28331,-4.3043540354363605,-0.7197351410804975,14839,2.254502471915575,-0.3389704542309482,2015-05-01,211.13999938964844,204.8270004272461,0.058611193884549606,475.47360875923647,NORMAL,,SPY
2015-04-28,S&P 500 Consolidated - CHICAGO MERCANTILE EXCHANGE,13874+,667287,35243,138878,305025,127210,89176,145453,21726,51296,110742,99077,ES,2015-05-01 15:30:00-04:00,-56277,-8.433702439879692,-0.18780533355541706,68.58974358974359,0.5397517328138831,177815,26.64745454354723,0.32436439079591395,50.0,0.0942392491601743,-103635,-15.530798591910228,0.49623902921667273,-29570,-4.4313766040699125,-0.127022568633552,11665,1.7481233712030955,-0.5063791007124796,2015-05-01,211.13999938964844,204.8270004272461,0.058611193884549606,475.47360875923647,NORMAL,,SPY
2015-05-05,S&P 500 Consolidated - CHICAGO MERCANTILE EXCHANGE,13874+,669417,35249,121361,297582,120575,84194,154258,22128,50768,116808,109001,ES,2015-05-08 15:30:00-04:00,-70064,-10.466420781067706,-2.032718341188014,46.794871794871796,-0.11514283811834906,177007,26.441963678842935,-0.205490864704295,47.43589743589743,0.02735426744921337,-86112,-12.86373067908344,2.667067912826788,-28640,-4.278349668442839,0.15302693562707326,7807,1.1662386823161048,-0.5818846888869906,,,,,,NORMAL,,SPY
2015-05-12,S&P 500 Consolidated - CHICAGO MERCANTILE EXCHANGE,13874+,674672,35957,134627,299246,121359,84158,145331,22661,49970,114192,104928,ES,2015-05-15 15:30:00-04:00,-61173,-9.067072592311524,1.399348188756182,61.53846153846154,0.3304189989052771,177887,26.366441767258756,-0.07552191158417898,44.871794871794876,-0.001879875134132429,-98670,-14.624884388265706,-1.761153709182265,-27309,-4.047744681860222,0.23060498658261697,9264,1.3731116750065218,0.20687299269041692,,,,,,NORMAL,,SPY
2015-05-19,S&P 500 Consolidated - CHICAGO MERCANTILE EXCHANGE,13874+,683932,35732,146686,305631,117433,87097,139428,21530,52321,108778,102898,ES,2015-05-22 15:30:00-04:00,-52331,-7.651491668762391,1.4155809235491326,76.28205128205127,0.7816478047982767,188198,27.517063099840335,1.1506213325815793,60.89743589743589,0.3411997367545117,-110954,-16.22295783791371,-1.5980734496480054,-30791,-4.50205575992935,-0.45431107806912774,5880,0.8597345934975992,-0.5133770815089226,,,,,,NORMAL,,SPY
2015-05-26,S&P 500 Consolidated - CHICAGO MERCANTILE EXCHANGE,13874+,685015,37738,131476,300029,117819,82147,150257,21436,51636,114145,104306,ES,2015-05-29 15:30:00-04:00,-68110,-9.942847966832844,-2.2913562980704523,50.641025641025635,0.031143805034893935,182210,26.59941753100297,-0.917645568837365,48.07692307692308,0.04458596746492226,-93738,-13.684079910658891,2.53887792725482,-30200,-4.408662584031006,0.09339317589834373,9839,1.4363189127245388,0.5765843192269396,2015-06-01,205.85000610351562,205.34100036621095,-0.022832989058088136,463.56088636963403,NORMAL,,SPY
2015-06-02,S&P 500 Consolidated - CHICAGO MERCANTILE EXCHANGE,13874+,699436,37641,138473,301570,120145,88322,150266,22201,53326,117405,104928,ES,2015-06-05 15:30:00-04:00,-61944,-8.856278487238288,1.086569479594555,63.46153846153846,0.3757599901260772,181425,25.938756369417646,-0.660661161585324,39.743589743589745,-0.1762800175851873,-100832,-14.416186756186413,-0.7321068455275217,-31125,-4.450014011289095,-0.041351427258089046,12477,1.783865857633865,0.34754694490932625,,,,,,NORMAL,,SPY
2015-06-09,S&P 500 Consolidated - CHICAGO MERCANTILE EXCHANGE,13874+,744892,52809,129130,288479,121631,87028,162674,20775,49897,132171,117930,ES,2015-06-12 15:30:00-04:00,-75646,-10.15529768073761,-1.299019193499321,49.358974358974365,-0.05376320657151306,166848,22.39895179435408,-3.5398045750635667,9.615384615384617,-1.3498449945590398,-76321,-10.24591484403108,4.170271912155332,-29122,-3.9095600436036366,0.5404539676854587,14241,1.911820774018247,0.12795491638438183,,,,,,NORMAL,,SPY
2015-06-16,S&P 500 Consolidated - CHICAGO MERCANTILE EXCHANGE,13874+,818130,52408,124755,280807,118910,89149,162960,21395,46528,156432,147038,ES,2015-06-19 15:30:00-04:00,-73811,-9.021915832447165,1.133381848290444,61.53846153846154,0.3097377762329304,161897,19.788664393189347,-2.610287401164733,1.282051282051282,-2.2373940309879896,-72347,-8.84297116595162,1.4029436780794597,-25133,-3.072005671470304,0.8375543721333325,9394,1.1482282766797454,-0.7635924973385015,,,,,,NORMAL,,SPY
2015-06-23,S&P 500 Consolidated - CHICAGO MERCANTILE EXCHANGE,13874+,608957,44819,117121,292469,111267,70110,164459,19807,39696,97515,92177,ES,2015-06-26 15:30:00-04:00,-94349,-15.493540594820324,-6.471624762373159,4.487179487179487,-1.834515327518574,181202,29.75612399561874,9.967459602429393,84.61538461538461,1.0436743213672823,-72302,-11.873087919179843,-3.0301167532282225,-19889,-3.2660762582579723,-0.1940705867876682,5338,0.8765807766394015,-0.2716475000403439,2015-07-01,210.5,206.68899993896486,0.01971616271193256,474.0323715693174,EXTREME_SHORT,short,SPY
2015-06-30,S&P 500 Consolidated - CHICAGO MERCANTILE EXCHANGE,13874+,624941,45957,100986,278877,118149,77202,169437,19470,42555,102958,93337,ES,2015-07-03 15:30:00-04:00,-92235,-14.758993248962701,0.7345473458576226,8.333333333333332,-1.583184627392459,160728,25.718907864902448,-4.037216130716292,35.256410256410255,-0.28483682716107456,-55029,-8.805471236484724,3.0676166826951192,-23085,-3.6939487087581067,-0.42787245050013434,9621,1.5395053293030863,0.6629245526636848,,,,,,EXTREME_SHORT,short,SPY
2015-07-07,S&P 500 Consolidated - CHICAGO MERCANTILE EXCHANGE,13874+,644368,47655,93479,280078,120916,74479,167855,18397,43216,120530,115673,ES,2015-07-10 15:30:00-04:00,-93376,-14.491098254413627,0.2678949945490743,8.974358974358974,-1.4839516610631993,159162,24.70048171231346,-1.0184261525889866,25.0,-0.6236239578073306,-45824,-7.111464256449731,1.6940069800349935,-24819,-3.851681026990788,-0.1577323182326813,4857,0.7537618255406848,-0.7857435037624014,,,,,,EXTREME_SHORT,short,SPY
2015-07-14,S&P 500 Consolidated - CHICAGO MERCANTILE EXCHANGE,13874+,633569,46766,106297,280105,119733,76164,158549,21885,42036,110435,108740,ES,2015-07-17 15:30:00-04:00,-82385,-13.003319291190067,1.48777896322356,16.025641025641026,-1.0033080232417293,160372,25.3124758313617,0.6119941190482372,29.48717948717949,-0.43205602371633256,-59531,-9.396135227575844,-2.284670971126113,-20151,-3.180553341467149,0.671127685523639,1695,0.26753202887136207,-0.48622979666932276,,,,,,UNWINDING_SHORT,short,SPY
2015-07-21,S&P 500 Consolidated - CHICAGO MERCANTILE EXCHANGE,13874+,635291,45773,113544,282477,118049,82431,161057,19976,41488,107923,104443,ES,2015-07-24 15:30:00-04:00,-78626,-12.376375550731868,0.6269437404581986,20.51282051282051,-0.8097109537165635,164428,25.8823122002358,0.5698363688740997,37.82051282051282,-0.2536469716513785,-67771,-10.667709758205294,-1.2715745306294508,-21512,-3.3861647654382008,-0.2056114239710518,3480,0.5477804659596941,0.280248437088332,,,,,,UNWINDING_SHORT,short,SPY
2015-07-28,S&P 500 Consolidated - CHICAGO MERCANTILE EXCHANGE,13874+,647180,50897,115627,270625,123134,90300,159199,20442,42458,108121,99966,ES,2015-07-31 15:30:00-04:00,-68899,-10.64603356098767,1.7303419897441987,41.66666666666667,-0.25040449080526167,147491,22.789795729163448,-3.0925164710723507,12.179487179487179,-1.3106050181329187,-64730,-10.001854198213788,0.6658555599915061,-22016,-3.401835656231651,-0.015670890793450187,8155,1.260082202787478,0.712301736827784,2015-08-01,197.6699981689453,206.28999938964844,-0.051760568921655425,445.14003810036945,UNWINDING_SHORT,short,SPY
2015-08-04,S&P 500 Consolidated - CHICAGO MERCANTILE EXCHANGE,13874+,651953,56472,105823,264998,125077,84293,160107,20673,44088,115154,106494,ES,2015-08-07 15:30:00-04:00,-75814,-11.628752379389311,-0.9827188184016418,28.205128205128204,-0.591451486997141,139921,21.46182316823452,-1.3279725609289272,4.487179487179487,-1.7506048076610483,-49351,-7.56971744895721,2.4321367492565784,-23415,-3.5915165663782513,-0.18968091014660038,8660,1.3283166117802971,0.06823440899281907,,,,,,NORMAL,,SPY
2015-08-11,S&P 500 Consolidated - CHICAGO MERCANTILE EXCHANGE,13874+,671573,60826,106412,268732,127034,85799,166354,20759,44109,119047,111254,ES,2015-08-14 15:30:00-04:00,-80555,-11.994972996234214,-0.3662206168449025,23.717948717948715,-0.7218592416333949,141698,21.09941882714165,-0.36240434109286923,3.8461538461538463,-1.8528951264866669,-45586,-6.7879441252105135,0.7817733237466964,-23350,-3.4769116685751214,0.11460489780312999,7793,1.1604099628781979,-0.16790664890209928,,,,,,NORMAL,,SPY
2015-08-18,S&P 500 Consolidated - CHICAGO MERCANTILE EXCHANGE,13874+,688260,61142,106017,269192,128543,92831,165115,20508,43379,117211,117829,ES,2015-08-21 15:30:00-04:00,-72284,-10.502426408624647,1.4925465876095672,41.66666666666667,-0.22727070706678357,140649,20.43544590707,-0.6639729200716502,3.205128205128205,-2.0454161448312673,-44875,-6.520065091680469,0.2678790335300443,-22871,-3.32301746433034,0.15389420424478129,-618,-0.08979164850492546,-1.2502016113831234,,,,,,NORMAL,,SPY
2015-08-25,S&P 500 Consolidated - CHICAGO MERCANTILE EXCHANGE,13874+,782911,87882,111668,247481,156020,100719,151991,23099,45119,151964,146347,ES,2015-08-28 15:30:00-04:00,-51272,-6.548892530568609,3.953533878056038,85.8974358974359,1.1319478695756762,91461,11.682170770368534,-8.753275136701467,0.0,-4.86453957345802,-23786,-3.038148652912017,3.4819164387684522,-22020,-2.8125802294258224,0.5104372349045176,5617,0.717450642537913,0.8072422910428385,2015-09-01,191.6300048828125,204.73300018310547,-0.09240311908323541,431.53836426812103,NORMAL,,SPY
2015-09-01,S&P 500 Consolidated - CHICAGO MERCANTILE EXCHANGE,13874+,816628,128795,87975,230241,161967,90408,169043,22687,50754,164188,166580,ES,2015-09-04 15:30:00-04:00,-78635,-9.629231424834808,-3.080338894266199,51.28205128205128,0.03996560186486054,68274,8.360477475668235,-3.3216932947002995,0.0,-5.526366040010696,40820,4.998604015537063,8.036752668449079,-28067,-3.436938238708445,-0.6243580092826226,-2392,-0.29291182766204443,-1.0103624701999574,,,,,,NORMAL,,SPY
2015-09-08,S&P 500 Consolidated - CHICAGO MERCANTILE EXCHANGE,13874+,848170,145815,68158,228649,168591,82770,175720,24881,60122,174460,183983,ES,2015-09-11 15:30:00-04:00,-92950,-10.958887958781848,-1.3296565339470394,35.256410256410255,-0.45247401112632346,60058,7.080891802350944,-1.2795856733172908,0.0,-5.403958103504383,77657,9.155829609630144,4.157225594093082,-35241,-4.154945352936322,-0.7180071142278766,-9523,-1.1227701993704093,-0.829858371708365,,,,,,NORMAL,,SPY
2015-09-15,S&P 500 Consolidated - CHICAGO MERCANTILE EXCHANGE,13874+,921243,154012,77925,228415,168216,78523,177016,22781,56626,175294,179242,ES,2015-09-18 15:30:00-04:00,-98493,-10.691315972007386,0.2675719867744615,39.1025641025641,-0.37022041375387343,60199,6.5345408323319685,-0.5463509700189757,0.0,-5.086583391393187,76087,8.259167233835155,-0.896662375794989,-33845,-3.6738406696170283,0.48110468331929335,-3948,-0.4285514245427102,0.6942187748276991,,,,,,NORMAL,,SPY
2015-09-22,S&P 500 Consolidated - CHICAGO MERCANTILE EXCHANGE,13874+,679965,125504,61973,234596,179004,81027,176375,23175,44037,116315,119230,ES,2015-09-25 15:30:00-04:00,-95348,-14.022486451508534,-3.3311704795011483,4.487179487179487,-1.58211793759412,55592,8.17571492650357,1.6411740941716015,1.282051282051282,-4.304821395011875,63531,9.34327502150846,1.0841077876733038,-20862,-3.0680990933356864,0.6057415762813418,-2915,-0.42869853595405644,-0.00014711141134621242,2015-10-01,207.92999267578125,204.9720001220703,0.010104379453939213,468.24488146551727,EXTREME_SHORT,short,SPY
2015-09-29,S&P 500 Consolidated - CHICAGO MERCANTILE EXCHANGE,13874+,686659,120305,65651,230109,176659,90654,181065,24589,42153,113901,114030,ES,2015-10-02 15:30:00-04:00,-90411,-13.16679749337007,0.8556889581384635,8.333333333333332,-1.2524855683214144,53450,7.784067492015687,-0.39164743448788286,1.282051282051282,-4.136334946702792,54654,7.959409255540232,-1.3838657659682276,-17564,-2.5578926366653607,0.5102064566703257,-129,-0.018786617520486878,0.40991191843356956,,,,,,EXTREME_SHORT,short,SPY
2015-10-06,S&P 500 Consolidated - CHICAGO MERCANTILE EXCHANGE,13874+,696897,122350,65369,250273,164074,75780,190476,25532,41723,116108,128401,ES,2015-10-09 15:30:00-04:00,-114696,-16.458099260005422,-3.2913017666353515,0.641025641025641,-2.4216933801199256,86199,12.368972746331236,4.584905254315549,3.8461538461538463,-2.91831952679499,56981,8.176387615386492,0.21697835984626046,-16191,-2.323298851910684,0.23459378475467663,-12293,-1.7639622498016205,-1.7451756322811336,,,,,,EXTREME_SHORT,short,SPY
2015-10-13,S&P 500 Consolidated - CHICAGO MERCANTILE EXCHANGE,13874+,692719,108854,66752,263616,159680,73699,192998,21951,41023,111390,119057,ES,2015-10-16 15:30:00-04:00,-119299,-17.221846087663252,-0.7637468276578296,0.0,-2.6345145988626655,103936,15.004063696823676,2.6350909504924402,4.487179487179487,-2.2718522855124816,42102,6.077789117954033,-2.0985984974324587,-19072,-2.753208732545231,-0.42990988063454694,-7667,-1.1067979945692266,0.657164255232394,,,,,,EXTREME_SHORT,short,SPY
2015-10-20,S&P 500 Consolidated - CHICAGO MERCANTILE EXCHANGE,13874+,700025,112128,73617,271926,160434,62909,183184,24186,45673,106917,115156,ES,2015-10-23 15:30:00-04:00,-120275,-17.18152923109889,0.040316856564363235,0.641025641025641,-2.546241266834137,111492,15.92685975500875,0.9227960581850727,5.128205128205128,-2.029859908716354,38511,5.501374950894611,-0.5764141670594221,-21487,-3.069461804935538,-0.3162530723903072,-8239,-1.1769579657869362,-0.07015997121770967,,,,,,EXTREME_SHORT,short,SPY
2015-10-27,S&P 500 Consolidated - CHICAGO MERCANTILE EXCHANGE,13874+,668152,89895,79561,277785,151734,62346,168513,24387,43925,86917,97597,ES,2015-10-30 15:30:00-04:00,-106167,-15.889647864557766,1.2918813665411228,2.564102564102564,-2.0425025054721666,126051,18.865617404422945,2.938757649414196,6.41025641025641,-1.3890307550777323,10334,1.5466540547659815,-3.95472089612863,-19538,-2.9241849160071363,0.14527688892840196,-10680,-1.5984386786240257,-0.42148071283708943,2015-11-01,208.69000244140625,205.89600067138673,-0.008598563223723278,469.9563742522871,EXTREME_SHORT,short,SPY
2015-11-03,S&P 500 Consolidated - CHICAGO MERCANTILE EXCHANGE,13874+,671878,91795,77994,281332,150982,60347,166740,19190,46248,82390,93090,ES,2015-11-06 15:30:00-05:00,-106393,-15.83516650344259,0.054481361115175986,3.205128205128205,-1.9836126753828691,130350,19.400843605535528,0.5352262011125823,7.051282051282051,-1.2605324039374783,13801,2.0540931538166154,0.5074390990506339,-27058,-4.027219227300194,-1.103034311293058,-10700,-1.5925510286093607,0.005887650014664958,,,,,,EXTREME_SHORT,short,SPY
2015-11-10,S&P 500 Consolidated - CHICAGO MERCANTILE EXCHANGE,13874+,689592,105198,73571,266540,151535,65791,175292,16972,49832,92112,96384,ES,2015-11-13 15:30:00-05:00,-109501,-15.879099525516537,-0.043933022073947114,3.205128205128205,-1.9594498866194268,115005,16.67725263634149,-2.7235909691940385,5.769230769230769,-1.7957699137261827,31627,4.58633510829592,2.5322419544793044,-32860,-4.765136486502164,-0.7379172592019696,-4272,-0.6194967459019246,0.9730542827074361,,,,,,EXTREME_SHORT,short,SPY
2015-11-17,S&P 500 Consolidated - CHICAGO MERCANTILE EXCHANGE,13874+,680871,107931,67858,245634,153021,66015,166045,18183,49396,97266,98709,ES,2015-11-20 15:30:00-05:00,-100030,-14.691476065216465,1.1876234603000722,7.6923076923076925,-1.535018260290246,92613,13.602136087452688,-3.0751165488888006,4.487179487179487,-2.388484066214105,40073,5.885549538752568,1.2992144304566482,-31213,-4.5842751416935075,0.18086134480865645,-1443,-0.211934419295285,0.4075623266066396,,,,,,EXTREME_SHORT,short,SPY
2015-11-24,S&P 500 Consolidated - CHICAGO MERCANTILE EXCHANGE,13874+,678277,96837,75617,244521,152601,72263,147687,17844,53218,92184,94526,ES,2015-11-27 15:30:00-05:00,-75424,-11.119940673205784,3.5715353920106807,37.17948717948718,-0.35422092133109656,91920,13.551985398295976,-0.0501506891567125,4.487179487179487,-2.3469230603002385,21220,3.1285153410774655,-2.7570341976751025,-35374,-5.215273405997845,-0.6309982643043375,-2342,-0.34528666016981263,-0.13335224087452763,2015-12-01,203.8699951171875,205.21699981689454,0.031365391843344644,459.1020298205489,UNWINDING_SHORT,short,SPY
2015-12-01,S&P 500 Consolidated - CHICAGO MERCANTILE EXCHANGE,13874+,685208,90454,80957,242649,147479,76721,144596,17840,53014,88307,89926,ES,2015-12-04 15:30:00-05:00,-67875,-9.905751246336878,1.2141894268689057,52.56410256410257,0.04355655568688789,95170,13.88921320241445,0.33722780411847353,5.769230769230769,-2.229557885341557,9497,1.386002498511401,-1.7425128425660645,-35174,-5.133331776628411,0.08194162936943439,-1619,-0.23627861904706307,0.10900804112274956,,,,,,UNWINDING_SHORT,short,SPY
2015-12-08,S&P 500 Consolidated - CHICAGO MERCANTILE EXCHANGE,13874+,689577,75738,88377,234893,144602,86774,139008,18439,49423,82401,76834,ES,2015-12-11 15:30:00-05:00,-52234,-7.574788602288069,2.3309626440488094,77.56410256410257,0.8052772627320994,90291,13.093679168533754,-0.7955340338806955,4.487179487179487,-2.337690508479192,-12639,-1.8328627549932786,-3.2188652535046796,-30984,-4.493189303007496,0.6401424736209149,5567,0.8073065081927037,1.0435851272397667,,,,,,UNWINDING_SHORT,short,SPY
2015-12-15,S&P 500 Consolidated - CHICAGO MERCANTILE EXCHANGE,13874+,757425,64720,88341,230409,151216,91280,123851,22062,51460,118487,112091,ES,2015-12-18 15:30:00-05:00,-32571,-4.300227745321319,3.27456085696675,97.43589743589743,1.889598970363758,79193,10.4555566557745,-2.6381225127592547,3.205128205128205,-2.7864838264660947,-23621,-3.1185925999273856,-1.285729844934107,-29398,-3.881308380367693,0.6118809226398025,6396,0.8444400435686702,0.03713353537596653,,,,,,EXTREME_LONG,long,SPY
2015-12-22,S&P 500 Consolidated - CHICAGO MERCANTILE EXCHANGE,13874+,593654,53659,59895,237327,160769,73739,126241,19422,40538,105070,101774,ES,2015-12-25 15:30:00-05:00,-52502,-8.843872019728664,-4.543644274407345,66.02564102564102,0.4030553147792986,76558,12.896064037301189,2.4405073815266896,5.128205128205128,-2.260263537982605,-6236,-1.0504435243424621,2.0681490755849232,-21116,-3.556954050675983,0.32435432969170996,3296,0.5552055574459197,-0.2892344861227505,2016-01-01,193.72000122070312,203.9460006713867,0.01090641488616942,436.24490070812806,UNWINDING_LONG,long,SPY
2015-12-29,S&P 500 Consolidated - CHICAGO MERCANTILE EXCHANGE,13874+,584476,51416,63400,246928,155339,66512,126209,16909,39831,99278,96264,ES,2016-01-01 15:30:00-05:00,-59697,-10.21376412376214,-1.3698921040334753,51.28205128205128,-0.04658968373691013,91589,15.670275597287143,2.774211559985954,8.974358974358974,-1.707329275315726,-11984,-2.0503835914562787,-0.9999400671138166,-22922,-3.9218034615621513,-0.3648494108861682,3014,0.5156755794934266,-0.039529977952493134,2016-01-01,193.72000122070312,203.9460006713867,0.01090641488616942,436.24490070812806,UNWINDING_LONG,long,SPY
2016-01-05,S&P 500 Consolidated - CHICAGO MERCANTILE EXCHANGE,13874+,612018,61170,55686,234753,169171,65287,125499,21811,36880,112703,108488,ES,2016-01-08 15:30:00-05:00,-60212,-9.838272730540606,0.3754913932215338,55.12820512820513,0.08072915900504564,65582,10.715697904310003,-4.954577692977139,3.8461538461538463,-2.571247323541275,5484,0.896052076899699,2.946435668355978,-15069,-2.4621824848288774,1.459620976733274,4215,0.6887052341597796,0.173029654666353,,,,,,NORMAL,,SPY
2016-01-12,S&P 500 Consolidated - CHICAGO MERCANTILE EXCHANGE,13874+,649905,84611,57543,233857,184863,64766,119267,19995,47042,122598,117112,ES,2016-01-15 15:30:00-05:00,-54501,-8.38599487617421,1.452277854366395,69.87179487179486,0.5545771605291382,48994,7.538640262807641,-3.177057641502362,1.282051282051282,-3.0649488327968633,27068,4.164916410860049,3.26886433396035,-27047,-4.161685169370908,-1.6995026845420305,5486,0.8441233718774283,0.15541813771764867,,,,,,NORMAL,,SPY
2016-01-19,S&P 500 Consolidated - CHICAGO MERCANTILE EXCHANGE,13874+,681362,98982,55978,239326,193870,63655,142642,21617,42110,130790,119772,ES,2016-01-22 15:30:00-05:00,-78987,-11.592516166149565,-3.2065212899753543,30.76923076923077,-0.5049031543208706,45456,6.671343573606982,-0.8672966892006597,0.641025641025641,-3.10846423453563,43004,6.31147613163047,2.146559720770421,-20493,-3.007652319912176,1.1540328494587317,11018,1.6170552511000027,0.7729318792225744,,,,,,NORMAL,,SPY
2016-01-26,S&P 500 Consolidated - CHICAGO MERCANTILE EXCHANGE,13874+,687081,98532,60283,241762,202112,74641,143956,24038,36235,122817,119204,ES,2016-01-29 15:30:00-05:00,-69315,-10.08833019687635,1.5041859692732142,51.28205128205128,-0.014691816025859028,39650,5.770789761323629,-0.900553812283353,0.0,-3.1494482509723265,38249,5.566883671648612,-0.7445924599818579,-12197,-1.775190989126464,1.2324613307857122,3613,0.5258477530305743,-1.0912074980694284,2016-02-01,193.55999755859375,202.45599975585938,-0.06910977551754251,435.88458282019707,NORMAL,,SPY
2016-02-02,S&P 500 Consolidated - CHICAGO MERCANTILE EXCHANGE,13874+,719671,111098,51264,248699,197055,62672,151413,21732,38362,127822,133929,ES,2016-02-05 15:30:00-05:00,-88741,-12.33077336727477,-2.2424431703984187,21.153846153846153,-0.7587635915333313,51644,7.1760568370825,1.4052670757588714,2.564102564102564,-2.808738437138115,59834,8.314076849004614,2.747193177356002,-16630,-2.310778119446247,-0.5355871303197832,-6107,-0.8485821993660992,-1.3744299523966736,,,,,,NORMAL,,SPY
2016-02-09,S&P 500 Consolidated - CHICAGO MERCANTILE EXCHANGE,13874+,742952,108778,54917,250848,204773,67303,139568,22349,47208,137128,139939,ES,2016-02-12 15:30:00-05:00,-72265,-9.7267387395148,2.604034627759969,54.48717948717948,0.10012902348348857,46075,6.2016119480127925,-0.9744448890697077,0.641025641025641,-2.877080682133969,53861,7.249593513443668,-1.0644833355609462,-24859,-3.3459765906814978,-1.0351984712352507,-2811,-0.3783555330627012,0.47022666630339804,,,,,,NORMAL,,SPY
2016-02-16,S&P 500 Consolidated - CHICAGO MERCANTILE EXCHANGE,13874+,760791,105444,61087,251007,198787,71050,146777,26216,43096,139705,143674,ES,2016-02-19 15:30:00-05:00,-75727,-9.953719221179009,-0.22698048166420826,50.641025641025635,0.01926809369695178,52220,6.86390874760611,0.6622967995933173,2.564102564102564,-2.681973352952367,44357,5.83037917115213,-1.4192143422915384,-16880,-2.218743386817142,1.127233203864356,-3969,-0.5216938686183196,-0.14333833555561837,,,,,,NORMAL,,SPY
2016-02-23,S&P 500 Consolidated - CHICAGO MERCANTILE EXCHANGE,13874+,761112,115052,63461,251683,194111,70328,141995,22961,47140,139946,153263,ES,2016-02-26 15:30:00-05:00,-71667,-9.416091192886197,0.5376280282928114,56.41025641025641,0.19381326815092637,57572,7.564195545465056,0.7002867978589462,5.128205128205128,-2.4987894606536374,51591,6.778371645697348,0.9479924745452184,-24179,-3.1767992095775655,-0.9580558227604237,-13317,-1.7496767886986409,-1.2279829200803212,2016-03-01,205.52000427246094,201.8940002441406,-0.015189985777279152,462.8177436114532,NORMAL,,SPY
2016-03-01,S&P 500 Consolidated - CHICAGO MERCANTILE EXCHANGE,13874+,776246,127552,72317,241793,191022,70404,140031,24002,49726,148148,158803,ES,2016-03-04 15:30:00-05:00,-69627,-8.969708056466635,0.44638313641956273,64.74358974358975,0.3377823552279355,50771,6.540581207503807,-1.0236143379612495,1.9230769230769231,-2.587801300166395,55235,7.11565663462356,0.3372849889262124,-25724,-3.313897913805675,-0.13709870422810955,-10655,-1.3726318718550563,0.37704491684358454,,,,,,NORMAL,,SPY
2016-03-08,S&P 500 Consolidated - CHICAGO MERCANTILE EXCHANGE,13874+,812089,141353,76375,243775,203123,81335,150837,22948,51648,161998,169426,ES,2016-03-11 15:30:00-05:00,-69502,-8.558421552317542,0.41128650414909274,67.3076923076923,0.4741773286383471,40652,5.005855269557894,-1.5347259379459128,0.0,-2.7474060476075293,64978,8.001339754632806,0.8856831200092454,-28700,-3.5340954008735497,-0.22019748706787468,-7428,-0.9146780709996072,0.4579538008554491,,,,,,NORMAL,,SPY
2016-03-15,S&P 500 Consolidated - CHICAGO MERCANTILE EXCHANGE,13874+,835103,143352,82290,249132,210993,83319,144399,23676,55918,158505,164383,ES,2016-03-18 15:30:00-04:00,-61080,-7.314067845523247,1.2443537067942954,80.12820512820514,0.8877830761150148,38139,4.5669815579635085,-0.43887371159438526,0.0,-2.7374402838653085,61062,7.3119124227789865,-0.6894273318538193,-32242,-3.8608411178022353,-0.3267457169286856,-5878,-0.7038652717089988,0.21081279929060837,,,,,,NORMAL,,SPY
2016-03-22,S&P 500 Consolidated - CHICAGO MERCANTILE EXCHANGE,13874+,624401,115002,61550,255318,199438,71920,142223,22045,48836,77804,90041,ES,2016-03-25 15:30:00-04:00,-70303,-11.259270885216392,-3.945203039693145,32.69230769230769,-0.42100465403382786,55880,8.949377082996344,4.382395525032836,9.615384615384617,-2.045406523374309,53452,8.560524406591277,1.2486119838122907,-26791,-4.290672180217521,-0.42983106241528546,-12237,-1.9597982706626031,-1.2559329989536043,2016-04-01,206.3300018310547,201.94199981689454,0.012066546195055036,464.6418056716221,NORMAL,,SPY
2016-03-29,S&P 500 Consolidated - CHICAGO MERCANTILE EXCHANGE,13874+,632054,117415,60302,252569,204492,73910,144882,23711,50149,82824,90604,ES,2016-04-01 15:30:00-04:00,-70972,-11.228787413733636,0.03048347148275532,33.33333333333333,-0.40861020325832775,48077,7.606470333231021,-1.3429067497653229,7.6923076923076925,-2.1894642946041745,57113,9.036095017197898,0.47557061060662065,-26438,-4.182870450942483,0.10780172927503795,-7780,-1.2309074857527995,0.7288907849098036,2016-04-01,206.3300018310547,201.94199981689454,0.012066546195055036,464.6418056716221,NORMAL,,SPY
2016-04-05,S&P 500 Consolidated - CHICAGO MERCANTILE EXCHANGE,13874+,640464,117876,66788,247285,202267,82427,146345,23959,50336,80685,86496,ES,2016-04-08 15:30:00-04:00,-63918,-9.979952034774788,1.248835378958848,49.358974358974365,0.004455881852859915,45018,7.028966499288016,-0.5775038339430054,5.128205128205128,-2.220249335740396,51088,7.97671688026181,-1.059378136936088,-26377,-4.11842039521347,0.06445005572901241,-5811,-0.9073109495615679,0.32359653619123163,,,,,,NORMAL,,SPY
2016-04-12,S&P 500 Consolidated - CHICAGO MERCANTILE EXCHANGE,13874+,644744,106982,69420,253475,200740,78599,140580,24767,49696,81233,84621,ES,2016-04-15 15:30:00-04:00,-61981,-9.61327286488901,0.36667916988577787,55.769230769230774,0.1293404203873954,52735,8.17921531646669,1.1502488171786744,10.256410256410255,-2.0165246285152207,37562,5.825878178005534,-2.1508387022562756,-24929,-3.8664958495154664,0.25192454569800393,-3388,-0.5254798803866341,0.3818310691749338,,,,,,NORMAL,,SPY
2016-04-19,S&P 500 Consolidated - CHICAGO MERCANTILE EXCHANGE,13874+,647049,91485,75620,268235,188573,84484,144044,24655,51392,75614,84845,ES,2016-04-22 15:30:00-04:00,-59560,-9.204867019344748,0.4084058455442623,60.89743589743589,0.26554215562804845,79662,12.311586912274032,4.132371595807342,14.102564102564102,-1.4293058639054539,15865,2.451900860676703,-3.373977317328831,-26737,-4.132144551649103,-0.2656487021336362,-9231,-1.4266307497577464,-0.9011508693711123,,,,,,NORMAL,,SPY
2016-04-26,S&P 500 Consolidated - CHICAGO MERCANTILE EXCHANGE,13874+,653325,73696,79304,272214,195329,92139,134827,24573,51028,86872,89005,ES,2016-04-29 15:30:00-04:00,-42688,-6.533960892358321,2.670906126986427,86.53846153846155,1.1492134660967965,76885,11.768262350285081,-0.5433245619889515,14.102564102564102,-1.4805901437606495,-5608,-0.858378295641526,-3.310279156318229,-26455,-4.049286342938048,0.08285820871105454,-2133,-0.3264837561703593,1.100146993587387,2016-05-01,209.83999633789062,201.8759994506836,0.08321285884580479,472.5460860529557,NORMAL,,SPY
2016-05-03,S&P 500 Consolidated - CHICAGO MERCANTILE EXCHANGE,13874+,640333,79914,71284,260911,194776,85065,132020,24447,50976,86030,87311,ES,2016-05-06 15:30:00-04:00,-46955,-7.332903348726366,-0.798942456368045,79.48717948717949,0.8823694168903821,66135,10.32821984811028,-1.4400425021748013,12.179487179487179,-1.6474401374270422,8630,1.3477362559793107,2.2061145516208365,-26529,-4.1430005950029125,-0.09371425206486439,-1281,-0.20005216036031254,0.12643159581004676,,,,,,NORMAL,,SPY
2016-05-10,S&P 500 Consolidated - CHICAGO MERCANTILE EXCHANGE,13874+,648848,79308,71626,262757,190235,86161,138988,24798,50091,84835,86920,ES,2016-05-13 15:30:00-04:00,-52827,-8.14166029640224,-0.8087569476758736,72.43589743589743,0.6131090954410954,72522,11.177039923063646,0.8488200749533661,14.102564102564102,-1.5110068999510273,7682,1.1839444677335833,-0.16379178824572738,-25293,-3.898139471802333,0.24486112320057973,-2085,-0.3213387418933248,-0.12128658153301225,,,,,,NORMAL,,SPY
2016-05-17,S&P 500 Consolidated - CHICAGO MERCANTILE EXCHANGE,13874+,644341,82895,69501,268765,192461,78683,143851,25794,43905,77497,83917,ES,2016-05-20 15:30:00-04:00,-65168,-10.113899317286965,-1.9722390208847251,48.717948717948715,-0.03896389692719481,76304,11.842176735610492,0.6651368125468462,16.025641025641026,-1.402854002677105,13394,2.078712979617935,0.8947685118843518,-18111,-2.8107787646603275,1.0873607071420053,-6420,-0.996366830606775,-0.6750280887134502,,,,,,NORMAL,,SPY
2016-05-24,S&P 500 Consolidated - CHICAGO MERCANTILE EXCHANGE,13874+,673452,82045,73187,280270,196937,97963,161735,25605,45855,81861,90029,ES,2016-05-27 15:30:00-04:00,-63772,-9.469420240789248,0.6444790764977171,57.05128205128205,0.17270264452570583,83333,12.374007353159541,0.5318306175490495,17.94871794871795,-1.3147202462108796,8858,1.3153127468624342,-0.763400232755501,-20250,-3.0068958144010263,-0.19611704974069877,-8168,-1.2128555561495102,-0.21648872554273524,2016-06-01,209.47999572753906,203.05699920654297,0.08224839000695933,471.7353879860134,NORMAL,,SPY
2016-05-31,S&P 500 Consolidated - CHICAGO MERCANTILE EXCHANGE,13874+,681779,94135,70577,277102,194962,94641,164161,24682,48533,83121,95447,ES,2016-06-03 15:30:00-04:00,-69520,-10.196852645798712,-0.7274324050094645,46.794871794871796,-0.07036359856569024,82140,12.047892352213841,-0.3261150009457001,16.666666666666664,-1.33848307855303,23558,3.455371902038637,2.140059155176203,-23851,-3.4983477050481167,-0.4914518906470904,-12326,-1.8079172283100535,-0.5950616721605433,,,,,,NORMAL,,SPY
2016-06-07,S&P 500 Consolidated - CHICAGO MERCANTILE EXCHANGE,13874+,715957,98479,64586,283858,197141,95427,181293,23981,48539,94689,104875,ES,2016-06-10 15:30:00-04:00,-85866,-11.9931783612703,-1.7963257154715873,24.358974358974358,-0.6637620358941961,86717,12.112040248227197,0.06414789601335613,17.307692307692307,-1.312188822731712,33893,4.733943518954351,1.2785716169157135,-24558,-3.4300942654377287,0.06825343961038799,-10186,-1.42271114047352,0.38520608783653354,,,,,,NORMAL,,SPY
2016-06-14,S&P 500 Consolidated - CHICAGO MERCANTILE EXCHANGE,13874+,774471,82690,61333,270568,198756,97830,160973,25217,49140,105549,111652,ES,2016-06-17 15:30:00-04:00,-63143,-8.153048984403547,3.840129376866752,71.7948717948718,0.6038124316190334,71812,9.272393672584254,-2.839646575642943,12.179487179487179,-1.6546740122349708,21357,2.757624236414275,-1.9763192825400755,-23923,-3.0889471652263287,0.34114710021139993,-6103,-0.7880217593686529,0.6346893811048671,,,,,,NORMAL,,SPY
2016-06-21,S&P 500 Consolidated - CHICAGO MERCANTILE EXCHANGE,13874+,620998,71986,49433,278094,215807,70838,144717,24576,39100,89687,86125,ES,2016-06-24 15:30:00-04:00,-73879,-11.896817703116596,-3.7437687187130493,26.923076923076923,-0.6289519770515816,62287,10.030145024621657,0.7577513520374026,12.82051282051282,-1.5346490762097973,22553,3.6317347237833295,0.8741104873690544,-14524,-2.338815906009359,0.7501312592169698,3562,0.5735928296065366,1.3616145889751894,2016-07-01,217.1199951171875,205.60599822998046,0.05644214968654964,488.940171973962,NORMAL,,SPY
2016-06-28,S&P 500 Consolidated - CHICAGO MERCANTILE EXCHANGE,13874+,673460,110385,37967,262785,223952,67538,155860,24544,38207,98309,107575,ES,2016-07-01 15:30:00-04:00,-88322,-13.11466159831319,-1.2178438951965926,14.102564102564102,-1.0211657244841355,38833,5.766192498440887,-4.26395252618077,1.282051282051282,-2.0424408128639397,72418,10.753125649630267,7.121390925846937,-13663,-2.028776764767024,0.3100391412423349,-9266,-1.3758797849909423,-1.9494726145974788,2016-07-01,217.1199951171875,205.60599822998046,0.05644214968654964,488.940171973962,NORMAL,,SPY
2016-07-05,S&P 500 Consolidated - CHICAGO MERCANTILE EXCHANGE,13874+,689194,108532,43873,278741,217454,67996,164030,25237,43511,99406,111044,ES,2016-07-08 15:30:00-04:00,-96034,-13.93424783152494,-0.8195862332117514,9.615384615384617,-1.2785053905300776,61287,8.892561455845524,3.1263689574046367,12.179487179487179,-1.6169927948716105,64659,9.381828628804081,-1.3712970208261854,-18274,-2.6515030600962866,-0.6227262953292625,-11638,-1.6886391930283782,-0.31275940803743585,,,,,,EXTREME_SHORT,short,SPY
2016-07-12,S&P 500 Consolidated - CHICAGO MERCANTILE EXCHANGE,13874+,685818,86752,56542,280949,216593,79707,153079,26534,43644,101452,105536,ES,2016-07-15 15:30:00-04:00,-73372,-10.698465190473275,3.2357826410516655,41.66666666666667,-0.19864916429881344,64356,9.383830695607289,0.49126923976176506,14.102564102564102,-1.5314453272912416,30210,4.404958749989064,-4.976869878815017,-17110,-2.494830990146074,0.15667206995021266,-4084,-0.5954932649770056,1.0931459280513725,,,,,,UNWINDING_SHORT,short,SPY
2016-07-19,S&P 500 Consolidated - CHICAGO MERCANTILE EXCHANGE,13874+,688835,74323,69804,296848,212506,80722,146816,26082,44103,97771,102517,ES,2016-07-22 15:30:00-04:00,-66094,-9.59504090239317,1.1034242880801042,58.333333333333336,0.16691099130791415,84342,12.244151357001314,2.8603206613940255,21.153846153846153,-1.1611413820473122,4519,0.6560351898495286,-3.7489235601395356,-18021,-2.6161562638367677,-0.12132527369069379,-4746,-0.6889893806209034,-0.09349611564389781,,,,,,UNWINDING_SHORT,short,SPY
2016-07-26,S&P 500 Consolidated - CHICAGO MERCANTILE EXCHANGE,13874+,688070,75228,70454,295135,209683,83355,149062,26074,46017,94942,99517,ES,2016-07-29 15:30:00-04:00,-65707,-9.54946444402459,0.04557645836858093,58.97435897435898,0.1813274279180945,85452,12.41908526748732,0.17493391048600593,23.717948717948715,-1.1248547912890474,4774,0.6938247562021306,0.037789566352602,-19943,-2.8983969654250292,-0.28224070158826153,-4575,-0.6649032801895156,0.024086100431387814,2016-08-01,217.3800048828125,206.5509994506836,0.05355499904859051,489.5256971323012,CONFIRMED_BULLISH,short,SPY
2016-08-02,S&P 500 Consolidated - CHICAGO MERCANTILE EXCHANGE,13874+,683947,76015,65179,284946,204574,80728,151205,27069,44484,90623,93939,ES,2016-08-05 15:30:00-04:00,-70477,-10.304453415250013,-0.7549889712254227,47.43589743589743,-0.06582920583244138,80372,11.751202944087773,-0.6678823233995477,18.58974358974359,-1.19123083985071,10836,1.5843332889829183,0.8905085327807877,-17415,-2.5462499287225473,0.35214703670248193,-3316,-0.4848328890981319,0.18007039109138373,,,,,,NORMAL,,SPY
2016-08-09,S&P 500 Consolidated - CHICAGO MERCANTILE EXCHANGE,13874+,676437,68762,66812,292486,200683,76292,148098,27550,47463,85823,87856,ES,2016-08-12 15:30:00-04:00,-71806,-10.615327074066025,-0.31087365881601237,43.58974358974359,-0.16826717535483401,91803,13.571552117935594,1.8203491738478217,26.923076923076923,-0.955596241148912,1950,0.28827518305474126,-1.296058105928177,-19913,-2.9438070359841344,-0.3975571072615871,-2033,-0.3005453575129687,0.1842875315851632,,,,,,NORMAL,,SPY
2016-08-16,S&P 500 Consolidated - CHICAGO MERCANTILE EXCHANGE,13874+,682836,65366,71129,296235,203507,78323,142910,28324,46960,84685,88428,ES,2016-08-19 15:30:00-04:00,-64587,-9.458640141996028,1.1566869320699968,60.256410256410255,0.21125151946534199,92728,13.579834689442267,0.008282571506672554,27.564102564102566,-0.9425727108466185,-5763,-0.8439801064970213,-1.1322552895517626,-18636,-2.729205841519779,0.21460119446435533,-3743,-0.5481550474784574,-0.24760968996548877,,,,,,NORMAL,,SPY
2016-08-23,S&P 500 Consolidated - CHICAGO MERCANTILE EXCHANGE,13874+,700378,67144,75781,297793,198549,86089,150677,27862,48685,83364,88560,ES,2016-08-26 15:30:00-04:00,-64588,-9.22187732909943,0.23676281289659862,62.82051282051282,0.2888030554567933,99244,14.17006245199021,0.5902277625479435,29.48717948717949,-0.860333446396856,-8637,-1.2331912195985597,-0.38921111310153844,-20823,-2.9731088069585283,-0.24390296543874923,-5196,-0.741885096333694,-0.1937300488552366,2016-09-01,216.3000030517578,207.31199951171874,0.03078539280693225,487.0936029314743,NORMAL,,SPY
2016-08-30,S&P 500 Consolidated - CHICAGO MERCANTILE EXCHANGE,13874+,710340,58637,80639,297032,196706,88286,142741,28171,46643,84589,89985,ES,2016-09-02 15:30:00-04:00,-54455,-7.666047244981277,1.5558300841181527,75.64102564102564,0.7976414736482905,100326,14.123659092828786,-0.04640335916142391,29.48717948717949,-0.8568050997361539,-22002,-3.0973899822620155,-1.8641987626634557,-18472,-2.6004448573922345,0.3726639495662938,-5396,-0.7596362305374891,-0.017751134203795038,,,,,,NORMAL,,SPY
2016-09-06,S&P 500 Consolidated - CHICAGO MERCANTILE EXCHANGE,13874+,735322,63288,80130,300305,196994,86248,148650,28328,46546,86190,92039,ES,2016-09-09 15:30:00-04:00,-62402,-8.486350197600506,-0.8203029526192296,67.94871794871796,0.5207484944379556,103311,14.049763232978206,-0.07389585985058034,29.48717948717949,-0.8568126378956848,-16842,-2.2904251470784227,0.8069648351835927,-18218,-2.4775540511503804,0.12289080624185411,-5849,-0.7954338371488953,-0.035797606611406185,,,,,,NORMAL,,SPY
2016-09-13,S&P 500 Consolidated - CHICAGO MERCANTILE EXCHANGE,13874+,825324,72885,75746,284340,203578,76592,141017,28545,40546,106753,108226,ES,2016-09-16 15:30:00-04:00,-64425,-7.806025270075752,0.6803249275247545,74.35897435897436,0.737985276356222,80762,9.785490304413782,-4.264272928564424,14.743589743589745,-1.3583123772711576,-2861,-0.34665173919575826,1.9437734078826645,-12001,-1.4540956036659543,1.0234584474844262,-1473,-0.17847536240312895,0.6169584747457664,,,,,,NORMAL,,SPY
2016-09-20,S&P 500 Consolidated - CHICAGO MERCANTILE EXCHANGE,13874+,641083,81939,79739,290667,203190,66431,145162,24224,31480,83590,87281,ES,2016-09-23 15:30:00-04:00,-78731,-12.280937101748135,-4.474911831672383,23.076923076923077,-0.7288360334472112,87477,13.645191028306787,3.8597007238930043,29.48717948717949,-0.8816683880002874,2200,0.3431692932116434,0.6898210324074017,-7256,-1.1318347234289476,0.3222608802370066,-3691,-0.5757444823837163,-0.3972691199805874,,,,,,NORMAL,,SPY
2016-09-27,S&P 500 Consolidated - CHICAGO MERCANTILE EXCHANGE,13874+,641376,82437,74574,290988,201466,67699,152154,24424,33001,84278,88632,ES,2016-09-30 15:30:00-04:00,-84455,-13.167783016514495,-0.8868459147663597,13.461538461538462,-1.010006835180867,89522,13.957803223070398,0.31261219476361113,30.76923076923077,-0.8330856458524505,7863,1.2259579404280796,0.8827886472164361,-8577,-1.3372810956443646,-0.20544637221541695,-4354,-0.6788529661228359,-0.10310848373911952,2016-10-01,212.5500030517578,208.18000030517578,0.014655372287727972,478.6488457182442,NORMAL,,SPY
2016-10-04,S&P 500 Consolidated - CHICAGO MERCANTILE EXCHANGE,13874+,659410,91505,69823,280179,199934,68844,157105,25708,31240,91929,100062,ES,2016-10-07 15:30:00-04:00,-88261,-13.384844027236468,-0.2170610107219737,12.82051282051282,-1.0682368555980275,80245,12.16921187121821,-1.7885913518521885,22.435897435897438,-1.0355952756961584,21682,3.288090869110265,2.0621329286821855,-5532,-0.838931772341942,0.49834932330242254,-8133,-1.2333752900319983,-0.5545223239091625,,,,,,NORMAL,,SPY
2016-10-11,S&P 500 Consolidated - CHICAGO MERCANTILE EXCHANGE,13874+,667013,87782,65234,278734,204184,70455,158295,22558,33810,106203,104208,ES,2016-10-14 15:30:00-04:00,-87840,-13.169158622095821,0.21568540514064694,14.102564102564102,-0.9840833249927093,74550,11.176693707618892,-0.9925181635993177,17.94871794871795,-1.1409527741413035,22548,3.380443859415034,0.09235299030476884,-11252,-1.6869236431673746,-0.8479918708254326,1995,0.2990946203447309,1.5324699103767292,,,,,,NORMAL,,SPY
2016-10-18,S&P 500 Consolidated - CHICAGO MERCANTILE EXCHANGE,13874+,665364,81377,72280,284679,213281,71222,143365,24047,32329,103518,103589,ES,2016-10-21 15:30:00-04:00,-72143,-10.842636511743947,2.326522110351874,41.66666666666667,-0.20708740491110358,71398,10.73066772473413,-0.4460259828847608,17.94871794871795,-1.1793476651410613,9097,1.367221550910479,-2.013222308504555,-8282,-1.2447322067319542,0.44219143643542047,-71,-0.010670850842546336,-0.3097654711872772,,,,,,NORMAL,,SPY
2016-10-25,S&P 500 Consolidated - CHICAGO MERCANTILE EXCHANGE,13874+,682461,91146,67353,289405,215767,75360,152444,20720,33681,101227,108613,ES,2016-10-28 15:30:00-04:00,-77084,-11.295004403182013,-0.45236789143806533,37.82051282051282,-0.3474692499644459,73638,10.790067124714819,0.05939939998068766,18.58974358974359,-1.156950259003757,23793,3.486353066329065,2.1191315154185864,-12961,-1.899156142255748,-0.6544239355237937,-7386,-1.0822596456061226,-1.0715887947635763,2016-11-01,220.3800048828125,210.84600067138672,0.015014783709190188,496.2815029028853,NORMAL,,SPY
2016-11-01,S&P 500 Consolidated - CHICAGO MERCANTILE EXCHANGE,13874+,681289,83720,68800,270648,215347,80114,136125,22329,32159,107333,111713,ES,2016-11-04 15:30:00-04:00,-56011,-8.221327512993751,3.0736768901882616,75.64102564102564,0.6867912836292298,55301,8.11711329553244,-2.6729538291823793,10.256410256410255,-1.4573099555006361,14920,2.1899663725672953,-1.2963866937617698,-9830,-1.4428531797812676,0.4563029624744803,-4380,-0.6428989753247154,0.43936067028140724,,,,,,NORMAL,,SPY
2016-11-08,S&P 500 Consolidated - CHICAGO MERCANTILE EXCHANGE,13874+,672984,71977,71666,265796,217380,88458,121134,20782,32740,103263,107355,ES,2016-11-11 15:30:00-05:00,-32676,-4.855390321315217,3.365937191678534,96.7948717948718,1.8204146707863456,48416,7.1942275002080285,-0.9228857953244107,7.6923076923076925,-1.5444476882859068,311,0.04621209419540435,-2.143754278371891,-11958,-1.7768624514104348,-0.33400927162916716,-4092,-0.6080382297350309,0.03486074558968455,,,,,,EXTREME_LONG,long,SPY
2016-11-15,S&P 500 Consolidated - CHICAGO MERCANTILE EXCHANGE,13874+,667044,68115,69632,270330,212568,85127,126924,22050,31468,101131,106161,ES,2016-11-18 15:30:00-05:00,-41797,-6.266003442051798,-1.4106131207365813,89.74358974358975,1.3397847461070542,57762,8.659398780290356,1.4651712800823278,13.461538461538462,-1.3499398032800929,-1517,-0.22742127955577143,-0.2736333737511758,-9418,-1.4119008641109132,0.36496158729952155,-5030,-0.7540731945718723,-0.14603496483684142,,,,,,UNWINDING_LONG,long,SPY
2016-11-22,S&P 500 Consolidated - CHICAGO MERCANTILE EXCHANGE,13874+,697761,77439,66520,273297,215592,85264,130993,22170,37832,104416,111649,ES,2016-11-25 15:30:00-05:00,-45729,-6.55367668872293,-0.28767324667113137,88.46153846153845,1.2445381027120148,57705,8.270023690060064,-0.38937509023029193,12.82051282051282,-1.376474352777268,10919,1.5648624672344829,1.7922837467902544,-15662,-2.2446081108001166,-0.8327072466892034,-7233,-1.0366013577715005,-0.28252816319962826,2016-12-01,223.52999877929688,213.84300079345704,0.02829144244338286,503.3750852172766,UNWINDING_LONG,long,SPY
2016-11-29,S&P 500 Consolidated - CHICAGO MERCANTILE EXCHANGE,13874+,707887,76496,66695,284375,218304,84651,139926,23064,39610,100440,104492,ES,2016-12-02 15:30:00-05:00,-55275,-7.808449653687664,-1.2547729649647348,78.2051282051282,0.82791068013519,66071,9.333551823949303,1.063528133889239,16.666666666666664,-1.2340909917783878,9801,1.3845430132210368,-0.18031945401344607,-16546,-2.337378705923403,-0.09277059512328645,-4052,-0.5724077430437344,0.4641936147277661,,,,,,UNWINDING_LONG,long,SPY
2016-12-06,S&P 500 Consolidated - CHICAGO MERCANTILE EXCHANGE,13874+,702523,78802,69580,269570,218072,82989,129220,23221,38027,106876,106558,ES,2016-12-09 15:30:00-05:00,-46231,-6.580709813059501,1.2277398406281632,89.1025641025641,1.2479935912977496,51498,7.3304361565386476,-2.003115667410656,8.333333333333332,-1.4488317021330905,9222,1.312697235535349,-0.07184577768568778,-14806,-2.1075466568354346,0.2298320490879684,318,0.04526542191501204,0.6176731649587465,,,,,,NORMAL,,SPY
2016-12-13,S&P 500 Consolidated - CHICAGO MERCANTILE EXCHANGE,13874+,779925,73172,80673,279709,209210,88884,137589,26267,38455,121341,123446,ES,2016-12-16 15:30:00-05:00,-48705,-6.244831233772478,0.3358785792870229,92.3076923076923,1.3654354955835204,70499,9.039202487418661,1.7087663308800138,16.666666666666664,-1.2319751849051774,-7501,-0.9617591435073886,-2.2744563790427375,-12188,-1.5627143635605987,0.544832293274836,-2105,-0.2698977465781966,-0.31516316849320863,,,,,,EXTREME_LONG,long,SPY
2016-12-20,S&P 500 Consolidated - CHICAGO MERCANTILE EXCHANGE,13874+,607961,63615,90129,290258,205536,67988,115875,24186,34776,75709,75440,ES,2016-12-23 15:30:00-05:00,-47887,-7.87665656185183,-1.6318253280793513,78.2051282051282,0.8330822451405847,84722,13.935433358389766,4.896230870971104,37.82051282051282,-0.6585423937068338,-26514,-4.361135007015252,-3.399375863507864,-10590,-1.7418880487399686,-0.17917368517936993,269,0.04424625921728532,0.3141440057954819,,,,,,UNWINDING_LONG,long,SPY
2016-12-27,S&P 500 Consolidated - CHICAGO MERCANTILE EXCHANGE,13874+,609421,64092,89366,284283,209201,73144,112803,25096,35640,78384,77987,ES,2016-12-30 15:30:00-05:00,-39659,-6.507652345422951,1.3690042164288787,91.66666666666666,1.3017109480018534,75082,12.320218699388436,-1.6152146590013299,30.76923076923077,-0.8337311468763241,-25274,-4.147215143554292,0.21391986346096026,-10544,-1.7301668304833604,0.011721218256608212,397,0.06514380042696265,0.02089754120967733,2017-01-01,227.52999877929688,216.04400024414062,0.051918611045289116,512.3828262447221,EXTREME_LONG,long,SPY
2017-01-03,S&P 500 Consolidated - CHICAGO MERCANTILE EXCHANGE,13874+,628650,49641,96481,287912,209891,83758,106202,23712,35377,83706,80778,ES,2017-01-06 15:30:00-05:00,-22444,-3.5701900898751293,2.9374622555478216,98.71794871794873,2.2942907784455193,78021,12.410880458124552,0.09066175873611648,32.69230769230769,-0.8123560617719181,-46840,-7.450886820965561,-3.303671677411269,-11665,-1.8555635091068161,-0.12539667862345572,2928,0.4657599618229539,0.40061616139599127,,,,,,EXTREME_LONG,long,SPY
2017-01-10,S&P 500 Consolidated - CHICAGO MERCANTILE EXCHANGE,13874+,628415,51167,90977,295794,206208,78471,120400,23731,38241,78159,71496,ES,2017-01-13 15:30:00-05:00,-41929,-6.672183191044135,-3.1019931011690054,87.82051282051282,1.2158358360217674,89586,14.255865948457627,1.844985490333075,42.30769230769231,-0.5886662848668488,-39810,-6.334985638471393,1.1159011824941683,-14510,-2.3089837129922106,-0.4534202038853945,6663,1.0602865940501103,0.5945266322271563,,,,,,UNWINDING_LONG,long,SPY
2017-01-17,S&P 500 Consolidated - CHICAGO MERCANTILE EXCHANGE,13874+,624477,52694,82652,295307,197207,71823,128768,24261,36781,78869,77546,ES,2017-01-20 15:30:00-05:00,-56945,-9.11883063747744,-2.446647446433306,66.02564102564102,0.3905966641104795,98100,15.7091454128815,1.453279464423872,44.230769230769226,-0.4105215970940339,-29958,-4.797294375933782,1.537691262537611,-12520,-2.0048776816439995,0.3041060313482111,1323,0.21185728217372296,-0.8484293118763873,,,,,,UNWINDING_LONG,long,SPY
2017-01-24,S&P 500 Consolidated - CHICAGO MERCANTILE EXCHANGE,13874+,639223,59861,95659,292964,189087,77494,133301,23843,42357,85819,79578,ES,2017-01-27 15:30:00-05:00,-55807,-8.730443053519664,0.3883875839577762,70.51282051282051,0.5197170949049574,103877,16.25051038526461,0.5413649723831124,45.51282051282051,-0.33832112893242444,-35798,-5.600236537170909,-0.8029421612371275,-18514,-2.896328824213146,-0.8914511425691467,6241,0.9763415897112588,0.7644843075375358,2017-02-01,236.47000122070312,219.05800018310546,0.11253821606918811,532.5151329389514,NORMAL,,SPY
2017-01-31,S&P 500 Consolidated - CHICAGO MERCANTILE EXCHANGE,13874+,636204,62423,105578,295834,185634,76719,128575,23685,41329,77591,75136,ES,2017-02-03 15:30:00-05:00,-51856,-8.150844697612715,0.5795983559069491,76.28205128205127,0.714260957295344,110200,17.321488076151674,1.0709776908870623,46.794871794871796,-0.20578737727343904,-43155,-6.783201614576456,-1.1829650774055471,-17644,-2.773324279633577,0.12300454457956933,2455,0.38588251567107407,-0.5904590740401847,,,,,,NORMAL,,SPY
2017-02-07,S&P 500 Consolidated - CHICAGO MERCANTILE EXCHANGE,13874+,647479,70686,103222,298098,189463,72947,131054,23218,44205,80577,77583,ES,2017-02-10 15:30:00-05:00,-58107,-8.974345113895586,-0.8235004162828705,67.94871794871796,0.43595179545599516,108635,16.77815033383322,-0.5433377423184531,46.794871794871796,-0.26472708491469327,-32536,-5.025027838740716,1.7581737758357407,-20987,-3.2413406457970066,-0.4680163661634298,2994,0.46240881943661494,0.07652630376554087,,,,,,NORMAL,,SPY
2017-02-14,S&P 500 Consolidated - CHICAGO MERCANTILE EXCHANGE,13874+,675290,72736,113797,300530,187174,77846,125916,24032,43780,81121,85597,ES,2017-02-17 15:30:00-05:00,-48070,-7.118423195960254,1.8559219179353317,85.8974358974359,1.0502608156390334,113356,16.786269602689217,0.008119268855995898,47.43589743589743,-0.2574248025643816,-41061,-6.08049874868575,-1.0554709099450346,-19748,-2.924373232240963,0.31696741355604363,-4476,-0.6628263412756001,-1.125235160712215,,,,,,NORMAL,,SPY
2017-02-21,S&P 500 Consolidated - CHICAGO MERCANTILE EXCHANGE,13874+,693015,62156,115488,305925,177664,76868,121351,21960,49222,78457,81643,ES,2017-02-24 15:30:00-05:00,-44483,-6.41876438460928,0.6996588113509743,91.02564102564102,1.270566364982062,128261,18.507680208942087,1.7214106062528707,48.717948717948715,-0.049342861845162275,-53332,-7.6956487233321065,-1.6151499746463562,-27262,-3.9338253861749024,-1.0094521539339394,-3186,-0.45973030886777344,0.2030960324078267,2017-03-01,235.74000549316406,221.64800109863282,0.069697795943508,530.8712298227481,EXTREME_LONG,long,SPY
2017-02-28,S&P 500 Consolidated - CHICAGO MERCANTILE EXCHANGE,13874+,717622,66883,122810,304925,173848,83432,128503,23115,48467,86430,91158,ES,2017-03-03 15:30:00-05:00,-45071,-6.280604552257317,0.13815983235196327,91.02564102564102,1.3006205936723376,131077,18.265465662981345,-0.2422145459607421,48.717948717948715,-0.0745300556477629,-55927,-7.7933786868295565,-0.09772996349745,-25352,-3.5327790954012,0.40104629077370246,-4728,-0.6588426776213662,-0.19911236875359273,,,,,,EXTREME_LONG,long,SPY
2017-03-07,S&P 500 Consolidated - CHICAGO MERCANTILE EXCHANGE,13874+,742520,61587,138874,306351,173436,93244,120935,23245,52286,89119,88015,ES,2017-03-10 15:30:00-05:00,-27691,-3.7293271561708776,2.551277396086439,98.07692307692307,2.124214131865972,132915,17.900527931907558,-0.3649377310737876,48.717948717948715,-0.1141127173906198,-77287,-10.408743198836396,-2.615364512006839,-29041,-3.911140440661531,-0.37836134526033094,1104,0.14868286376124548,0.8075255413826117,,,,,,EXTREME_LONG,long,SPY
2017-03-14,S&P 500 Consolidated - CHICAGO MERCANTILE EXCHANGE,13874+,801763,63316,144723,317987,174226,89702,129193,22744,53911,89676,81371,ES,2017-03-17 15:30:00-04:00,-39491,-4.925520384452763,-1.196193228281885,95.51282051282051,1.690312704375019,143761,17.93061041729289,0.03008248538533209,49.358974358974365,-0.10669046511405625,-81407,-10.153499226080525,0.25524397275587063,-31167,-3.887308344236389,0.023832096425141724,8305,1.0358422626137649,0.8871593988525194,,,,,,EXTREME_LONG,long,SPY
2017-03-21,S&P 500 Consolidated - CHICAGO MERCANTILE EXCHANGE,13874+,622785,46765,102937,313697,187420,72622,128073,22183,40661,76549,72725,ES,2017-03-24 15:30:00-04:00,-55451,-8.903714765127612,-3.978194380674849,65.38461538461539,0.3829304994676842,126277,20.27617877758777,2.3455683602948803,53.84615384615385,0.17123347451254428,-56172,-9.019485055035044,1.1340141710454805,-18478,-2.966995030387694,0.9203133138486952,3824,0.6140160729625794,-0.42182618965118546,,,,,,UNWINDING_LONG,long,SPY
2017-03-28,S&P 500 Consolidated - CHICAGO MERCANTILE EXCHANGE,13874+,634041,44192,115894,315451,183859,77849,125222,20916,41641,79615,71407,ES,2017-03-31 15:30:00-04:00,-47373,-7.471598839822661,1.4321159253049505,80.12820512820514,0.8380804753938815,131592,20.754493794565334,0.4783150169775645,55.769230769230774,0.2394452801233011,-71702,-11.308732400586083,-2.289247345551038,-20725,-3.26871606094874,-0.3017210305610458,8208,1.2945535067921474,0.680537433829568,2017-04-01,238.0800018310547,224.50800170898438,0.06509194797662844,536.1407500769704,NORMAL,,SPY
2017-04-04,S&P 500 Consolidated - CHICAGO MERCANTILE EXCHANGE,13874+,625889,47740,115043,307667,178178,78175,119173,21209,45772,80374,76999,ES,2017-04-07 15:30:00-04:00,-40998,-6.55036276400448,0.9212360758181815,86.53846153846155,1.1258752254081188,129489,20.688812233479098,-0.06568156108623668,55.769230769230774,0.2424815942292256,-67303,-10.753184670125213,0.5555477304608694,-24563,-3.9244977943373347,-0.6557817333885949,3375,0.5392329949879292,-0.7553205118042182,,,,,,NORMAL,,SPY
2017-04-11,S&P 500 Consolidated - CHICAGO MERCANTILE EXCHANGE,13874+,631099,41347,108851,306264,175128,80993,120927,23859,52444,78636,73749,ES,2017-04-14 15:30:00-04:00,-39934,-6.327691851833072,0.22267091217140766,89.1025641025641,1.183231002430158,131136,20.77899030104627,0.09017806756717306,57.05128205128205,0.2631536982452014,-67504,-10.696261600794804,0.05692306933040925,-28585,-4.529400300111393,-0.6049025057740587,4887,0.774363451692999,0.23513045670506982,,,,,,NORMAL,,SPY
2017-04-18,S&P 500 Consolidated - CHICAGO MERCANTILE EXCHANGE,13874+,642634,42627,113045,304437,172932,83407,124394,23392,46681,79788,76598,ES,2017-04-21 15:30:00-04:00,-40987,-6.377969419607428,-0.05027756777435588,88.46153846153845,1.1517724198828667,131505,20.46343641948605,-0.3155538815602199,55.769230769230774,0.23265211058441565,-70418,-10.957714655620462,-0.26145305482565817,-23289,-3.6239912609665845,0.9054090391448089,3190,0.49639452627778796,-0.27796892541521107,,,,,,NORMAL,,SPY
2017-04-25,S&P 500 Consolidated - CHICAGO MERCANTILE EXCHANGE,13874+,653341,45153,128248,302881,159374,90765,128798,22888,45453,76269,76082,ES,2017-04-28 15:30:00-04:00,-38033,-5.821309239738513,0.5566601798689153,91.66666666666666,1.3166495496891362,143507,21.965099389139823,1.501662969653772,60.256410256410255,0.4240561543853241,-83095,-12.718473201589982,-1.7607585459695194,-22565,-3.4537860014907986,0.1702052594757859,187,0.028622113107856388,-0.46777241316993157,2017-05-01,241.44000244140625,226.94000244140625,0.06113481183464524,543.7072539144968,EXTREME_LONG,long,SPY
2017-05-02,S&P 500 Consolidated - CHICAGO MERCANTILE EXCHANGE,13874+,656419,50165,127771,311069,161343,81482,124678,22127,44743,69549,75857,ES,2017-05-05 15:30:00-04:00,-43196,-6.580552969978017,-0.7592437302395041,83.33333333333334,1.0618777261084549,149726,22.809516482612477,0.8444170934726536,62.82051282051282,0.5342941569875714,-77606,-11.822631581352764,0.895841620237217,-22616,-3.4453603567233735,0.008425644767425133,-6308,-0.9609715745583233,-0.9895936876661796,,,,,,UNWINDING_LONG,long,SPY
2017-05-09,S&P 500 Consolidated - CHICAGO MERCANTILE EXCHANGE,13874+,680155,52069,112968,296728,169963,85540,126493,24241,48238,83399,84316,ES,2017-05-12 15:30:00-04:00,-40953,-6.021127537105513,0.5594254328725041,91.02564102564102,1.2259172774827076,126765,18.63766347376701,-4.171853008845467,51.28205128205128,0.028356018063711762,-60899,-8.953694378487256,2.8689372028655082,-23997,-3.5281663738412568,-0.08280601711788327,-917,-0.13482220964339012,0.8261493649149332,,,,,,EXTREME_LONG,long,SPY
2017-05-16,S&P 500 Consolidated - CHICAGO MERCANTILE EXCHANGE,13874+,684563,57157,107336,297570,174124,81928,131181,25538,47939,83776,85389,ES,2017-05-19 15:30:00-04:00,-49253,-7.194808951111877,-1.1736814140063645,77.56410256410257,0.8394451819358488,123446,18.03281801674937,-0.6048454570176389,50.0,-0.03823367499314672,-50179,-7.330077728419444,1.6236166500678122,-22401,-3.2723065663788433,0.25585980746241344,-1613,-0.2356247708392069,-0.10080256119581679,,,,,,UNWINDING_LONG,long,SPY
2017-05-23,S&P 500 Consolidated - CHICAGO MERCANTILE EXCHANGE,13874+,691817,54820,99006,293984,167944,88435,134594,22580,50830,83094,90540,ES,2017-05-26 15:30:00-04:00,-46159,-6.672140175797935,0.5226687753139423,81.41025641025641,0.9938152620452065,126040,18.218690780943515,0.18587276419414422,50.641025641025635,-0.007762679956817148,-44186,-6.386949149847431,0.9431285785720132,-28250,-4.083449814040418,-0.8111432476615748,-7446,-1.0762961881538038,-0.8406714173145968,2017-06-01,241.8000030517578,229.3820022583008,0.02253986469125134,544.5179519814392,NORMAL,,SPY
2017-05-30,S&P 500 Consolidated - CHICAGO MERCANTILE EXCHANGE,13874+,695192,53727,101381,299202,169958,93881,137075,22765,51247,80128,90041,ES,2017-06-02 15:30:00-04:00,-43194,-6.213247563263098,0.4588926125348367,89.74358974358975,1.1265575058056623,129244,18.591123027882944,0.3724322469394288,52.56410256410257,0.046202944099227934,-47654,-6.854796948181222,-0.467847798333791,-28482,-4.096997663954706,-0.013547849914288257,-9913,-1.425937007330349,-0.3496408191765452,,,,,,NORMAL,,SPY
2017-06-06,S&P 500 Consolidated - CHICAGO MERCANTILE EXCHANGE,13874+,706889,55582,101120,292008,163660,92911,138007,24053,52509,80556,89815,ES,2017-06-09 15:30:00-04:00,-45096,-6.379502298097721,-0.16625473483462283,85.8974358974359,1.0596352096448696,128348,18.15674030859159,-0.43438271929135297,50.641025641025635,-0.0001842305463278364,-45538,-6.442029795342692,0.41276715283852994,-28456,-4.025525931228241,0.07147173272646512,-9259,-1.3098237488488291,0.11611325848151988,,,,,,UNWINDING_LONG,long,SPY
2017-06-13,S&P 500 Consolidated - CHICAGO MERCANTILE EXCHANGE,13874+,785893,49605,109966,294696,165348,91408,132180,28208,51614,86093,90901,ES,2017-06-16 15:30:00-04:00,-40772,-5.187983605910729,1.1915186921869925,94.23076923076923,1.4211521760241201,129348,16.458729114523223,-1.6980111940683678,46.15384615384615,-0.2064606790798651,-60361,-7.680562112145037,-1.2385323168023454,-23406,-2.9782680339435523,1.0472578972846889,-4808,-0.6117881187388104,0.6980356301100187,,,,,,EXTREME_LONG,long,SPY
2017-06-20,S&P 500 Consolidated - CHICAGO MERCANTILE EXCHANGE,13874+,605483,35178,119728,308100,158550,64313,118394,31202,39591,73483,76013,ES,2017-06-23 15:30:00-04:00,-54081,-8.931877525876036,-3.7438939199653074,57.05128205128205,0.2300925823654477,149550,24.699289658008563,8.24056054348534,67.94871794871796,0.8373485573977981,-84550,-13.964058445901866,-6.283496333756829,-8389,-1.3855054559748168,1.5927625779687355,-2530,-0.41784823025584533,0.19393988848296512,,,,,,UNWINDING_LONG,long,SPY
2017-06-27,S&P 500 Consolidated - CHICAGO MERCANTILE EXCHANGE,13874+,616094,37432,121459,299070,163477,72011,116685,32178,40364,74676,73381,ES,2017-06-30 15:30:00-04:00,-44674,-7.251166218142036,1.6807113077339997,74.35897435897436,0.7518171968908741,135593,22.008492210604224,-2.6907974474043392,64.74358974358975,0.5083660929763004,-84027,-13.638665528312238,0.3253929175896282,-8186,-1.3286933487422374,0.056812107232579345,1295,0.2101951974860979,0.6280434277419432,2017-07-01,246.77000427246094,232.4290023803711,0.04678882888893765,555.7100729569845,NORMAL,,SPY
2017-07-03,S&P 500 Consolidated - CHICAGO MERCANTILE EXCHANGE,13874+,613110,39866,129041,295738,168427,73828,98432,27300,41688,73511,72656,ES,2017-07-06 15:30:00-04:00,-24604,-4.012982988370766,3.2381832297712707,97.43589743589743,1.7777252277749531,127311,20.764789352644712,-1.2437028579595122,61.53846153846154,0.35933668136314045,-89175,-14.544698341243823,-0.9060328129315849,-14388,-2.3467240788765475,-1.0180307301343101,855,0.13945295297744287,-0.07074224450865504,,,,,,EXTREME_LONG,long,SPY
2017-07-11,S&P 500 Consolidated - CHICAGO MERCANTILE EXCHANGE,13874+,614457,34019,135570,299765,160902,75405,98146,24903,41822,75745,73397,ES,2017-07-14 15:30:00-04:00,-22741,-3.7009912817333026,0.3119917066374631,98.07692307692307,1.8562468272452763,138863,22.599303124547365,1.8345137719026532,66.66666666666666,0.6065455037258379,-101551,-16.526949810971313,-1.9822514697274904,-16919,-2.7534880390328373,-0.4067639601562898,2348,0.38212600719008816,0.2426730542126453,,,,,,EXTREME_LONG,long,SPY
2017-07-18,S&P 500 Consolidated - CHICAGO MERCANTILE EXCHANGE,13874+,631177,41801,140574,304919,160460,81971,108625,23452,39199,76566,79851,ES,2017-07-21 15:30:00-04:00,-26654,-4.222904193277005,-0.5219129115437022,96.15384615384616,1.660216629230225,144459,22.887240821512826,0.2879376969654608,69.23076923076923,0.6548902187609865,-98773,-15.64901762896937,0.8779321820019437,-15747,-2.4948627722493057,0.2586252667835316,-3285,-0.5204562270171441,-0.9025822342072323,,,,,,EXTREME_LONG,long,SPY
2017-07-25,S&P 500 Consolidated - CHICAGO MERCANTILE EXCHANGE,13874+,654894,44218,152906,318832,165157,83858,113585,22131,37269,84020,84142,ES,2017-07-28 15:30:00-04:00,-29727,-4.539207871808262,-0.3163036785312574,94.87179487179486,1.533810643337087,153675,23.46562955226342,0.5783887307505928,69.87179487179486,0.7403103850464685,-108688,-16.59627359542155,-0.9472559664521807,-15138,-2.3115191160706923,0.18334365617861348,-122,-0.018628968962916135,0.501827258054228,2017-08-01,247.49000549316406,235.92300262451172,0.0395245446477561,557.3314690908691,EXTREME_LONG,long,SPY
2017-08-01,S&P 500 Consolidated - CHICAGO MERCANTILE EXCHANGE,13874+,668674,49552,141920,326664,165126,79108,127341,23332,40310,83675,87634,ES,2017-08-04 15:30:00-04:00,-48233,-7.213230961574698,-2.674023089766436,71.7948717948718,0.6670579343591546,161538,24.15796038129193,0.69233082902851,70.51282051282051,0.8408939353756917,-92368,-13.81360722863458,2.7826663667869695,-16978,-2.5390549056790004,-0.22753578960830811,-3959,-0.5920672854036496,-0.5734383164407335,,,,,,UNWINDING_LONG,long,SPY
2017-08-08,S&P 500 Consolidated - CHICAGO MERCANTILE EXCHANGE,13874+,681713,48332,142079,337040,165705,76392,130679,24266,39312,79642,87897,ES,2017-08-11 15:30:00-04:00,-54287,-7.963321808444316,-0.7500908468696172,62.82051282051282,0.4195347465138227,171335,25.13301051908941,0.9750501377974814,73.71794871794873,0.9741583460383518,-93747,-13.75168142605466,0.061925802579921196,-15046,-2.2070871466438224,0.33196775903517795,-8255,-1.210920137946614,-0.6188528525429643,,,,,,UNWINDING_LONG,long,SPY
2017-08-15,S&P 500 Consolidated - CHICAGO MERCANTILE EXCHANGE,13874+,695177,44021,154969,330106,164654,87594,118690,23649,40214,83676,90520,ES,2017-08-18 15:30:00-04:00,-31096,-4.473105410564504,3.490216397879812,94.87179487179486,1.5222411204703046,165452,23.799981875119574,-1.3330286439698362,70.51282051282051,0.8017501372650604,-110948,-15.959676456499567,-2.2079950304449074,-16565,-2.382846383007493,-0.17575923636367063,-6844,-0.9844974733053596,0.22642266464125427,,,,,,EXTREME_LONG,long,SPY
2017-08-22,S&P 500 Consolidated - CHICAGO MERCANTILE EXCHANGE,13874+,713658,41436,158827,324197,165033,95086,116829,24236,39026,79954,85194,ES,2017-08-25 15:30:00-04:00,-21743,-3.046697437708258,1.4264079728562455,99.35897435897436,1.9540776154047967,159164,22.30255948927918,-1.4974223858403946,66.02564102564102,0.6097505350171919,-117391,-16.44919555305202,-0.4895190965524545,-14790,-2.0724212437890417,0.3104251392184514,-5240,-0.7342452547298566,0.25025221857550306,2017-09-01,251.22999572753906,239.00800170898438,0.04054834819059734,565.7536849599753,EXTREME_LONG,long,SPY
2017-08-29,S&P 500 Consolidated - CHICAGO MERCANTILE EXCHANGE,13874+,731582,43111,167544,329571,168613,102946,116656,24875,38390,79013,88313,ES,2017-09-01 15:30:00-04:00,-13710,-1.874020957322624,1.172676480385634,99.35897435897436,2.2873700172593523,160958,22.00136143316812,-0.3011980561110583,65.38461538461539,0.5770994253558531,-124433,-17.008756366340343,-0.5595608132883214,-13515,-1.8473663922841186,0.2250548515049231,-9300,-1.2712177172210362,-0.5369724624911796,2017-09-01,251.22999572753906,239.00800170898438,0.04054834819059734,565.7536849599753,EXTREME_LONG,long,SPY
2017-09-05,S&P 500 Consolidated - CHICAGO MERCANTILE EXCHANGE,13874+,735493,50200,155223,324852,164723,92953,115559,22373,48074,72667,79465,ES,2017-09-08 15:30:00-04:00,-22606,-3.073584656822023,-1.1995636994993988,98.07692307692307,1.8640384011085365,160129,21.771655202700774,-0.22970623046734673,64.74358974358975,0.5526370665813746,-105023,-14.279265744201508,2.729490622138835,-25701,-3.4943908371663635,-1.6470244448822449,-6798,-0.9242780012862121,0.3469397159348241,,,,,,EXTREME_LONG,long,SPY
2017-09-12,S&P 500 Consolidated - CHICAGO MERCANTILE EXCHANGE,13874+,810813,48279,153335,341428,164441,92932,122627,21137,52977,81333,91730,ES,2017-09-15 15:30:00-04:00,-29695,-3.662373444925032,-0.5887887881030092,96.15384615384616,1.6497161174404638,176987,21.828337730154797,0.056682527454022136,65.38461538461539,0.5643669771566149,-105056,-12.956871683113123,1.322394061088385,-31840,-3.9269227306419605,-0.43253189347559706,-10397,-1.2822932044750146,-0.35801520318880253,,,,,,EXTREME_LONG,long,SPY
2017-09-19,S&P 500 Consolidated - CHICAGO MERCANTILE EXCHANGE,13874+,661762,37175,136895,363842,165552,70295,130332,21768,51695,70793,79400,ES,2017-09-22 15:30:00-04:00,-60037,-9.072294873383482,-5.40992142845845,45.51282051282051,-0.03179682961067982,198290,29.963944741462942,8.135607011308146,96.7948717948718,1.655138983260485,-99720,-15.068861614900825,-2.1119899317877024,-29927,-4.522320713489139,-0.5953979828471789,-8607,-1.3006186514184859,-0.01832544694347127,,,,,,UNWINDING_LONG,long,SPY
2017-09-26,S&P 500 Consolidated - CHICAGO MERCANTILE EXCHANGE,13874+,657752,38816,128310,350922,164887,71178,130992,21726,51689,73570,80334,ES,2017-09-29 15:30:00-04:00,-59814,-9.093700969362313,-0.02140609597883092,44.871794871794876,-0.047034840227900755,186035,28.28345637869592,-1.6804883627670222,93.58974358974359,1.4329754593319515,-89494,-13.606039966431117,1.462821648469708,-29963,-4.555364331845437,-0.03304361835629788,-6764,-1.028351111057055,0.27226754036143097,2017-10-01,257.1499938964844,242.37000122070313,0.06348217804381444,579.0851375571781,UNWINDING_LONG,long,SPY
2017-10-03,S&P 500 Consolidated - CHICAGO MERCANTILE EXCHANGE,13874+,650232,43525,125659,330121,163897,73270,119914,20817,51202,78560,85621,ES,2017-10-06 15:30:00-04:00,-46644,-7.173439633853763,1.9202613355085498,69.87179487179486,0.53897496416846,166224,25.563798767209242,-2.719657611486678,78.2051282051282,1.0711020336295014,-82134,-12.631491529177278,0.9745484372538389,-30385,-4.672947501814737,-0.11758316996929974,-7061,-1.0859201023634641,-0.057568991306409245,,,,,,NORMAL,,SPY
2017-10-10,S&P 500 Consolidated - CHICAGO MERCANTILE EXCHANGE,13874+,665557,45828,137705,329610,162270,78794,120208,22695,50563,76048,82229,ES,2017-10-13 15:30:00-04:00,-41414,-6.222457280142797,0.9509823537109661,82.6923076923077,0.8250485109593834,167340,25.142850274281543,-0.42094849292769965,76.92307692307693,1.0182956388364897,-91877,-13.804527636250539,-1.1730361070732602,-27868,-4.187169543705497,0.4857779581092396,-6181,-0.9286958141827071,0.15722428818075707,,,,,,NORMAL,,SPY
2017-10-17,S&P 500 Consolidated - CHICAGO MERCANTILE EXCHANGE,13874+,669706,47256,137588,327509,164142,79270,117896,24379,51275,76970,84482,ES,2017-10-20 15:30:00-04:00,-38626,-5.7676054865866515,0.4548517935561458,85.25641025641025,0.9564560413531743,163367,24.39383849032262,-0.7490117839589239,74.35897435897436,0.9175883250623443,-90332,-13.4883068092566,0.3162208269939395,-26896,-4.016090642759659,0.17107890094583844,-7512,-1.1216862324661867,-0.19299041828347963,,,,,,NORMAL,,SPY
2017-10-24,S&P 500 Consolidated - CHICAGO MERCANTILE EXCHANGE,13874+,692744,54482,148913,325035,163325,81580,118544,24794,50155,77531,82484,ES,2017-10-27 15:30:00-04:00,-36964,-5.335881653251418,0.43172383333523356,87.17948717948718,1.0826960422939618,161710,23.34339958195235,-1.0504389083702677,71.7948717948718,0.7779551917407656,-94431,-13.631442495351818,-0.14313568609521887,-25361,-3.6609483445544098,0.35514229820524923,-4953,-0.7149827353250263,0.4067034971411604,2017-11-01,265.010009765625,246.11800231933594,0.07391500254230701,596.7853844123856,NORMAL,,SPY
2017-10-31,S&P 500 Consolidated - CHICAGO MERCANTILE EXCHANGE,13874+,701203,53776,149343,319199,166047,83202,113829,24884,51251,76479,77071,ES,2017-11-03 15:30:00-04:00,-30627,-4.367779373448203,0.9681022798032153,92.3076923076923,1.3750985939807214,153152,21.841321272156566,-1.5020783097957846,66.02564102564102,0.5787100047276661,-95567,-13.629006150857883,0.0024363444939350387,-26367,-3.7602520240215744,-0.09930367946716467,-592,-0.08442633588276148,0.6305563994422648,,,,,,EXTREME_LONG,long,SPY
2017-11-07,S&P 500 Consolidated - CHICAGO MERCANTILE EXCHANGE,13874+,715963,63401,141178,314136,166475,90328,127753,25450,51175,79043,85777,ES,2017-11-10 15:30:00-05:00,-37425,-5.227225429247042,-0.8594460557988395,87.17948717948718,1.0886149331700774,147661,20.624110463808883,-1.2172108083476836,60.256410256410255,0.4176272825096268,-77777,-10.863270867349291,2.765735283508592,-25725,-3.5930627700034776,0.1671892540180968,-6734,-0.9405513972090737,-0.8561250613263122,,,,,,UNWINDING_LONG,long,SPY
2017-11-14,S&P 500 Consolidated - CHICAGO MERCANTILE EXCHANGE,13874+,720635,60663,143706,310877,163387,95080,125688,25880,56972,84657,87403,ES,2017-11-17 15:30:00-05:00,-30608,-4.2473651709950255,0.9798602582520166,92.94871794871796,1.383695292057327,147490,20.466671754771834,-0.1574387090370486,60.256410256410255,0.4021093094260302,-83043,-11.523586836609379,-0.660315969260088,-31092,-4.314528159192934,-0.721465389189456,-2746,-0.38105282146995356,0.5594985757391201,,,,,,EXTREME_LONG,long,SPY
2017-11-21,S&P 500 Consolidated - CHICAGO MERCANTILE EXCHANGE,13874+,738955,71417,143935,305927,163160,98590,125230,23781,67729,91280,90942,ES,2017-11-24 15:30:00-05:00,-26640,-3.6050909730633123,0.6422741979317133,96.15384615384616,1.568160764128918,142767,19.32012098165653,-1.1465507731153046,55.769230769230774,0.2531286940139489,-72518,-9.81358810753023,1.7099987290791496,-43948,-5.947317495652644,-1.6327893364597106,338,0.04574026835192942,0.42679308982188296,2017-12-01,266.8599853515625,249.15700073242186,0.0782657053960648,600.9514096586911,EXTREME_LONG,long,SPY
2017-11-28,S&P 500 Consolidated - CHICAGO MERCANTILE EXCHANGE,13874+,756344,72959,145832,309201,163761,99863,128337,24470,67940,92101,92724,ES,2017-12-01 15:30:00-05:00,-28474,-3.7646890832742774,-0.15959811021096515,93.58974358974359,1.499600041272556,145440,19.229345377235756,-0.0907756044207737,55.769230769230774,0.24836473835732947,-72873,-9.634901579175613,0.17868652835461596,-43470,-5.7473847878743,0.19993270777834393,-623,-0.08236992691156406,-0.1281101952634935,2017-12-01,266.8599853515625,249.15700073242186,0.0782657053960648,600.9514096586911,EXTREME_LONG,long,SPY
2017-12-05,S&P 500 Consolidated - CHICAGO MERCANTILE EXCHANGE,13874+,780215,77761,154397,295351,159878,106236,128540,24528,67269,89584,83377,ES,2017-12-08 15:30:00-05:00,-22304,-2.858699204706395,0.9059898785678824,98.71794871794873,1.764717696714263,135473,17.363547227366816,-1.8657981498689402,49.358974358974365,-0.0015964915562272058,-76636,-9.822420743000327,-0.18751916382471379,-42741,-5.478105394026006,0.26927939384829447,6207,0.7955499445665618,0.8779198714781259,,,,,,EXTREME_LONG,long,SPY
2017-12-12,S&P 500 Consolidated - CHICAGO MERCANTILE EXCHANGE,13874+,863122,77745,166284,300830,160804,89150,124302,24435,42768,97840,95842,ES,2017-12-15 15:30:00-05:00,-35152,-4.072657167816369,-1.2139579631099742,91.66666666666666,1.382338524188023,140026,16.22319903791121,-1.1403481894556045,45.51282051282051,-0.15174116357785072,-88539,-10.257993655589823,-0.43557291258949604,-18333,-2.1240334506593506,3.3540719433666553,1998,0.23148523615433275,-0.564064708412229,,,,,,EXTREME_LONG,long,SPY
2017-12-19,S&P 500 Consolidated - CHICAGO MERCANTILE EXCHANGE,13874+,641391,38525,152171,316447,161453,81213,114159,24110,37796,76515,71231,ES,2017-12-22 15:30:00-05:00,-32946,-5.1366483159258545,-1.0639911481094853,85.8974358974359,1.074769428546452,154994,24.165290750883628,7.942091712972417,78.2051282051282,0.9522195745044839,-113646,-17.718677062821275,-7.460683407231452,-13686,-2.1337998194549033,-0.009766368795552705,5284,0.8238344473184064,0.5923492111640736,,,,,,UNWINDING_LONG,long,SPY
2017-12-26,S&P 500 Consolidated - CHICAGO MERCANTILE EXCHANGE,13874+,663937,48437,165038,315977,163264,85425,116550,25782,36038,78053,72783,ES,2017-12-29 15:30:00-05:00,-31125,-4.687944789942419,0.44870352598343555,87.82051282051282,1.2132894117964494,152713,23.00112811908359,-1.164162631800039,75.64102564102564,0.8061008855149343,-116601,-17.562057845849832,0.15661921697144265,-10256,-1.5447248760048016,0.5890749434501017,5270,0.7937500094135438,-0.030084437904862593,2018-01-01,281.8999938964844,253.77299957275392,0.12207936428979273,634.8205351644968,NORMAL,,SPY
2018-01-02,S&P 500 Consolidated - CHICAGO MERCANTILE EXCHANGE,13874+,662131,47343,173860,325756,163384,69393,103396,26468,36288,79809,71841,ES,2018-01-05 15:30:00-05:00,-34003,-5.1353886164520315,-0.44744382650961256,85.8974358974359,1.0729098951329537,162372,24.52263977974147,1.5215116606578825,80.76923076923077,1.0400243661428394,-126517,-19.107548204207326,-1.545490358357494,-9820,-1.483090204204304,0.06163467180049764,7968,1.2033872451221888,0.40963723570864496,,,,,,UNWINDING_LONG,long,SPY
2018-01-09,S&P 500 Consolidated - CHICAGO MERCANTILE EXCHANGE,13874+,704939,48166,181169,352879,164173,70378,125435,27496,37827,83429,73744,ES,2018-01-12 15:30:00-05:00,-55057,-7.810179320480212,-2.6747907040281804,56.41025641025641,0.25559122489955505,188706,26.769124704407048,2.2464849246655767,92.3076923076923,1.372431670814974,-133003,-18.86730624919319,0.2402419550141346,-10331,-1.4655168745097094,0.017573329694594575,9685,1.3738777397760658,0.170490494653877,,,,,,UNWINDING_LONG,long,SPY
2018-01-16,S&P 500 Consolidated - CHICAGO MERCANTILE EXCHANGE,13874+,719920,44430,191133,355864,166194,85071,124619,26022,39875,79645,69211,ES,2018-01-19 15:30:00-05:00,-39548,-5.49338815423936,2.3167911662408516,83.33333333333334,0.9775823008726897,189670,26.345982886987443,-0.4231418174196051,87.82051282051282,1.3231126935137543,-146703,-20.37768085342816,-1.5103746042349684,-13853,-1.9242415823980443,-0.45872470788833497,10434,1.4493277030781198,0.075449963302054,,,,,,NORMAL,,SPY
2018-01-23,S&P 500 Consolidated - CHICAGO MERCANTILE EXCHANGE,13874+,753197,47854,211099,363756,162238,92258,121770,25702,42192,80168,72438,ES,2018-01-26 15:30:00-05:00,-29512,-3.918231219720737,1.5751569345186232,93.58974358974359,1.4647722053523833,201518,26.75501893926821,0.40903605228076856,92.94871794871796,1.3899409549320993,-163245,-21.67361261396421,-1.2959317605360496,-16490,-2.1893342644752964,-0.2650926820772521,7730,1.0262919262822343,-0.42303577679588544,2018-02-01,271.6499938964844,257.1299987792969,0.056387323912739304,611.7381987816678,EXTREME_LONG,long,SPY
2018-01-30,S&P 500 Consolidated - CHICAGO MERCANTILE EXCHANGE,13874+,755004,43300,230778,345036,156527,100245,105870,28207,41769,93026,74869,ES,2018-02-02 15:30:00-05:00,-5625,-0.7450291654083951,3.173202054312342,100.0,2.4327706540684257,188509,24.967947189683763,-1.7870717495844488,82.6923076923077,1.1414786901005822,-187478,-24.831391621766244,-3.1577790078020342,-13562,-1.7962818740033166,0.3930523904719798,18157,2.4048879211235965,1.3785959948413622,,,,,,EXTREME_LONG,long,SPY
2018-02-06,S&P 500 Consolidated - CHICAGO MERCANTILE EXCHANGE,13874+,764134,51956,221702,331833,155497,90405,98733,35093,45036,90744,79064,ES,2018-02-09 15:30:00-05:00,-8328,-1.0898612023545609,-0.3448320369461657,99.35897435897436,2.27256120221886,176336,23.0765808091251,-1.8913663805586616,76.28205128205127,0.8724285071226584,-169746,-22.214166625225417,2.617224996540827,-9943,-1.3012115676046347,0.4950703063986819,11680,1.528527718960287,-0.8763602021633095,,,,,,EXTREME_LONG,long,SPY
2018-02-13,S&P 500 Consolidated - CHICAGO MERCANTILE EXCHANGE,13874+,745984,59537,194606,308061,155108,85290,99067,31564,45671,88356,78358,ES,2018-02-16 15:30:00-05:00,-13777,-1.846822451956074,-0.7569612496015132,98.71794871794873,2.0004283100393536,152953,20.50352286376115,-2.5730579453639493,63.46153846153846,0.5041612994450412,-135069,-18.106152410775564,4.108014214449852,-14107,-1.8910593256691832,-0.5898477580645485,9998,1.3402432223747427,-0.18828449658554436,,,,,,EXTREME_LONG,long,SPY
2018-02-20,S&P 500 Consolidated - CHICAGO MERCANTILE EXCHANGE,13874+,743270,67771,199084,322053,151132,75499,108621,32164,45979,82225,74896,ES,2018-02-23 15:30:00-05:00,-33122,-4.456254120306214,-2.6094316683501404,87.17948717948718,1.1987321013496404,170921,22.995815786995305,2.492292923234153,76.28205128205127,0.8779723250739556,-131313,-17.666931263201796,0.4392211475737682,-13815,-1.8586785421179384,0.03238078355124485,7329,0.9860481386306457,-0.35419508374409703,2018-03-01,263.1499938964844,259.3009979248047,-0.007018662694234169,592.5967490983462,UNWINDING_LONG,long,SPY
2018-02-27,S&P 500 Consolidated - CHICAGO MERCANTILE EXCHANGE,13874+,751478,54221,200610,326170,146268,76565,105300,33155,44497,79811,73249,ES,2018-03-02 15:30:00-05:00,-28735,-3.8237979022672652,0.632456218038949,91.66666666666666,1.3728418919220189,179902,23.93975605406945,0.9439402670741437,80.12820512820514,1.023174125866535,-146389,-19.480144461980256,-1.8132131987784597,-11342,-1.509292354533333,0.3493861875846054,6562,0.8732125225222828,-0.1128356161083629,,,,,,EXTREME_LONG,long,SPY
2018-03-06,S&P 500 Consolidated - CHICAGO MERCANTILE EXCHANGE,13874+,744178,57590,189097,306569,147962,77608,99052,28992,45365,80215,69499,ES,2018-03-09 15:30:00-05:00,-21444,-2.8815686569611034,0.9422292453061618,96.7948717948718,1.6314502396783772,158607,21.313046072310655,-2.6267099817587933,67.94871794871796,0.637433826137833,-131507,-17.671444197490384,1.8087002644898718,-16373,-2.200145664074993,-0.6908533095416598,10716,1.4399780697628792,0.5667655472405965,,,,,,EXTREME_LONG,long,SPY
2018-03-13,S&P 500 Consolidated - CHICAGO MERCANTILE EXCHANGE,13874+,841393,63712,188439,308898,143638,78465,108207,29627,44348,88937,85007,ES,2018-03-16 15:30:00-04:00,-29742,-3.5348523222798383,-0.6532836653187348,94.87179487179486,1.417367459997582,165260,19.641237804450476,-1.6718082678601789,59.61538461538461,0.3905200109529366,-124727,-14.823869464091096,2.847574733399288,-14721,-1.7495985823509348,0.450547081724058,3930,0.4670825642713928,-0.9728955054914865,,,,,,EXTREME_LONG,long,SPY
2018-03-20,S&P 500 Consolidated - CHICAGO MERCANTILE EXCHANGE,13874+,584448,28963,162095,285701,135265,66779,88532,27069,34721,74113,62011,ES,2018-03-23 15:30:00-04:00,-21753,-3.7219735545335086,-0.1871212322536704,91.66666666666666,1.348443514474262,150436,25.73984340779676,6.098605603346282,88.46153846153845,1.2866113188045822,-133132,-22.77910096364433,-7.955231499553232,-7652,-1.3092696014016645,0.4403289809492703,12102,2.0706718134034166,1.6035892491320238,,,,,,EXTREME_LONG,long,SPY
2018-03-27,S&P 500 Consolidated - CHICAGO MERCANTILE EXCHANGE,13874+,645461,41771,171070,255565,139681,83659,80879,30555,35386,93762,78297,ES,2018-03-30 15:30:00-04:00,2780,0.43069991835292915,4.152673472886438,100.0,2.519498806256046,115884,17.953679618133396,-7.786163789663362,51.92307692307693,0.14696093615177266,-129299,-20.032039116228557,2.7470618474157718,-4831,-0.7484573041593527,0.5608122972423117,15465,2.395961955873399,0.32529014246998234,2018-04-01,264.510009765625,261.5719985961914,-0.00880602456318669,595.659416783955,EXTREME_LONG,long,SPY
2018-04-03,S&P 500 Consolidated - CHICAGO MERCANTILE EXCHANGE,13874+,672875,49957,163550,251341,150205,85108,83782,29894,36367,108194,90591,ES,2018-04-06 15:30:00-04:00,1326,0.19706483373583503,-0.23363508461709412,99.35897435897436,2.3900762668798015,101136,15.030429128738621,-2.923250489394775,43.58974358974359,-0.2785185695398143,-113593,-16.88173880735649,3.1503003088720654,-6473,-0.961991454579231,-0.21353415041987822,17603,2.6160876834478914,0.22012572757449256,,,,,,EXTREME_LONG,long,SPY
2018-04-10,S&P 500 Consolidated - CHICAGO MERCANTILE EXCHANGE,13874+,682253,46432,155702,246082,141400,80263,85244,31474,36181,114076,99800,ES,2018-04-13 15:30:00-04:00,-4981,-0.7300810696325264,-0.9271459033683614,98.71794871794873,2.0749809144181284,104682,15.343574890839616,0.3131457621009943,44.230769230769226,-0.2216901002429698,-109270,-16.01605269599401,0.8656861113624821,-4707,-0.6899200150090948,0.27207143957013613,14276,2.092478889796014,-0.5236087936518774,,,,,,EXTREME_LONG,long,SPY
2018-04-17,S&P 500 Consolidated - CHICAGO MERCANTILE EXCHANGE,13874+,679003,40180,161935,265940,143601,79619,86419,30007,34291,113395,102895,ES,2018-04-20 15:30:00-04:00,-6800,-1.0014683293004596,-0.2713872596679332,97.43589743589743,1.9580502926077419,122339,18.01744616739543,2.673871276555815,53.84615384615385,0.19355251445423952,-121755,-17.931437710879038,-1.9153850148850289,-4284,-0.6309250474592896,0.058994967549805266,10500,1.5463849202433568,-0.5460939695526572,,,,,,EXTREME_LONG,long,SPY
2018-04-24,S&P 500 Consolidated - CHICAGO MERCANTILE EXCHANGE,13874+,685976,42949,183576,260777,142725,83497,81015,33277,30949,116892,99125,ES,2018-04-27 15:30:00-04:00,2482,0.3618202386089309,1.3632885679093905,99.35897435897436,2.2905169507075094,118052,17.209348432015116,-0.8080977353803149,50.641025641025635,0.0797162008980507,-140627,-20.500279893174106,-2.568842182295068,2328,0.339370473602575,0.9702955210618646,17767,2.590032304337178,1.0436473840938212,2018-05-01,270.94000244140625,263.98899841308594,-0.038879005648729134,610.1393439919071,EXTREME_LONG,long,SPY
2018-05-01,S&P 500 Consolidated - CHICAGO MERCANTILE EXCHANGE,13874+,680823,42572,176900,250532,154077,84808,65861,31001,29839,117648,99883,ES,2018-05-04 15:30:00-04:00,18947,2.782955334940212,2.4211350963312808,100.0,2.8819961315147555,96455,14.167412088017002,-3.0419363439981133,41.66666666666667,-0.3779175599946042,-134328,-19.730238255758106,0.770041637416,1162,0.1706757850425147,-0.16869468856006029,17765,2.6093419288126283,0.01930962447545026,,,,,,EXTREME_LONG,long,SPY
2018-05-08,S&P 500 Consolidated - CHICAGO MERCANTILE EXCHANGE,13874+,696497,45267,147818,248621,159868,73573,72049,30360,32367,124354,110072,ES,2018-05-11 15:30:00-04:00,1524,0.21880926981738616,-2.564146065122826,98.07692307692307,2.1245007657492643,88753,12.742768454135481,-1.4246436338815212,33.97435897435898,-0.5888968687583356,-102551,-14.72382508467373,5.006413171084375,-2007,-0.2881563021807703,-0.45883208722328506,14282,2.050547238537998,-0.5587946902746301,,,,,,EXTREME_LONG,long,SPY
2018-05-15,S&P 500 Consolidated - CHICAGO MERCANTILE EXCHANGE,13874+,710995,43780,141319,251250,163849,73897,74097,30440,34270,128166,113997,ES,2018-05-18 15:30:00-04:00,-200,-0.028129593035112765,-0.2469388628524989,96.7948717948718,2.016578527217441,87401,12.292772804309454,-0.44999564982602713,30.128205128205128,-0.6492125270723855,-97539,-13.71866187525932,1.0051632094144107,-3830,-0.5386817066224094,-0.2505254044416391,14169,1.9928410185725638,-0.05770621996543435,,,,,,EXTREME_LONG,long,SPY
2018-05-22,S&P 500 Consolidated - CHICAGO MERCANTILE EXCHANGE,13874+,731490,46994,130259,257946,183254,73707,76146,28201,35040,133697,115845,ES,2018-05-25 15:30:00-04:00,-2439,-0.3334290284214412,-0.3052994353863284,96.15384615384616,1.9013348840450368,74692,10.210939315643413,-2.0818334886660406,20.51282051282051,-0.9663997134888098,-83265,-11.382930730426937,2.3357311448323834,-6839,-0.934941010813545,-0.39625930419113553,17852,2.440498161287236,0.44765714271467205,2018-06-01,271.2799987792969,266.36799774169924,-0.0013620288072912355,610.9049937324068,EXTREME_LONG,long,SPY
2018-05-29,S&P 500 Consolidated - CHICAGO MERCANTILE EXCHANGE,13874+,758381,54317,119700,254390,188975,76097,84834,27483,36328,145748,128198,ES,2018-06-01 15:30:00-04:00,-8737,-1.1520594529662531,-0.8186304245448119,92.94871794871796,1.661354886503355,65415,8.625611664849199,-1.5853276507942144,14.743589743589745,-1.2055503564923755,-65383,-8.621392149856074,2.7615385805708623,-8845,-1.166300316068045,-0.2313593052545,17550,2.3141402540411744,-0.12635790724606144,2018-06-01,271.2799987792969,266.36799774169924,-0.0013620288072912355,610.9049937324068,EXTREME_LONG,long,SPY
2018-06-05,S&P 500 Consolidated - CHICAGO MERCANTILE EXCHANGE,13874+,764297,48325,118168,262001,188782,69296,77076,26936,35685,146619,133466,ES,2018-06-08 15:30:00-04:00,-7780,-1.0179288941340867,0.1341305588321664,93.58974358974359,1.6682537774831447,73219,9.579914614344947,0.954302949495748,19.871794871794872,-1.0404145254273733,-69843,-9.138201510669282,-0.5168093608132072,-8749,-1.1447120687376766,0.02158824733036835,13153,1.720927859196098,-0.5932123948450765,,,,,,EXTREME_LONG,long,SPY
2018-06-12,S&P 500 Consolidated - CHICAGO MERCANTILE EXCHANGE,13874+,808289,40460,125754,278793,186978,72399,81649,22719,35123,152912,137778,ES,2018-06-15 15:30:00-04:00,-9250,-1.1443926615356637,-0.12646376740157694,92.3076923076923,1.6100010356198342,91815,11.359179699340212,1.7792650849952647,26.923076923076923,-0.7453129745618206,-85294,-10.552413802488962,-1.4142122918196804,-12404,-1.534599629587932,-0.38988756085025544,15134,1.8723501123979172,0.15142225320181923,,,,,,EXTREME_LONG,long,SPY
2018-06-19,S&P 500 Consolidated - CHICAGO MERCANTILE EXCHANGE,13874+,584145,25933,110743,294696,183968,64466,82099,23865,36652,74865,70364,ES,2018-06-22 15:30:00-04:00,-17633,-3.018599833945339,-1.8742071724096754,88.46153846153845,1.1276392647936397,110728,18.955567538881613,7.596387839541402,64.74358974358975,0.4662151870725517,-84810,-14.518655470816322,-3.96624166832736,-12787,-2.18901129000505,-0.654411660417118,4501,0.7705278655128436,-1.1018222468850736,,,,,,UNWINDING_LONG,long,SPY
2018-06-26,S&P 500 Consolidated - CHICAGO MERCANTILE EXCHANGE,13874+,592189,30956,101563,278646,190289,71037,85934,27098,36323,78365,71994,ES,2018-06-29 15:30:00-04:00,-14897,-2.5155820185785283,0.5030178153668108,89.74358974358975,1.24078203665169,88357,14.920405478656308,-4.035162060225305,47.43589743589743,-0.16400636017463519,-70607,-11.923051593325779,2.595603877490543,-9225,-1.5577796953337533,0.6312315946712967,6371,1.0758389635741292,0.30531109806128565,2018-07-01,281.3299865722656,269.37799682617185,0.0690860463516968,633.5369155744194,NORMAL,,SPY
2018-07-03,S&P 500 Consolidated - CHICAGO MERCANTILE EXCHANGE,13874+,591994,32045,99409,275559,191864,65397,79632,26399,35598,82827,75724,ES,2018-07-06 15:30:00-04:00,-14235,-2.40458518160657,0.11099683697195806,89.74358974358975,1.2555061973609656,83695,14.137812207556157,-0.7825932711001506,45.51282051282051,-0.28086027256398666,-67364,-11.379169383473482,0.5438822098522973,-9199,-1.5539008841305824,0.0038788112031709066,7103,1.1998432416544762,0.12400427808034697,,,,,,NORMAL,,SPY
2018-07-10,S&P 500 Consolidated - CHICAGO MERCANTILE EXCHANGE,13874+,603377,33224,94923,282646,187590,64000,85665,23017,35705,82355,81359,ES,2018-07-13 15:30:00-04:00,-21665,-3.5906241040013125,-1.1860389223947423,83.97435897435898,0.9475445361035705,95056,15.753997915068025,1.6161857075118675,51.92307692307693,-0.008192013307071642,-61699,-10.225613505320885,1.1535558781525967,-12688,-2.1028312315517494,-0.5489303474211671,996,0.16507092580592234,-1.0347723158485538,,,,,,UNWINDING_LONG,long,SPY
2018-07-17,S&P 500 Consolidated - CHICAGO MERCANTILE EXCHANGE,13874+,617923,39961,90495,282273,187652,66372,92386,21763,39206,87429,88059,ES,2018-07-20 15:30:00-04:00,-26014,-4.209909648936842,-0.6192855449355292,76.92307692307693,0.7813459647859863,94621,15.31274932313573,-0.44124859193229504,50.0,-0.07068351510246355,-50534,-8.178041600652508,2.047571904668377,-17443,-2.8228436229109453,-0.7200123913591958,-630,-0.10195445063543516,-0.2670253764413575,,,,,,NORMAL,,SPY
2018-07-24,S&P 500 Consolidated - CHICAGO MERCANTILE EXCHANGE,13874+,618863,41802,94752,277990,187013,68900,94628,21249,37274,85891,82164,ES,2018-07-27 15:30:00-04:00,-25728,-4.157301373648125,0.05260827528871648,76.92307692307693,0.7839234470412471,90977,14.700668807151178,-0.6120805159845517,48.07692307692308,-0.16157212380512687,-52950,-8.556013204861173,-0.3779716042086658,-16025,-2.5894260926893353,0.23341753022160994,3727,0.6022334506991046,0.7041879013345398,2018-08-01,290.30999755859375,272.6939971923828,0.09753879566156837,653.7593189215341,NORMAL,,SPY
2018-07-31,S&P 500 Consolidated - CHICAGO MERCANTILE EXCHANGE,13874+,615259,42418,101593,273244,188958,67770,83216,21573,40951,86947,77235,ES,2018-08-03 15:30:00-04:00,-15446,-2.510487453251395,1.6468139203967302,89.1025641025641,1.1859678839966095,84286,13.69927136376713,-1.0013974433840485,42.30769230769231,-0.3204231233173373,-59175,-9.617900753991409,-1.061887549130235,-19378,-3.1495679055487202,-0.5601418128593849,9712,1.5785222158473098,0.9762887651482052,,,,,,NORMAL,,SPY
2018-08-07,S&P 500 Consolidated - CHICAGO MERCANTILE EXCHANGE,13874+,631017,46636,99090,279316,188170,68888,92792,21790,41778,89293,84093,ES,2018-08-10 15:30:00-04:00,-23904,-3.7881705247243733,-1.2776830714729783,78.84615384615384,0.8510745347977204,91146,14.444301817542158,0.7450304537750281,48.717948717948715,-0.18858563850425475,-52454,-8.31261281391785,1.3052879400735584,-19988,-3.1675850254430546,-0.01801711989433441,5200,0.8240665465431201,-0.7544556693041897,,,,,,NORMAL,,SPY
2018-08-14,S&P 500 Consolidated - CHICAGO MERCANTILE EXCHANGE,13874+,628840,47822,99155,272900,187295,69782,90811,23095,41794,90466,85011,ES,2018-08-17 15:30:00-04:00,-21029,-3.3440938871573054,0.44407663756706794,84.61538461538461,0.9512975806340712,85605,13.613160740410915,-0.8311410771312424,41.66666666666667,-0.3211095841841462,-51333,-8.163125755359074,0.1494870585587762,-18699,-2.9735703835633864,0.19401464187966821,5455,0.8674702627059347,0.04340371616281469,,,,,,NORMAL,,SPY
2018-08-21,S&P 500 Consolidated - CHICAGO MERCANTILE EXCHANGE,13874+,632271,51764,95339,276040,187532,67542,98345,21852,42282,91431,85131,ES,2018-08-24 15:30:00-04:00,-30803,-4.871803388104151,-1.527709500946846,67.94871794871796,0.5563953953608569,88508,13.998427889306958,0.38526714889604285,45.51282051282051,-0.2497465329600098,-43575,-6.89182328463586,1.2713024707232137,-20430,-3.2312094022974325,-0.25763901873404604,6300,0.9964081857304858,0.1289379230245511,,,,,,NORMAL,,SPY
2018-08-28,S&P 500 Consolidated - CHICAGO MERCANTILE EXCHANGE,13874+,646116,48795,112231,285061,178469,68281,98897,21975,41227,90857,84144,ES,2018-08-31 15:30:00-04:00,-30616,-4.738468015031357,0.13333537307279464,68.58974358974359,0.5865691717990802,106592,16.49734722557559,2.4989193362686333,58.333333333333336,0.1671455519939383,-63436,-9.81805124776356,-2.9262279631276993,-19252,-2.9796507128750873,0.25155868942234516,6713,1.038977521064329,0.04256933533384322,2018-09-01,290.7200012207031,275.26499633789064,0.07300508821533105,654.6826206236805,NORMAL,,SPY
2018-09-04,S&P 500 Consolidated - CHICAGO MERCANTILE EXCHANGE,13874+,648498,47391,115689,286995,170071,57027,99386,24695,41489,93273,82747,ES,2018-09-07 15:30:00-04:00,-42359,-6.531862858482216,-1.7933948434508595,53.84615384615385,0.12971032708255606,116924,18.02997079405025,1.5326235684746585,64.74358974358975,0.41769357364903353,-68298,-10.53172099220044,-0.7136697444368796,-16794,-2.5896764523560596,0.3899742605190277,10526,1.6231353065082699,0.5841577854439408,,,,,,NORMAL,,SPY
2018-09-11,S&P 500 Consolidated - CHICAGO MERCANTILE EXCHANGE,13874+,653358,48262,122423,285319,164260,55989,97582,24336,40128,94143,83656,ES,2018-09-14 15:30:00-04:00,-41593,-6.366035159897025,0.16582769858519164,56.41025641025641,0.16463871394386678,121059,18.528739221070225,0.49876842701997504,67.94871794871796,0.49301835096157176,-74161,-11.350744920855028,-0.8190239286545893,-15792,-2.417051601113019,0.1726248512430404,10487,1.6050924607948476,-0.018042845713422295,,,,,,NORMAL,,SPY
2018-09-18,S&P 500 Consolidated - CHICAGO MERCANTILE EXCHANGE,13874+,726708,43093,126642,298056,165095,46783,88798,25619,41143,94168,86039,ES,2018-09-21 15:30:00-04:00,-42015,-5.781551875030962,0.5844832848660628,61.53846153846154,0.3053231296940862,132961,18.2963446115909,-0.232394609479325,66.66666666666666,0.4436253421593054,-83549,-11.49691485438443,-0.14616993352940177,-15524,-2.136208766106882,0.2808428350061374,8129,1.1186060976348133,-0.48648636316003424,,,,,,NORMAL,,SPY
2018-09-25,S&P 500 Consolidated - CHICAGO MERCANTILE EXCHANGE,13874+,579634,24225,133900,311899,157675,37725,87414,26140,36177,69924,54746,ES,2018-09-28 15:30:00-04:00,-49689,-8.572478495050325,-2.7909266200193628,33.33333333333333,-0.4151203721512861,154224,26.607134847162175,8.310790235571275,97.43589743589743,1.862169153258035,-109675,-18.921422828888574,-7.424507974504143,-10037,-1.731609946966534,0.4045988191403478,15178,2.6185489464041103,1.499942848769297,2018-10-01,270.6300048828125,275.6419982910156,-0.002396025875144542,609.4412495601689,NORMAL,,SPY
2018-10-02,S&P 500 Consolidated - CHICAGO MERCANTILE EXCHANGE,13874+,590542,25199,136027,311059,157539,40673,83248,27665,37758,66230,56254,ES,2018-10-05 15:30:00-04:00,-42575,-7.209478750029634,1.3629997450206908,45.51282051282051,-0.0764172682392087,153520,25.99645749159247,-0.610677355569706,96.15384615384616,1.728089341700495,-110828,-18.767166433547487,0.15425639534108626,-10093,-1.7091079042642183,0.022502042702315705,9976,1.6892955962488696,-0.9292533501552407,,,,,,NORMAL,,SPY
2018-10-09,S&P 500 Consolidated - CHICAGO MERCANTILE EXCHANGE,13874+,611580,30974,136295,293335,161344,45865,77897,30385,37581,74113,61556,ES,2018-10-12 15:30:00-04:00,-32032,-5.237581346675824,1.9718974033538101,63.46153846153846,0.4221966897419196,131991,21.581968017266753,-4.414489474325716,78.2051282051282,0.9506563931997383,-105321,-17.22113214951437,1.5460342840331158,-7196,-1.176624480852873,0.5324834234113454,12557,2.0532064488701396,0.36391085262127,,,,,,NORMAL,,SPY
2018-10-16,S&P 500 Consolidated - CHICAGO MERCANTILE EXCHANGE,13874+,627161,46100,137180,263905,176118,59370,63365,34331,39508,72455,59989,ES,2018-10-19 15:30:00-04:00,-3995,-0.6369975173838934,4.6005838292919305,95.51282051282051,1.6439903307446238,87787,13.997522167354155,-7.584445849912598,41.02564102564102,-0.34128764198636435,-91080,-14.522586704211518,2.6985454453028535,-5177,-0.8254658692106174,0.3511586116422556,12466,1.9876873721420816,-0.06551907672805801,,,,,,EXTREME_LONG,long,SPY
2018-10-23,S&P 500 Consolidated - CHICAGO MERCANTILE EXCHANGE,13874+,634547,56174,134527,249043,176977,70716,78149,39381,38656,73314,60319,ES,2018-10-26 15:30:00-04:00,-7433,-1.1713868318658822,-0.5343893144819888,90.38461538461539,1.497756136436807,72066,11.357078356685951,-2.640443810668204,23.717948717948715,-0.7852755029894143,-78353,-12.347863909213975,2.1747227949975425,725,0.11425473605580044,0.9397206052664178,12995,2.047917648338106,0.06023027619602428,2018-11-01,275.6499938964844,275.0169982910156,-0.020189787604892314,620.7459398091133,EXTREME_LONG,long,SPY
2018-10-30,S&P 500 Consolidated - CHICAGO MERCANTILE EXCHANGE,13874+,651135,53504,132918,234431,178684,78152,76831,43564,37484,73078,56811,ES,2018-11-02 15:30:00-04:00,1321,0.20287651562272033,1.3742633474886026,97.43589743589743,1.871783839472474,55747,8.561511821665245,-2.795566535020706,11.538461538461538,-1.2480620437770236,-79414,-12.196241946754514,0.1516219624594619,6080,0.9337541370069187,0.8194994009511183,16267,2.4982530504426887,0.4503354021045829,,,,,,EXTREME_LONG,long,SPY
2018-11-06,S&P 500 Consolidated - CHICAGO MERCANTILE EXCHANGE,13874+,642723,53120,119753,242467,177852,61745,76356,38759,33841,72727,61016,ES,2018-11-09 15:30:00-05:00,-14611,-2.273296583442634,-2.4761730990653543,87.82051282051282,1.1715717624019786,64615,10.053320014998686,1.4918081933334406,19.230769230769234,-0.9807548782417078,-66633,-10.367296642566082,1.8289453041884318,4918,0.7651818901766391,-0.1685722468302796,11711,1.8220913208333918,-0.676161729609297,,,,,,UNWINDING_LONG,long,SPY
2018-11-13,S&P 500 Consolidated - CHICAGO MERCANTILE EXCHANGE,13874+,648679,53675,126375,251745,171114,57644,79878,36386,32094,71394,61383,ES,2018-11-16 15:30:00-05:00,-22234,-3.4275812844257327,-1.1542847009830988,81.41025641025641,0.8405093865385632,80631,12.430030878138494,2.3767108631398077,34.61538461538461,-0.572275895265725,-72700,-11.20739225410411,-0.8400956115380289,4292,0.6616523735160226,-0.1035295166606165,10011,1.5432902868753267,-0.2788010339580651,,,,,,UNWINDING_LONG,long,SPY
2018-11-20,S&P 500 Consolidated - CHICAGO MERCANTILE EXCHANGE,13874+,668984,56264,145201,245924,172785,61711,69015,40206,33280,74847,58672,ES,2018-11-23 15:30:00-05:00,-7304,-1.091804886215515,2.3357763982102178,91.02564102564102,1.5080450134136991,73139,10.932847422359877,-1.4971834557786163,23.717948717948715,-0.8214992138115801,-88937,-13.294338878059865,-2.086946623955754,6926,1.0353012927065521,0.37364891919052956,16175,2.4178455688028415,0.8745552819275149,,,,,,EXTREME_LONG,long,SPY
2018-11-27,S&P 500 Consolidated - CHICAGO MERCANTILE EXCHANGE,13874+,667115,60586,138467,243211,169324,65123,71188,29562,33838,74130,59796,ES,2018-11-30 15:30:00-05:00,-6065,-0.9091386042886159,0.18266628192689904,92.94871794871796,1.5407881468145659,73887,11.075601657885072,0.14275423552519406,24.358974358974358,-0.793422581459751,-77881,-11.674299033899702,1.6200398441601624,-4276,-0.640968948382213,-1.676270241088765,14334,2.1486550294926663,-0.2691905393101752,2018-12-01,249.9199981689453,272.84399871826173,-0.1391271390214402,562.8036552713758,EXTREME_LONG,long,SPY
2018-12-04,S&P 500 Consolidated - CHICAGO MERCANTILE EXCHANGE,13874+,681655,57627,132580,242667,156733,61719,77112,24449,33002,81147,68182,ES,2018-12-07 15:30:00-05:00,-15393,-2.258180457856247,-1.349041853567631,86.53846153846155,1.1304131103606012,85934,12.606670529813469,1.5310688719283974,36.53846153846153,-0.5334384514281313,-74953,-10.995738313369667,0.6785607205300348,-8553,-1.2547403011787488,-0.6137713527965358,12965,1.9019885425911935,-0.24666648690147275,,,,,,UNWINDING_LONG,long,SPY
2018-12-11,S&P 500 Consolidated - CHICAGO MERCANTILE EXCHANGE,13874+,693855,61969,135867,232841,167882,72862,68764,24822,34147,83330,69164,ES,2018-12-14 15:30:00-05:00,4098,0.5906133125797177,2.8487937704359645,99.35897435897436,1.932633776108957,64959,9.362042501675422,-3.244628028138047,16.666666666666664,-1.0743798774710938,-73898,-10.650352018793551,0.3453862945761159,-9325,-1.3439407368974785,-0.08920043571872971,14166,2.0416369414358906,0.13964839884469704,,,,,,EXTREME_LONG,long,SPY
2018-12-18,S&P 500 Consolidated - CHICAGO MERCANTILE EXCHANGE,13874+,709900,57277,151647,232184,168240,80565,63132,27874,35966,97091,76005,ES,2018-12-21 15:30:00-05:00,17433,2.455697985631779,1.8650846730520614,99.35897435897436,2.431048891604602,63944,9.007465840259192,-0.35457666141623,14.743589743589745,-1.1310885336436456,-94370,-13.293421608677278,-2.6430695898837264,-8092,-1.1398788561769264,0.2040618807205521,21086,2.970277503873785,0.9286405624378946,,,,,,EXTREME_LONG,long,SPY
2018-12-24,S&P 500 Consolidated - CHICAGO MERCANTILE EXCHANGE,13874+,588676,35444,184595,255424,152732,88617,56840,28797,37829,78471,54756,ES,2018-12-27 15:30:00-05:00,31777,5.398045784098553,2.942347798466774,100.0,3.1905210718931705,102692,17.4445705277606,8.437104687501408,59.61538461538461,0.2788433674188328,-149151,-25.336687753535053,-12.043266144857775,-9032,-1.534290509550245,-0.3944116533733186,23715,4.028531823957491,1.0582543200837056,2019-01-01,269.92999267578125,273.5219985961914,-0.07151213696211746,607.8648673909219,EXTREME_LONG,long,SPY
2018-12-31,S&P 500 Consolidated - CHICAGO MERCANTILE EXCHANGE,13874+,575768,34722,173059,260710,140469,59873,55615,32491,35574,77993,61072,ES,2019-01-03 15:30:00-05:00,4258,0.7395339789637493,-4.658511805134804,98.07692307692307,1.8143488550166167,120241,20.883585055091633,3.4390145273310324,76.92307692307693,0.8482069443226332,-138337,-24.026517625154575,1.3101701283804772,-3083,-0.5354587264314793,0.9988317831187657,16921,2.938857317530672,-1.0896745064268187,,,,,,EXTREME_LONG,long,SPY
2019-01-08,S&P 500 Consolidated - CHICAGO MERCANTILE EXCHANGE,13874+,573742,31325,155897,261752,134838,47599,54769,30940,33715,80794,73191,ES,2019-01-11 15:30:00-05:00,-7170,-1.2496906274945883,-1.9892246064583374,85.25641025641025,1.2481230110673989,126914,22.120395578500442,1.2368105234088098,82.05128205128204,1.0428701808439285,-124572,-21.712198165726058,2.3143194594285177,-2775,-0.4836668746579473,0.051791851773532016,7603,1.3251600893781526,-1.6136972281525195,,,,,,UNWINDING_LONG,long,SPY
2019-01-15,S&P 500 Consolidated - CHICAGO MERCANTILE EXCHANGE,13874+,585987,37825,138881,261757,135310,45443,63257,25119,36439,82907,79164,ES,2019-01-18 15:30:00-05:00,-17814,-3.0399991808692,-1.7903085533746117,78.2051282051282,0.7511215085510838,126447,21.57846505127247,-0.5419305272279722,76.92307692307693,0.9398999429178386,-101056,-17.245433772421574,4.466764393304484,-11320,-1.931783469599155,-1.4481165949412076,3743,0.6387513716174591,-0.6864087177606935,,,,,,UNWINDING_LONG,long,SPY
2019-01-22,S&P 500 Consolidated - CHICAGO MERCANTILE EXCHANGE,13874+,595185,40018,132356,257347,131300,51212,67577,20262,38314,83751,83043,ES,2019-01-25 15:30:00-05:00,-16365,-2.749565261221301,0.2904339196478989,80.12820512820514,0.8192548634724194,126047,21.17778505842721,-0.4006799928452587,75.64102564102564,0.8615169107827723,-92338,-15.514167863773448,1.7312659086481261,-18052,-3.033006544183741,-1.1012230745845861,708,0.11895461075127901,-0.5197967608661801,2019-02-01,278.67999267578125,274.93899688720705,0.029745363218149204,627.5693008884589,NORMAL,,SPY
2019-01-29,S&P 500 Consolidated - CHICAGO MERCANTILE EXCHANGE,13874+,599443,39452,134724,250979,127462,55291,64680,20601,43048,87775,84184,ES,2019-02-01 15:30:00-05:00,-9389,-1.5662873701085842,1.1832778911127169,84.61538461538461,1.1285479632668236,123517,20.605295249089572,-0.5724898093376396,71.15384615384616,0.7546343650062934,-95272,-15.893421059216639,-0.3792531954431908,-22447,-3.7446429435325794,-0.7116363993488384,3591,0.5990561237682315,0.4801015130169525,2019-02-01,278.67999267578125,274.93899688720705,0.029745363218149204,627.5693008884589,NORMAL,,SPY
2019-02-05,S&P 500 Consolidated - CHICAGO MERCANTILE EXCHANGE,13874+,592490,46279,103239,247016,130459,45860,74699,19146,50477,89379,88805,ES,2019-02-08 15:30:00-05:00,-28839,-4.867423922766629,-3.3011365526580447,57.692307692307686,0.21808796857137042,116557,19.672399534169354,-0.9328957149202175,67.94871794871796,0.586085508210191,-56960,-9.613664365643302,6.279756693573336,-31331,-5.288021738763524,-1.5433787952309443,574,0.09687927222400378,-0.5021768515442278,,,,,,NORMAL,,SPY
2019-02-12,S&P 500 Consolidated - CHICAGO MERCANTILE EXCHANGE,13874+,591539,50998,97852,246106,136934,42009,66769,18470,51168,89737,94597,ES,2019-02-15 15:30:00-05:00,-24760,-4.185691898589949,0.6817320241766796,64.1025641025641,0.3967584375306389,109172,18.45558788177956,-1.2168116523897936,62.17948717948718,0.3681248927940256,-46854,-7.92069500066775,1.6929693649755526,-32698,-5.527615254446452,-0.23959351568292853,-4860,-0.8215857280754101,-0.9184650002994139,,,,,,NORMAL,,SPY
2019-02-19,S&P 500 Consolidated - CHICAGO MERCANTILE EXCHANGE,13874+,589295,55310,95234,245875,138430,39247,69719,16784,51121,94879,97591,ES,2019-02-22 15:30:00-05:00,-30472,-5.170924579370264,-0.9852326807803147,53.84615384615385,0.11782171053821908,107445,18.23280360430684,-0.22278427747271934,60.256410256410255,0.31989740354035434,-39924,-6.774875062574772,1.1458199380929779,-34337,-5.826793032352217,-0.29917777790576494,-2712,-0.46021093000958774,0.36137479806582234,2019-03-01,282.4800109863281,276.0929977416992,0.024777860479143148,636.1266960986981,NORMAL,,SPY
2019-02-26,S&P 500 Consolidated - CHICAGO MERCANTILE EXCHANGE,13874+,603122,48665,104363,256609,130509,41995,75377,17077,53607,94222,94712,ES,2019-03-01 15:30:00-05:00,-33382,-5.534866909182553,-0.36394232981228924,50.0,0.010505383514107295,126100,20.90787601845066,2.67507241414382,75.0,0.7749683156688123,-55698,-9.23494748989425,-2.460072427319478,-36530,-6.056817691942924,-0.23002465959070673,-490,-0.08124392743093437,0.37896700257865334,2019-03-01,282.4800109863281,276.0929977416992,0.024777860479143148,636.1266960986981,NORMAL,,SPY
2019-03-05,S&P 500 Consolidated - CHICAGO MERCANTILE EXCHANGE,13874+,571144,47232,103058,255679,127714,46771,77462,18166,56221,76107,79500,ES,2019-03-08 15:30:00-05:00,-30691,-5.373601053324555,0.16126585585799802,50.641025641025635,0.048996932362268125,127965,22.40503270628773,1.4971566878370695,82.6923076923077,1.0269873479178593,-55826,-9.774417659994677,-0.5394701701004276,-38055,-6.662943145686552,-0.606125453743628,-3393,-0.5940708472819464,-0.512826919851012,,,,,,NORMAL,,SPY
2019-03-12,S&P 500 Consolidated - CHICAGO MERCANTILE EXCHANGE,13874+,620260,37294,107472,258648,121869,43686,70626,17119,54146,84386,87020,ES,2019-03-15 15:30:00-04:00,-26940,-4.343339889723664,1.0302611636008914,61.53846153846154,0.328661353278605,136779,22.05188146906136,-0.35315123722637054,80.76923076923077,0.955183223106473,-70178,-11.314287556831006,-1.5398698968363291,-37027,-5.9695933963176735,0.6933497493688785,-2634,-0.4246606261890175,0.16941022109292886,,,,,,NORMAL,,SPY
2019-03-19,S&P 500 Consolidated - CHICAGO MERCANTILE EXCHANGE,13874+,520024,44218,124814,278096,125293,40446,77158,16936,53444,66144,65132,ES,2019-03-22 15:30:00-04:00,-36712,-7.059674168884513,-2.716334279160849,33.33333333333333,-0.42876429372677427,152803,29.383836130640123,7.331954661578763,99.35897435897436,2.258962714064385,-80596,-15.498515453132931,-4.184227896301925,-36508,-7.020445210221067,-1.0508518139033933,1012,0.1946064027814101,0.6192670289704276,,,,,,NORMAL,,SPY
2019-03-26,S&P 500 Consolidated - CHICAGO MERCANTILE EXCHANGE,13874+,526058,47723,136092,271531,119075,45050,69708,15768,54557,71884,72524,ES,2019-03-29 15:30:00-04:00,-24658,-4.687315847302009,2.372358321582504,58.333333333333336,0.22251420833001367,152456,28.980834812891356,-0.40300131774876746,98.71794871794873,2.142335608864102,-88369,-16.798337825867108,-1.2998223727341767,-38789,-7.373521550855609,-0.3530763406345425,-640,-0.12165958886662688,-0.316265991648037,2019-04-01,294.0199890136719,278.3669967651367,0.17645643072914508,662.1139794818789,NORMAL,,SPY
2019-04-02,S&P 500 Consolidated - CHICAGO MERCANTILE EXCHANGE,13874+,533116,52865,137775,274615,119906,43609,76874,15173,53229,72295,70772,ES,2019-04-05 15:30:00-04:00,-33265,-6.2397301900524464,-1.5524143427504375,43.58974358974359,-0.22429230083129523,154709,29.01976305344428,0.038928240552923654,98.71794871794873,2.1127936201604967,-84910,-15.927115299484539,0.871222526382569,-38056,-7.138408901627413,0.23511264922819652,1523,0.28567891415751917,0.40733850302414604,,,,,,NORMAL,,SPY
2019-04-09,S&P 500 Consolidated - CHICAGO MERCANTILE EXCHANGE,13874+,540171,58155,142966,274617,115936,45296,77523,15589,56255,68105,69082,ES,2019-04-12 15:30:00-04:00,-32227,-5.966073706289305,0.27365648376314144,45.51282051282051,-0.15482609415192033,158681,29.376067948853233,0.3563048954089538,98.71794871794873,2.1420356940703336,-84811,-15.700768830611047,0.2263464688734924,-40666,-7.528356761099726,-0.38994785947231314,-977,-0.18086865085315576,-0.46654756501067496,,,,,,NORMAL,,SPY
2019-04-16,S&P 500 Consolidated - CHICAGO MERCANTILE EXCHANGE,13874+,559143,56276,152347,282487,115729,46949,80545,16755,55947,75442,73341,ES,2019-04-19 15:30:00-04:00,-33596,-6.008480835850579,-0.04240712956127357,44.871794871794876,-0.1742173642684711,166758,29.82385543590817,0.447787487054935,99.35897435897436,2.1826723338382625,-96071,-17.181830050631056,-1.4810612200200097,-39192,-7.009298158074053,0.5190586030256732,2101,0.3757536086475195,0.5566222595006752,,,,,,NORMAL,,SPY
2019-04-23,S&P 500 Consolidated - CHICAGO MERCANTILE EXCHANGE,13874+,575717,57740,156062,282108,120065,51407,75699,16370,56454,79496,78840,ES,2019-04-26 15:30:00-04:00,-24292,-4.2194342011787045,1.789046634671874,62.82051282051282,0.3295072213022875,162043,28.146294099357846,-1.6775613365503226,95.51282051282051,1.8472135344371277,-98322,-17.07818250980951,0.10364754082154803,-40084,-6.962448564138283,0.04684959393576982,656,0.11394487222020541,-0.26180873642731406,2019-05-01,275.2699890136719,277.76099700927733,0.01978289364940861,619.8901934157284,NORMAL,,SPY
2019-04-30,S&P 500 Consolidated - CHICAGO MERCANTILE EXCHANGE,13874+,571216,54367,158481,282130,121678,49586,67011,16014,57832,76975,74072,ES,2019-05-03 15:30:00-04:00,-17425,-3.0505097896417466,1.168924411536958,75.64102564102564,0.6586474625771113,160452,28.089549312344193,-0.0567447870136526,94.87179487179486,1.8053570981444633,-104114,-18.22673034368785,-1.148547833878343,-41818,-7.32087336489174,-0.35842480075345673,2903,0.5082140556286939,0.3942691834084885,,,,,,NORMAL,,SPY
2019-05-07,S&P 500 Consolidated - CHICAGO MERCANTILE EXCHANGE,13874+,568612,58192,149343,275432,121426,48261,65288,14702,59821,76459,77169,ES,2019-05-10 15:30:00-04:00,-17027,-2.9944848156563704,0.0560249739853762,77.56410256410257,0.6665649832386583,154006,27.08454974569654,-1.0049995666476548,94.23076923076923,1.605458329194772,-91151,-16.03043903399858,2.196291309689272,-45119,-7.934936301027766,-0.6140629361360261,-710,-0.12486546186151541,-0.6330795174902093,,,,,,NORMAL,,SPY
2019-05-14,S&P 500 Consolidated - CHICAGO MERCANTILE EXCHANGE,13874+,571543,57597,142876,268819,124160,48584,74155,21707,57891,75563,73188,ES,2019-05-17 15:30:00-04:00,-25571,-4.474029075677596,-1.4795442600212252,57.05128205128205,0.2355110394120817,144659,25.310256621111623,-1.774293124584915,89.1025641025641,1.2811305739727359,-85279,-14.92083710237025,1.1096019316283297,-36184,-6.330932230820778,1.6040040702069875,2375,0.4155417877570017,0.540407249618517,,,,,,NORMAL,,SPY
2019-05-21,S&P 500 Consolidated - CHICAGO MERCANTILE EXCHANGE,13874+,571843,56480,134567,268270,126169,46476,75025,23252,61184,74499,72032,ES,2019-05-24 15:30:00-04:00,-28549,-4.992454222575077,-0.5184251468974814,51.28205128205128,0.07776189648199569,142101,24.84965278931455,-0.46060383179707287,86.53846153846155,1.18623606920822,-78087,-13.65532147809801,1.2655156242722398,-37932,-6.633289207002622,-0.30235697618184343,2467,0.43141211836115856,0.01587033060415688,,,,,,NORMAL,,SPY
2019-05-28,S&P 500 Consolidated - CHICAGO MERCANTILE EXCHANGE,13874+,581858,56662,136744,269658,128933,50619,74346,24154,62333,73644,72381,ES,2019-05-31 15:30:00-04:00,-23727,-4.077799050627473,0.9146551719476044,63.46153846153846,0.333610625752389,140725,24.185454182979353,-0.6641986063351979,83.97435897435898,1.0587410621355322,-80082,-13.763151834296341,-0.10783035619833115,-38179,-6.561566567788017,0.07172263921460509,1263,0.2170632697324777,-0.21434884862868087,2019-06-01,293.0,278.02999725341795,0.051385128823649616,659.81703026038,NORMAL,,SPY
2019-06-04,S&P 500 Consolidated - CHICAGO MERCANTILE EXCHANGE,13874+,581678,51998,131400,273738,130265,60620,74944,21698,63094,63804,72155,ES,2019-06-07 15:30:00-04:00,-14324,-2.4625308160184844,1.6152682346089882,80.76923076923077,0.7931080062888612,143473,24.665364686304105,0.4799105033247528,85.25641025641025,1.1261063212696196,-79402,-13.650507669191546,0.11264416510479514,-41396,-7.11665216838182,-0.5550856005938032,-8351,-1.4356740327122566,-1.6527373024447343,,,,,,NORMAL,,SPY
2019-06-11,S&P 500 Consolidated - CHICAGO MERCANTILE EXCHANGE,13874+,586932,47982,128877,287140,125144,46737,84176,20474,62903,66974,68207,ES,2019-06-14 15:30:00-04:00,-37439,-6.378762786830501,-3.916231970812017,33.33333333333333,-0.3650433351182649,161996,27.60047160488779,2.935106918583685,94.23076923076923,1.6058737327685,-80895,-13.782686921142483,-0.13217925195093727,-42429,-7.2289464537629575,-0.11229428538113773,-1233,-0.21007544315184723,1.2255985895604093,,,,,,NORMAL,,SPY
2019-06-18,S&P 500 Consolidated - CHICAGO MERCANTILE EXCHANGE,13874+,663913,49078,128516,289401,127222,45931,88833,18651,62538,85456,81409,ES,2019-06-21 15:30:00-04:00,-42902,-6.461991254878274,-0.08322846804777306,31.41025641025641,-0.39362476797924906,162179,24.4277488164865,-3.172722788401291,83.33333333333334,1.0507096857315628,-79438,-11.965121936157297,1.8175649849851858,-43887,-6.610354067475709,0.6185923862872489,4047,0.6095678198800144,0.8196432630318616,,,,,,NORMAL,,SPY
2019-06-25,S&P 500 Consolidated - CHICAGO MERCANTILE EXCHANGE,13874+,516250,34888,123027,303730,119132,31292,77703,13404,65632,64990,62811,ES,2019-06-28 15:30:00-04:00,-46411,-8.99002421307506,-2.5280329581967855,11.538461538461538,-1.1614669223035217,184598,35.757481840193705,11.329733023707206,100.0,2.9488229903038,-88139,-17.072929782082323,-5.107807845925025,-52228,-10.11680387409201,-3.5064498066163017,2179,0.4220823244552058,-0.18748549542480858,2019-07-01,297.42999267578125,278.7009963989258,0.05292403394226962,669.7930869546094,NORMAL,,SPY
2019-07-02,S&P 500 Consolidated - CHICAGO MERCANTILE EXCHANGE,13874+,532421,38598,125045,303123,120473,35799,86879,14643,64176,71211,66801,ES,2019-07-05 15:30:00-04:00,-51080,-9.593911585005099,-0.603887371930039,7.051282051282051,-1.368522746404339,182650,34.305558946773324,-1.451922893420381,99.35897435897436,2.6370207304567277,-86447,-16.236587211999527,0.8363425700827953,-49533,-9.303352046594705,0.813451827497305,4410,0.828291896826008,0.4062095723708022,,,,,,EXTREME_SHORT,short,SPY
2019-07-09,S&P 500 Consolidated - CHICAGO MERCANTILE EXCHANGE,13874+,538672,37701,123544,308384,124023,32616,86826,18503,66914,71496,67393,ES,2019-07-12 15:30:00-04:00,-54210,-10.063637983782339,-0.4697263987772402,5.769230769230769,-1.54549407168985,184361,34.22509430599697,-0.08046464077635562,98.71794871794873,2.5612304518476745,-85843,-15.936042712448392,0.30054449955113505,-48411,-8.987101612855318,0.31625043373938766,4103,0.7616880030890784,-0.06660389373692965,,,,,,EXTREME_SHORT,short,SPY
2019-07-16,S&P 500 Consolidated - CHICAGO MERCANTILE EXCHANGE,13874+,556903,38730,137069,317082,122600,35293,88757,19464,66968,74342,69516,ES,2019-07-19 15:30:00-04:00,-53464,-9.600235588603402,0.463402395178937,5.769230769230769,-1.4072679892699294,194482,34.92206003558968,0.6969657295927121,99.35897435897436,2.6147819171160886,-98339,-17.658191821556,-1.7221491091076064,-47504,-8.530031262176717,0.4570703506786007,4826,0.8665782012307349,0.10489019814165657,,,,,,EXTREME_SHORT,short,SPY
2019-07-23,S&P 500 Consolidated - CHICAGO MERCANTILE EXCHANGE,13874+,557604,38520,136581,307791,125880,36889,78492,20099,67201,74697,69843,ES,2019-07-26 15:30:00-04:00,-41603,-7.461029691322157,2.1392058972812453,21.153846153846153,-0.7485655019372882,181911,32.623689930488304,-2.2983701051013767,97.43589743589743,2.1795258315509636,-98061,-17.58613639787376,0.07205542368224016,-47102,-8.447213434623855,0.08281782755286216,4854,0.8705102545892784,0.003932053358543519,2019-08-01,292.45001220703125,280.8829971313477,-0.005339694120482473,658.5784933585503,UNWINDING_SHORT,short,SPY
2019-07-30,S&P 500 Consolidated - CHICAGO MERCANTILE EXCHANGE,13874+,558588,41789,135460,306123,124668,35741,78711,21478,67069,73189,72411,ES,2019-08-02 15:30:00-04:00,-42970,-7.692610654006173,-0.23158096268401618,19.230769230769234,-0.8276821536906527,181455,32.484586135040495,-0.13910379544780938,96.7948717948718,2.112314722454335,-93671,-16.76924674357487,0.8168896542988868,-45591,-8.16182947002084,0.2853839646030156,778,0.13927975538321624,-0.7312304992060622,,,,,,NORMAL,,SPY
2019-08-06,S&P 500 Consolidated - CHICAGO MERCANTILE EXCHANGE,13874+,549032,42217,114360,294507,136853,33469,67264,19028,67021,64550,68274,ES,2019-08-09 15:30:00-04:00,-33795,-6.155378921447202,1.537231732558971,39.1025641025641,-0.35974119162856155,157654,28.71490186364365,-3.7696842713968444,92.3076923076923,1.4834893594791116,-72143,-13.140035553483221,3.6292111900916506,-47993,-8.741384837313673,-0.5795553672928335,-3724,-0.6782846901455652,-0.8175644455287815,,,,,,UNWINDING_SHORT,short,SPY
2019-08-13,S&P 500 Consolidated - CHICAGO MERCANTILE EXCHANGE,13874+,541120,47105,105194,286968,135107,25064,73819,18202,65863,69157,66514,ES,2019-08-16 15:30:00-04:00,-48755,-9.010016262566529,-2.854637341119327,8.974358974358974,-1.269358378283414,151861,28.064200177409816,-0.650701686233834,89.74358974358975,1.3608319070254478,-58089,-10.73495712596097,2.405078427522252,-47661,-8.807842992312242,-0.06645815499856944,2643,0.48843140153755177,1.166716091683117,,,,,,EXTREME_SHORT,short,SPY
2019-08-20,S&P 500 Consolidated - CHICAGO MERCANTILE EXCHANGE,13874+,546962,50687,104187,282087,148395,26577,66877,18656,63062,72484,67971,ES,2019-08-23 15:30:00-04:00,-40300,-7.367970718258307,1.642045544308222,20.51282051282051,-0.7551115846709251,133692,24.442648666634977,-3.6215515107748395,78.2051282051282,0.7819315411041944,-53500,-9.781301077588571,0.9536560483723981,-44406,-8.118662722456039,0.6891802698562035,4513,0.8251030236104153,0.33667162207286355,,,,,,UNWINDING_SHORT,short,SPY
2019-08-27,S&P 500 Consolidated - CHICAGO MERCANTILE EXCHANGE,13874+,554812,50063,98081,285429,141672,25481,72592,18948,64912,68901,71567,ES,2019-08-30 15:30:00-04:00,-47111,-8.491344815901602,-1.1233740976432953,12.179487179487179,-1.1167594422109268,143757,25.910939201026654,1.4682905343916772,84.61538461538461,0.9989797341996517,-48018,-8.654823615927558,1.126477461661013,-45964,-8.284608119507148,-0.1659453970511091,-2666,-0.4805231321600831,-1.3056261557704985,2019-09-01,296.7699890136719,282.99499664306643,0.07810513625926783,668.3068014382477,NORMAL,,SPY
2019-09-03,S&P 500 Consolidated - CHICAGO MERCANTILE EXCHANGE,13874+,561385,48306,89807,282635,138522,24887,78831,17232,68197,76828,74532,ES,2019-09-06 15:30:00-04:00,-53944,-9.609091799745272,-1.11774698384367,4.487179487179487,-1.4657778238322214,144113,25.67097446493939,-0.23996473608726276,83.33333333333334,0.949268570783246,-41501,-7.3926093500895105,1.2622142658380477,-50965,-9.078439929816437,-0.793831810309289,2296,0.40898848383907654,0.8895116159991596,,,,,,EXTREME_SHORT,short,SPY
2019-09-10,S&P 500 Consolidated - CHICAGO MERCANTILE EXCHANGE,13874+,582996,50945,106206,288060,132249,31310,85100,18428,70751,76456,70894,ES,2019-09-13 15:30:00-04:00,-53790,-9.226478397793468,0.3826134019518044,6.41025641025641,-1.338900156773276,155811,26.72591235617397,1.0549378912345801,86.53846153846155,1.1001814689423914,-55261,-9.478795737878134,-2.086186387788623,-52323,-8.974847168762736,0.10359276105370085,5562,0.9540374204968817,0.5450489366578051,,,,,,EXTREME_SHORT,short,SPY
2019-09-17,S&P 500 Consolidated - CHICAGO MERCANTILE EXCHANGE,13874+,632829,50881,113410,275935,132101,36232,78482,17563,71808,89564,74375,ES,2019-09-20 15:30:00-04:00,-42250,-6.676369129733309,2.550109268060159,25.0,-0.5323894768428424,143834,22.728730826178953,-3.997181529995018,66.66666666666666,0.4678168628285823,-62529,-9.88086829143418,-0.4020725535560459,-54245,-8.571825880293096,0.40302128846964,15189,2.4001744547105144,1.4461370342136326,,,,,,UNWINDING_SHORT,short,SPY
2019-09-24,S&P 500 Consolidated - CHICAGO MERCANTILE EXCHANGE,13874+,512020,38467,119664,291986,128114,28749,67248,18275,69064,63995,57383,ES,2019-09-27 15:30:00-04:00,-38499,-7.51904222491309,-0.842673095179781,17.94871794871795,-0.821092563435963,163872,32.00499980469513,9.276268978516178,96.15384615384616,1.9007922892543658,-81197,-15.858169602749893,-5.977301311315713,-50789,-9.919339088316862,-1.3475132080237664,6612,1.291355806413812,-1.1088186482967024,2019-10-01,303.3299865722656,288.33599548339845,0.03525592686780077,683.0794912253695,NORMAL,,SPY
2019-10-01,S&P 500 Consolidated - CHICAGO MERCANTILE EXCHANGE,13874+,515140,42662,119615,285311,131045,26514,63371,18032,68788,68697,58396,ES,2019-10-04 15:30:00-04:00,-36857,-7.154754047443413,0.36428817746967646,23.076923076923077,-0.7313733279534811,154266,29.9464223317933,-2.058577472901831,94.87179487179486,1.5493647053671924,-76953,-14.93826920837054,0.9199003943793524,-50756,-9.852855534417829,0.06648355389903315,10301,1.9996505804247389,0.7082947740109269,,,,,,UNWINDING_SHORT,short,SPY
2019-10-08,S&P 500 Consolidated - CHICAGO MERCANTILE EXCHANGE,13874+,517891,48109,118271,273930,131831,30796,61520,19832,67589,66674,60128,ES,2019-10-11 15:30:00-04:00,-30724,-5.932522480599199,1.222231566844214,41.02564102564102,-0.35509814602002554,142099,27.438013018183362,-2.5084093136099384,87.17948717948718,1.1421026099816958,-70162,-13.547638402675467,1.3906308056950731,-47757,-9.221438488021612,0.6314170463962174,6546,1.2639725347611757,-0.7356780456635632,,,,,,UNWINDING_SHORT,short,SPY
2019-10-15,S&P 500 Consolidated - CHICAGO MERCANTILE EXCHANGE,13874+,526647,50289,116925,279732,127005,29818,74171,18009,66231,66627,60142,ES,2019-10-18 15:30:00-04:00,-44353,-8.42177018002571,-2.489247699426511,11.538461538461538,-1.2295983401732806,152727,28.999880375279837,1.5618673570964745,91.66666666666666,1.3683914738342546,-66636,-12.65287754416146,0.8947608585140081,-48222,-9.156417866236778,0.06502062178483392,6485,1.231375095652306,-0.0325974391088697,,,,,,NORMAL,,SPY
2019-10-22,S&P 500 Consolidated - CHICAGO MERCANTILE EXCHANGE,13874+,527802,50610,115304,281119,123564,32815,78223,17013,68293,63763,59936,ES,2019-10-25 15:30:00-04:00,-45408,-8.603226209828685,-0.18145602980297504,9.615384615384617,-1.3083618907348689,157555,29.851156304826432,0.8512759295465955,94.23076923076923,1.48253061817003,-64694,-12.257247983145195,0.3956295610162641,-51280,-9.715764623855158,-0.5593467576183802,3827,0.7250825120026071,-0.5062925836496989,2019-11-01,314.30999755859375,292.7739959716797,0.05675286722416338,707.8057650862069,EXTREME_SHORT,short,SPY
2019-10-29,S&P 500 Consolidated - CHICAGO MERCANTILE EXCHANGE,13874+,546562,53941,128155,285431,117278,34185,84076,16865,67393,66355,59877,ES,2019-11-01 15:30:00-04:00,-49891,-9.128150145820602,-0.5249239359919162,3.205128205128205,-1.5112020444025154,168153,30.76558560602457,0.9144293011981368,95.51282051282051,1.604293245135445,-74214,-13.578331461023636,-1.3210834778784406,-50528,-9.244696850494545,0.47106777336061256,6478,1.1852269275946736,0.46014441559206654,2019-11-01,314.30999755859375,292.7739959716797,0.05675286722416338,707.8057650862069,EXTREME_SHORT,short,SPY
2019-11-05,S&P 500 Consolidated - CHICAGO MERCANTILE EXCHANGE,13874+,558295,55541,130074,285849,111886,36978,92583,18329,66094,65514,61574,ES,2019-11-08 15:30:00-05:00,-55605,-9.959788283971735,-0.8316381381511331,0.641025641025641,-1.7937309784515605,173963,31.15969156091314,0.3941059548885697,95.51282051282051,1.6481666314814918,-74533,-13.350110604608675,0.2282208564149606,-47765,-8.555512766548151,0.6891840839463939,3940,0.7057200942154237,-0.47950683337924993,,,,,,EXTREME_SHORT,short,SPY
2019-11-12,S&P 500 Consolidated - CHICAGO MERCANTILE EXCHANGE,13874+,574424,55066,136579,291330,106750,36393,93259,18842,68610,67138,63571,ES,2019-11-15 15:30:00-05:00,-56866,-9.899656003231064,0.06013228074067101,1.282051282051282,-1.7436092540935764,184580,32.13305850730471,0.9733669463915717,96.15384615384616,1.7839077743929266,-81513,-14.190388980961798,-0.8402783763531225,-49768,-8.663983399022325,-0.1084706324741731,3567,0.6209698759104773,-0.08475021830494645,,,,,,EXTREME_SHORT,short,SPY
2019-11-19,S&P 500 Consolidated - CHICAGO MERCANTILE EXCHANGE,13874+,585963,57129,137830,289594,108094,36385,93995,18237,63054,68875,67247,ES,2019-11-22 15:30:00-05:00,-57610,-9.831678792005638,0.06797721122542555,1.9230769230769231,-1.6970689866557147,181500,30.974651983145694,-1.158406524159016,94.23076923076923,1.582582393363893,-80701,-13.772371293067993,0.4180176878938049,-44817,-7.648435140102703,1.0155482589196216,1628,0.27783324203064014,-0.3431366338798371,,,,,,EXTREME_SHORT,short,SPY
2019-11-26,S&P 500 Consolidated - CHICAGO MERCANTILE EXCHANGE,13874+,605622,61759,148938,291054,109793,40275,99483,19382,58195,71449,67510,ES,2019-11-29 15:30:00-05:00,-59208,-9.776395177189732,0.055283614815905935,2.564102564102564,-1.6575861290274556,181261,29.929725142085328,-1.0449268410603665,91.66666666666666,1.4037534927206143,-87179,-14.394952627216316,-0.6225813341483235,-38813,-6.408783036283358,1.2396521038193447,3939,0.6504056986040798,0.3725724565734397,2019-12-01,321.8599853515625,297.0919952392578,0.1005641029815083,724.8078487860662,EXTREME_SHORT,short,SPY
2019-12-03,S&P 500 Consolidated - CHICAGO MERCANTILE EXCHANGE,13874+,606563,59350,149343,286187,116094,41582,88706,19453,58015,70196,64608,ES,2019-12-06 15:30:00-05:00,-47124,-7.769019870977953,2.007375306211779,17.307692307692307,-0.9697186259486026,170093,28.042099501618132,-1.8876256404671956,83.33333333333334,1.093359113540123,-89993,-14.836546244990215,-0.4415936177738988,-38562,-6.357459983546639,0.051323052736719,5588,0.9212563245697479,0.2708506259656681,,,,,,UNWINDING_SHORT,short,SPY
2019-12-10,S&P 500 Consolidated - CHICAGO MERCANTILE EXCHANGE,13874+,622140,55257,150146,287271,107990,42284,91118,18009,58845,70930,65651,ES,2019-12-13 15:30:00-05:00,-48834,-7.849358665252194,-0.08033879427424129,16.666666666666664,-0.9921840828196027,179281,28.816825794837175,0.7747262932190431,86.53846153846155,1.2077765678245158,-94889,-15.252033304400939,-0.41548705941072406,-40836,-6.563795930176488,-0.20633594662984844,5279,0.8485228405182114,-0.07273348405153657,,,,,,NORMAL,,SPY
2019-12-17,S&P 500 Consolidated - CHICAGO MERCANTILE EXCHANGE,13874+,675130,51376,165996,282392,105570,59826,95300,11455,58560,92223,71846,ES,2019-12-20 15:30:00-05:00,-35474,-5.25439544976523,2.594963215486964,46.15384615384615,-0.11847903279775635,176822,26.19080769629553,-2.626018098541646,76.92307692307693,0.7770314467370656,-114620,-16.97747100558411,-1.7254377011831714,-47105,-6.977174766341297,-0.4133788361648092,20377,3.018233525395109,2.1697106848768977,,,,,,UNWINDING_SHORT,short,SPY
2019-12-24,S&P 500 Consolidated - CHICAGO MERCANTILE EXCHANGE,13874+,556980,49753,185240,309501,98198,51703,93638,17223,60460,65106,55750,ES,2019-12-27 15:30:00-05:00,-41935,-7.52899565514022,-2.2746002053749903,18.58974358974359,-0.8875722718017427,211303,37.93726884268735,11.746461146391823,100.0,2.6485929094288783,-135487,-24.3252899565514,-7.347818950967291,-43237,-7.7627562928650935,-0.7855815265237966,9356,1.679773061869367,-1.3384604635257422,2020-01-01,321.7300109863281,301.0169952392578,0.08410561342678881,724.5151549305067,NORMAL,,SPY
2019-12-31,S&P 500 Consolidated - CHICAGO MERCANTILE EXCHANGE,13874+,566928,43192,175002,304126,101535,55482,95886,19307,59908,67118,56895,ES,2020-01-03 15:30:00-05:00,-40404,-7.126830920328508,0.4021647348117128,25.64102564102564,-0.7492750833176411,202591,35.7348728586346,-2.2023959840527496,98.71794871794873,2.2351450622938094,-131810,-23.24986594417633,1.0754240123750698,-40601,-7.16157960093698,0.6011766919281136,10223,1.8032272175655462,0.12345415569617924,,,,,,NORMAL,,SPY
2020-01-07,S&P 500 Consolidated - CHICAGO MERCANTILE EXCHANGE,13874+,567613,42283,168846,304136,100790,57404,98263,17955,59601,66456,60733,ES,2020-01-10 15:30:00-05:00,-40859,-7.198390452649957,-0.07155953232144974,23.717948717948715,-0.7647273399159147,203346,35.82476088461681,0.08988802598220502,99.35897435897436,2.2057653731111064,-126563,-22.29741038348311,0.9524555606932203,-41646,-7.3370412587449545,-0.17546165780797462,5723,1.008257386634908,-0.7949698309306381,,,,,,NORMAL,,SPY
2020-01-14,S&P 500 Consolidated - CHICAGO MERCANTILE EXCHANGE,13874+,568311,33396,176204,313471,97650,51551,97232,18168,54589,68073,58983,ES,2020-01-17 15:30:00-05:00,-45681,-8.038028473846186,-0.8396380211962287,15.384615384615385,-1.0437097077294342,215821,37.97586180805932,2.151100923442513,100.0,2.493126648694664,-142808,-25.128494785425584,-2.831084401942473,-36421,-6.408638931852454,0.9284023268925008,9090,1.5994763430586423,0.5912189564237342,,,,,,NORMAL,,SPY
2020-01-21,S&P 500 Consolidated - CHICAGO MERCANTILE EXCHANGE,13874+,587888,37634,183735,316976,99745,54282,102683,20726,53344,68644,58757,ES,2020-01-24 15:30:00-05:00,-48401,-8.233030781373323,-0.19500230752713676,14.102564102564102,-1.1144046517349995,217231,36.951085921127834,-1.0247758869314865,98.71794871794873,2.2744372136294335,-146101,-24.85184252782843,0.27665225759715284,-32618,-5.5483357374193725,0.8603031944330812,9887,1.6817829246387066,0.08230658158006432,,,,,,NORMAL,,SPY
2020-01-28,S&P 500 Consolidated - CHICAGO MERCANTILE EXCHANGE,13874+,583370,36154,187664,308876,101701,54451,97347,22102,40619,69139,63392,ES,2020-01-31 15:30:00-05:00,-42896,-7.353137802766684,0.8798929786066392,21.794871794871796,-0.82153543777917,207175,35.513482009702244,-1.4376039114255903,96.15384615384616,2.0075912010546855,-151510,-25.971510362205805,-1.119667834377374,-18517,-3.174143339561513,2.3741923978578594,5747,0.9851380770351578,-0.6966448476035488,2020-02-01,296.260009765625,301.2409973144531,-0.023307873008316198,667.1583611893033,NORMAL,,SPY
2020-02-04,S&P 500 Consolidated - CHICAGO MERCANTILE EXCHANGE,13874+,575449,35668,190946,305492,95923,49548,92616,20759,38581,71365,64765,ES,2020-02-07 15:30:00-05:00,-43068,-7.484242739148039,-0.13110493638135523,19.230769230769234,-0.8687002431511138,209569,36.418344631757115,0.9048626220548712,98.07692307692307,2.102526348182103,-155278,-26.983798738028913,-1.0122883758231076,-17822,-3.0970598610823896,0.07708347847912345,6600,1.1469304838482646,0.1617924068131068,,,,,,NORMAL,,SPY
2020-02-11,S&P 500 Consolidated - CHICAGO MERCANTILE EXCHANGE,13874+,596376,40604,192090,310645,92233,50960,105232,20045,38635,71742,65805,ES,2020-02-14 15:30:00-05:00,-54272,-9.100299140139777,-1.616056400991738,6.41025641025641,-1.4204751844270767,218412,36.62320415308463,0.2048595213275135,98.07692307692307,2.089410432261411,-151486,-25.40108924571076,1.582709492318152,-18590,-3.117160985686882,-0.020101124604492426,5937,0.9955128979033362,-0.15141758594492838,,,,,,EXTREME_SHORT,short,SPY
2020-02-18,S&P 500 Consolidated - CHICAGO MERCANTILE EXCHANGE,13874+,607316,37996,195622,314187,91355,54175,97899,20721,48544,71691,65349,ES,2020-02-21 15:30:00-05:00,-43724,-7.199546858637019,1.9007522815027578,24.358974358974358,-0.7711236125554493,222832,36.691277687398326,0.06807353431369734,98.07692307692307,2.056740718734166,-157626,-25.954527791133447,-0.5534385454226864,-27823,-4.581305284234237,-1.4641442985473554,6342,1.0442669055318812,0.04875400762854498,,,,,,UNWINDING_SHORT,short,SPY
2020-02-25,S&P 500 Consolidated - CHICAGO MERCANTILE EXCHANGE,13874+,617822,43482,187798,285921,109048,55864,75412,23616,45914,81896,72607,ES,2020-02-28 15:30:00-05:00,-19548,-3.1640181152500233,4.035528743386996,73.07692307692307,0.5855092642276628,176873,28.628472278423235,-8.062805408975091,79.48717948717949,0.8603477603325002,-144316,-23.358831508104277,2.59569628302917,-22298,-3.609130137806682,0.9721751464275554,9289,1.5035074827377464,0.4592405772058652,2020-03-01,257.75,299.48899841308594,-0.17994972478738866,580.4363124560169,UNWINDING_SHORT,short,SPY
2020-03-03,S&P 500 Consolidated - CHICAGO MERCANTILE EXCHANGE,13874+,687840,43672,158932,266209,136200,72181,82368,27816,37257,111738,106857,ES,2020-03-06 15:30:00-05:00,-10187,-1.4810130262851826,1.6830050889648407,84.61538461538461,1.143080584851141,130009,18.901052570365202,-9.727419708058033,30.76923076923077,-0.5415794132386621,-115260,-16.756803907885555,6.602027600218722,-9441,-1.3725575715282623,2.2365725662784195,4881,0.709612700628053,-0.7938947821096933,,,,,,UNWINDING_SHORT,short,SPY
2020-03-10,S&P 500 Consolidated - CHICAGO MERCANTILE EXCHANGE,13874+,783449,55569,133490,286750,178274,67424,88067,40490,42169,129373,137604,ES,2020-03-13 15:30:00-04:00,-20643,-2.6348875293733225,-1.1538745030881399,78.2051282051282,0.7484434424366498,108476,13.845955512100979,-5.055097058264224,10.897435897435898,-1.266337404105118,-77921,-9.945893095785431,6.810910812100124,-1679,-0.21430878078853888,1.1582487907397234,-8231,-1.0506108246995018,-1.7602235253275549,,,,,,NORMAL,,SPY
2020-03-17,S&P 500 Consolidated - CHICAGO MERCANTILE EXCHANGE,13874+,1024737,49318,157155,274031,206651,88854,80491,78373,42394,177921,181805,ES,2020-03-20 15:30:00-04:00,8363,0.8161118413797882,3.450999370753111,98.07692307692307,1.893385739116231,67380,6.575345674060759,-7.27060983804022,0.0,-2.294828373412313,-107837,-10.523383072925053,-0.5774899771396225,35979,3.5110472248001194,3.725356005588658,-3884,-0.3790240813008606,0.6715867433986412,,,,,,EXTREME_LONG,long,SPY
2020-03-24,S&P 500 Consolidated - CHICAGO MERCANTILE EXCHANGE,13874+,695310,74892,137310,288246,219977,70469,71229,41744,43705,90742,93872,ES,2020-03-27 15:30:00-04:00,-760,-0.10930376378881362,-0.9254156051686018,92.3076923076923,1.5554069581515932,68269,9.818498223813839,3.2431525497530798,3.8461538461538463,-1.7904439502429728,-62418,-8.977003063381801,1.5463800095432525,-1961,-0.2820324747235046,-3.793079699523624,-3130,-0.45015892191971923,-0.07113484061885861,2020-04-01,290.4800109863281,299.23699951171875,-0.09749573042128407,654.142178153589,EXTREME_LONG,long,SPY
2020-03-31,S&P 500 Consolidated - CHICAGO MERCANTILE EXCHANGE,13874+,754083,88861,100411,305891,209603,65520,89838,24672,68074,112829,129846,ES,2020-04-03 15:30:00-04:00,-24318,-3.224843949538711,-3.1155401857498974,69.87179487179486,0.5035353244146712,96288,12.768886183616392,2.950387959802553,10.897435897435898,-1.3530775655589518,-11550,-1.5316616340641547,7.445341429317646,-43402,-5.755599847762117,-5.473567373038612,-17017,-2.256648140854521,-1.8064892189348019,,,,,,UNWINDING_LONG,long,SPY
2020-04-07,S&P 500 Consolidated - CHICAGO MERCANTILE EXCHANGE,13874+,772134,88956,96170,297295,206441,63826,90294,29218,68573,122557,140375,ES,2020-04-10 15:30:00-04:00,-26468,-3.427902410721455,-0.20305846118274395,67.94871794871796,0.4296233228094852,90854,11.766610458806372,-1.0022757248100191,8.333333333333332,-1.4768973206793683,-7214,-0.9342937883838816,0.5973678456802731,-39355,-5.096913230087005,0.6586866176751114,-17818,-2.307630540812864,-0.05098239995834275,,,,,,UNWINDING_LONG,long,SPY
2020-04-14,S&P 500 Consolidated - CHICAGO MERCANTILE EXCHANGE,13874+,777289,97191,97054,301721,184937,58684,105318,23676,70989,123607,146581,ES,2020-04-17 15:30:00-04:00,-46634,-5.99957030139369,-2.571667890672235,37.17948717948718,-0.425784770316363,116784,15.024527556674544,3.2579170978681713,18.58974358974359,-1.0120071420272645,137,0.01762536199534536,0.9519191503792269,-47313,-6.086925197706387,-0.9900119676193819,-22974,-2.9556574195698126,-0.6480268787569488,,,,,,UNWINDING_LONG,long,SPY
2020-04-21,S&P 500 Consolidated - CHICAGO MERCANTILE EXCHANGE,13874+,774339,95381,100714,301432,188784,57822,94421,22717,73975,127817,147275,ES,2020-04-24 15:30:00-04:00,-36599,-4.72648284536876,1.2730874560249301,50.0,-0.006094932709026138,112648,14.547633530017215,-0.4768940266573285,17.307692307692307,-1.069380553633145,-5333,-0.6887164407320308,-0.7063418027273761,-51258,-6.619581346154591,-0.5326561484482042,-19458,-2.512852897761833,0.4428045218079797,2020-05-01,304.32000732421875,299.9260009765625,-0.05411370735585252,685.3089538617171,NORMAL,,SPY
2020-04-28,S&P 500 Consolidated - CHICAGO MERCANTILE EXCHANGE,13874+,764991,97409,94049,299803,181472,50890,103132,21659,71530,132128,151707,ES,2020-05-01 15:30:00-04:00,-52242,-6.829099950195492,-2.1026171048267326,27.564102564102566,-0.703478914518661,118331,15.468286555005223,0.9206530249880078,21.794871794871796,-0.933542303679721,3360,0.4392208535786696,1.1279372943107004,-49871,-6.51916166333983,0.10041968281476166,-19579,-2.5593765155407056,-0.046523617778872595,2020-05-01,304.32000732421875,299.9260009765625,-0.05411370735585252,685.3089538617171,NORMAL,,SPY
2020-05-05,S&P 500 Consolidated - CHICAGO MERCANTILE EXCHANGE,13874+,750913,107002,75830,280106,181601,50548,103256,20886,73639,128070,152287,ES,2020-05-08 15:30:00-04:00,-52708,-7.019188641027656,-0.1900886908321633,27.564102564102566,-0.7655211422080072,98505,13.118030983615945,-2.350255571389278,12.179487179487179,-1.2439765737461566,31172,4.151213256395881,3.711992402817211,-52753,-7.025181345908248,-0.506019682568418,-24217,-3.225007424295491,-0.6656309087547854,,,,,,NORMAL,,SPY
2020-05-12,S&P 500 Consolidated - CHICAGO MERCANTILE EXCHANGE,13874+,753246,104755,72804,282871,178613,49388,104721,18719,73955,133749,159390,ES,2020-05-15 15:30:00-04:00,-55333,-7.345940104560794,-0.3267514635331388,21.153846153846153,-0.8702736235117194,104258,13.841162117024187,0.7231311334082413,14.102564102564102,-1.1361365568588437,31951,4.241774931430104,0.0905616750342233,-55236,-7.333062505476299,-0.3078811595680513,-25641,-3.4040671971706455,-0.17905977287515462,,,,,,NORMAL,,SPY
2020-05-19,S&P 500 Consolidated - CHICAGO MERCANTILE EXCHANGE,13874+,748020,112114,71011,274939,178783,45888,108373,17813,71784,133447,154251,ES,2020-05-22 15:30:00-04:00,-62485,-8.353386273094303,-1.0074461685335088,12.82051282051282,-1.2021173519408948,96156,12.854736504371541,-0.9864256126526456,12.179487179487179,-1.2620779818574202,41103,5.494906553300714,1.25313162187061,-53971,-7.215181412261704,0.11788109321459483,-20804,-2.781209058581321,0.6228581385893244,,,,,,NORMAL,,SPY
2020-05-26,S&P 500 Consolidated - CHICAGO MERCANTILE EXCHANGE,13874+,748823,112967,71810,274250,165510,44608,119725,18527,73100,133393,153602,ES,2020-05-29 15:30:00-04:00,-75117,-10.031342520195025,-1.677956247100722,0.641025641025641,-1.746432384486609,108740,14.521455671099845,1.6667191667283046,19.230769230769234,-1.0282650892432212,41157,5.496225409743023,0.0013188564423094462,-54573,-7.287837045603567,-0.07265563334186265,-20209,-2.6987686008576124,0.08244045772370878,2020-06-01,308.3599853515625,301.5169982910156,0.04084241945279737,694.4067228184377,EXTREME_SHORT,short,SPY
2020-06-02,S&P 500 Consolidated - CHICAGO MERCANTILE EXCHANGE,13874+,750830,116983,67864,264119,160147,51056,126505,18694,76945,131149,150541,ES,2020-06-05 15:30:00-04:00,-75449,-10.048746054366502,-0.017403534171476664,0.641025641025641,-1.7285693116288956,103972,13.847608646431283,-0.6738470246685626,16.025641025641026,-1.1123446777207313,49119,6.5419602306780495,1.0457348209350261,-58251,-7.758214242904519,-0.4703771973009525,-19392,-2.5827417657792044,0.11602683507840794,,,,,,EXTREME_SHORT,short,SPY
2020-06-09,S&P 500 Consolidated - CHICAGO MERCANTILE EXCHANGE,13874+,766888,105621,72525,263257,145191,52545,129179,19579,81363,131238,143984,ES,2020-06-12 15:30:00-04:00,-76634,-9.992854236863792,0.055891817502709884,1.9230769230769231,-1.6880739987806335,118066,15.395468438676835,1.5478597922455517,25.0,-0.8984815859625603,33096,4.31562366342934,-2.226336567248709,-61784,-8.056456744661542,-0.2982425017570227,-12746,-1.6620419148558851,0.9206998509233193,,,,,,EXTREME_SHORT,short,SPY
2020-06-16,S&P 500 Consolidated - CHICAGO MERCANTILE EXCHANGE,13874+,812088,101316,62575,258839,155456,49237,128691,20309,73734,143363,152608,ES,2020-06-19 15:30:00-04:00,-79454,-9.783915043689847,0.20893919317394527,4.487179487179487,-1.5961733807664436,103383,12.730516889795195,-2.664951548881639,10.897435897435898,-1.2526407213973747,38741,4.770542108736985,0.45491844530764425,-53425,-6.578720532750145,1.477736211911397,-9245,-1.138423422092187,0.5236184927636982,,,,,,EXTREME_SHORT,short,SPY
2020-06-23,S&P 500 Consolidated - CHICAGO MERCANTILE EXCHANGE,13874+,520654,87972,42666,253673,163872,32108,102448,20668,72699,48503,61240,ES,2020-06-26 15:30:00-04:00,-70340,-13.509931739696613,-3.7260166960067664,0.0,-2.7804982390297877,89801,17.24773073864793,4.517213848852736,29.48717948717949,-0.6364512631174704,45306,8.701748185935381,3.9312060771983965,-52031,-9.993392925051953,-3.4146723923018083,-12737,-2.446346325966957,-1.3079229038747702,2020-07-01,326.5199890136719,304.49199829101565,0.26680888075139425,735.3018753298734,EXTREME_SHORT,short,SPY
2020-06-30,S&P 500 Consolidated - CHICAGO MERCANTILE EXCHANGE,13874+,538487,87322,47434,244673,165510,43770,100943,23795,74106,55897,67464,ES,2020-07-03 15:30:00-04:00,-57173,-10.617340808598907,2.892590931097706,0.641025641025641,-1.802937943689872,79163,14.701004852484832,-2.546725886163099,22.435897435897438,-0.9695436900843732,39888,7.407421163370704,-1.2943270225646772,-50311,-9.343029636741463,0.6503632883104906,-11567,-2.1480555705151656,0.2982907554517915,,,,,,EXTREME_SHORT,short,SPY
2020-07-07,S&P 500 Consolidated - CHICAGO MERCANTILE EXCHANGE,13874+,533758,84119,44774,244523,157406,41251,99656,21139,76358,55192,68030,ES,2020-07-10 15:30:00-04:00,-58405,-10.942224753539994,-0.32488394494108697,0.641025641025641,-1.8722284451251143,87117,16.32144155216409,1.6204366996792565,28.846153846153843,-0.7471559535875394,39345,7.371318087972452,-0.03610307539825186,-55219,-10.34532503494093,-1.0022953981994664,-12838,-2.405209851655619,-0.25715428114045347,,,,,,EXTREME_SHORT,short,SPY
2020-07-14,S&P 500 Consolidated - CHICAGO MERCANTILE EXCHANGE,13874+,536906,82548,48855,247036,148980,41022,104395,20304,75933,56264,69011,ES,2020-07-17 15:30:00-04:00,-63373,-11.803369677373693,-0.8611449238336988,0.641025641025641,-2.101642419424874,98056,18.263159659232716,1.9417181070686276,35.256410256410255,-0.4840513741280099,33693,6.275400163157052,-1.0959179248154003,-55629,-10.361031539971615,-0.01570650503068549,-12747,-2.3741586050444585,0.031051246611160543,,,,,,EXTREME_SHORT,short,SPY
2020-07-21,S&P 500 Consolidated - CHICAGO MERCANTILE EXCHANGE,13874+,542138,82547,54043,243661,143567,42500,104915,20006,76498,59605,69297,ES,2020-07-24 15:30:00-04:00,-62415,-11.51275136588839,0.2906183114853036,1.282051282051282,-1.9704986602460863,100094,18.462826807934512,0.19966714870179558,37.17948717948718,-0.45344718627264097,28504,5.25770191353493,-1.0176982496221214,-56492,-10.420225108736153,-0.059193568764538185,-9692,-1.787736701725391,0.5864219033190676,,,,,,EXTREME_SHORT,short,SPY
2020-07-28,S&P 500 Consolidated - CHICAGO MERCANTILE EXCHANGE,13874+,551791,78725,74741,252790,143803,45328,94506,19529,72886,63021,73457,ES,2020-07-31 15:30:00-04:00,-49178,-8.912432424595544,2.600318941292846,15.384615384615385,-1.1581223483983685,108987,19.751500115079804,1.2886733071452916,42.30769230769231,-0.27897244131858523,3984,0.7220125011100217,-4.535689412424909,-53357,-9.669784393003873,0.7504407157322799,-10436,-1.8912957985904084,-0.10355909686501752,2020-08-01,349.30999755859375,309.0899993896484,0.2025267982210127,786.6234990763547,UNWINDING_SHORT,short,SPY
2020-08-04,S&P 500 Consolidated - CHICAGO MERCANTILE EXCHANGE,13874+,559277,85433,73503,259904,137480,40527,107626,19061,78084,68590,76822,ES,2020-08-07 15:30:00-04:00,-67099,-11.997453855602858,-3.0850214310073145,0.641025641025641,-2.06836847205109,122424,21.889689724412055,2.138189609332251,51.28205128205128,0.006838124188563932,11930,2.1331111417061672,1.4110986405961454,-59023,-10.553446682055583,-0.8836622890517098,-8232,-1.4719003284597794,0.41939547013062906,,,,,,EXTREME_SHORT,short,SPY
2020-08-11,S&P 500 Consolidated - CHICAGO MERCANTILE EXCHANGE,13874+,566508,86983,81363,261384,127254,41183,108063,19116,81600,67816,78201,ES,2020-08-14 15:30:00-04:00,-66880,-11.80565852556363,0.19179533003922877,1.282051282051282,-1.9813521999937127,134130,23.67662945624775,1.7869397318356945,58.333333333333336,0.24548827960476505,5620,0.9920424777761303,-1.141068663930037,-62484,-11.029676544726641,-0.47622986267105816,-10385,-1.833160343719771,-0.36126001525999163,,,,,,EXTREME_SHORT,short,SPY
2020-08-18,S&P 500 Consolidated - CHICAGO MERCANTILE EXCHANGE,13874+,574834,85606,86255,262903,127095,42721,105636,18756,85518,68731,74213,ES,2020-08-21 15:30:00-04:00,-62915,-10.944898875153523,0.860759650410106,3.205128205128205,-1.6935764488009748,135808,23.625603217624565,-0.05102623862318367,58.333333333333336,0.23886284702338903,-649,-0.11290215957998309,-1.1049446373561134,-66762,-11.614135559135333,-0.5844590144086919,-5482,-0.9536666237557277,0.8794937199640432,,,,,,EXTREME_SHORT,short,SPY
2020-08-25,S&P 500 Consolidated - CHICAGO MERCANTILE EXCHANGE,13874+,579474,85481,85503,268410,125687,43407,109481,18875,86688,67090,75904,ES,2020-08-28 15:30:00-04:00,-66074,-11.40240977162047,-0.4575108964669461,3.205128205128205,-1.7973968492362973,142723,24.629750428837188,1.0041472112126222,63.46153846153846,0.37024538186930284,-22,-0.0037965465232262362,0.10910561305675685,-67813,-11.702509517251853,-0.08837395811652016,-8814,-1.5210345934416385,-0.5673679696859107,2020-09-01,334.8900146484375,311.1480010986328,0.10045349168137291,754.1506311576354,EXTREME_SHORT,short,SPY
2020-09-01,S&P 500 Consolidated - CHICAGO MERCANTILE EXCHANGE,13874+,590438,85349,84568,262622,125359,49210,109687,18930,87014,67587,77070,ES,2020-09-04 15:30:00-04:00,-60477,-10.24273505431561,1.1596747173048598,5.769230769230769,-1.4352683003882172,137263,23.24765682425589,-1.3820936045812964,56.41025641025641,0.18551048223641842,781,0.13227468421747923,0.13607123074070546,-68084,-11.531100640541428,0.1714088767104247,-9483,-1.6060958136163324,-0.08506122017469386,,,,,,EXTREME_SHORT,short,SPY
2020-09-08,S&P 500 Consolidated - CHICAGO MERCANTILE EXCHANGE,13874+,577671,80778,91585,249151,126596,50542,91183,20366,79128,69125,81470,ES,2020-09-11 15:30:00-04:00,-40641,-7.0353194119143945,3.207415642401215,35.256410256410255,-0.5024368027022307,122555,21.21536306998274,-2.0322937542731516,47.43589743589743,-0.08386425761457893,-10807,-1.8707880437134632,-2.0030627279309425,-58762,-10.172226059469837,1.358874581071591,-12345,-2.137029554885047,-0.5309337412687145,,,,,,UNWINDING_SHORT,short,SPY
2020-09-15,S&P 500 Consolidated - CHICAGO MERCANTILE EXCHANGE,13874+,620388,69223,100589,252766,127890,43571,87713,22556,71525,80588,80987,ES,2020-09-18 15:30:00-04:00,-44142,-7.115224665854272,-0.07990525393987724,34.61538461538461,-0.5189487406606437,124876,20.128693656228037,-1.0866694137547022,42.94871794871795,-0.22669739851637455,-31366,-5.055868263086971,-3.185080219373508,-48969,-7.893286137062613,2.2789399224072246,-399,-0.06431459022418229,2.0727149646608645,,,,,,NORMAL,,SPY
2020-09-22,S&P 500 Consolidated - CHICAGO MERCANTILE EXCHANGE,13874+,502173,60357,105770,263537,132111,32640,68828,19669,66530,54678,57642,ES,2020-09-25 15:30:00-04:00,-36188,-7.2062815005984,-0.09105683474412807,30.76923076923077,-0.5499885730729738,131426,26.171458839881872,6.0427651836538345,70.51282051282051,0.5808569889389291,-45413,-9.043297827641071,-3.9874295645541,-46861,-9.331644672254383,-1.43835853519177,-2964,-0.5902348393880197,-0.5259202491638374,2020-10-01,326.5400085449219,311.6160034179687,0.05895714118883569,735.3469580181211,NORMAL,,SPY
2020-09-29,S&P 500 Consolidated - CHICAGO MERCANTILE EXCHANGE,13874+,502009,60140,100377,252985,134756,35931,71744,25077,66525,54080,54812,ES,2020-10-02 15:30:00-04:00,-35813,-7.133935845771689,0.07234565482671051,33.33333333333333,-0.5343329348352872,118229,23.551171393341555,-2.620287446540317,57.692307692307686,0.23604879467482695,-40237,-8.015194946704142,1.0281028809369293,-41448,-8.256425681611287,1.075218990643096,-732,-0.14581411887037882,0.44442072051764087,,,,,,UNWINDING_SHORT,short,SPY
2020-10-06,S&P 500 Consolidated - CHICAGO MERCANTILE EXCHANGE,13874+,507185,62523,94179,243795,126360,39917,73153,23196,71365,60593,64967,ES,2020-10-09 15:30:00-04:00,-33236,-6.553032916982955,0.580902928788734,37.82051282051282,-0.36828675927797827,117435,23.154273095616,-0.3968982977255564,56.41025641025641,0.18526207512331053,-31656,-6.241509508364798,1.773685438339344,-48169,-9.49732346185317,-1.240897780241884,-4374,-0.8624072084150753,-0.7165930895446966,,,,,,NORMAL,,SPY
2020-10-13,S&P 500 Consolidated - CHICAGO MERCANTILE EXCHANGE,13874+,509854,58976,92507,248018,114811,36754,82869,21170,72723,62687,64694,ES,2020-10-16 15:30:00-04:00,-46115,-9.04474614301349,-2.4917132260305355,16.025641025641026,-1.0801053925287272,133207,26.12649895852538,2.972225862909383,70.51282051282051,0.5815346917195936,-33531,-6.5765885920283065,-0.33507908366350847,-51553,-10.11132598743954,-0.6140025255863701,-2007,-0.39364210146434075,0.4687651069507346,,,,,,NORMAL,,SPY
2020-10-20,S&P 500 Consolidated - CHICAGO MERCANTILE EXCHANGE,13874+,503160,56464,95743,245254,118693,38790,76558,22679,72733,59071,58531,ES,2020-10-23 15:30:00-04:00,-37768,-7.506161062087607,1.538585080925884,26.923076923076923,-0.6318251194012168,126561,25.15323157643692,-0.9732673820884621,66.66666666666666,0.45057507743683856,-39279,-7.806463152873837,-1.2298745608455306,-50054,-9.94792908816281,0.16339689927673007,540,0.10732172668733604,0.5009638281516768,,,,,,NORMAL,,SPY
2020-10-27,S&P 500 Consolidated - CHICAGO MERCANTILE EXCHANGE,13874+,500239,54781,98848,238423,117440,42273,75535,28184,70071,55498,57265,ES,2020-10-30 15:30:00-04:00,-33262,-6.649221672040764,0.8569393900468425,39.1025641025641,-0.38322944104193035,120983,24.185039551094576,-0.9681920253423435,60.89743589743589,0.32046085765232,-44067,-8.809189207558786,-1.002726054684949,-41887,-8.373397515987358,1.5745315721754523,-1767,-0.3532311555076673,-0.46055288219500334,2020-11-01,362.05999755859375,315.6490020751953,0.10884481728753752,815.3356736013371,NORMAL,,SPY
2020-11-03,S&P 500 Consolidated - CHICAGO MERCANTILE EXCHANGE,13874+,496324,56277,96193,234678,122474,39401,73837,29407,65888,54914,56287,ES,2020-11-06 15:30:00-05:00,-34436,-6.938209717845601,-0.28898804580483706,37.82051282051282,-0.4611865724565617,112204,22.607006713356597,-1.5780328377379789,53.205128205128204,0.10924469840175881,-39916,-8.042327189497183,0.7668620180616035,-36481,-7.350238956810471,1.0231585591768875,-1373,-0.27663381178423774,0.07659734372342958,,,,,,NORMAL,,SPY
2020-11-10,S&P 500 Consolidated - CHICAGO MERCANTILE EXCHANGE,13874+,517065,56105,109122,238850,110945,41048,72080,24733,71150,62804,60242,ES,2020-11-13 15:30:00-05:00,-31032,-6.001566534188158,0.9366431836574431,45.51282051282051,-0.19149057468555464,127905,24.73673522671231,2.129728513355712,64.74358974358975,0.38980562785166634,-53017,-10.253449759701391,-2.2111225702042088,-46417,-8.977014495276222,-1.6267755384657514,2562,0.49548896173595197,0.7721227735201897,,,,,,NORMAL,,SPY
2020-11-17,S&P 500 Consolidated - CHICAGO MERCANTILE EXCHANGE,13874+,534823,57471,114580,242322,110275,46973,78661,24925,72441,70954,66688,ES,2020-11-20 15:30:00-05:00,-31688,-5.924950871596772,0.07661566259138652,48.07692307692308,-0.16654578224841257,132047,24.68985066087285,-0.046884565839459214,64.1025641025641,0.3798191482766158,-57109,-10.678112197867332,-0.4246624381659405,-47516,-8.884434663430705,0.09257983184551755,4266,0.7976470720219586,0.30215811028600664,,,,,,NORMAL,,SPY
2020-11-24,S&P 500 Consolidated - CHICAGO MERCANTILE EXCHANGE,13874+,538369,56470,110587,246694,107612,46513,83420,21234,73369,71605,67527,ES,2020-11-27 15:30:00-05:00,-36907,-6.855335281191897,-0.930384409595125,38.46153846153847,-0.4271548525482857,139082,25.833954035243487,1.144103374370637,68.58974358974359,0.5267699629561063,-54117,-10.052027512728259,0.6260846851390731,-52135,-9.683878529410126,-0.7994438659794216,4078,0.7574730342943223,-0.04017403772763628,2020-12-01,373.8800048828125,323.41100158691404,0.07033868911838786,841.9535648311048,NORMAL,,SPY
2020-12-01,S&P 500 Consolidated - CHICAGO MERCANTILE EXCHANGE,13874+,556009,61089,125278,248749,107178,51026,82621,23171,72730,72374,68602,ES,2020-12-04 15:30:00-05:00,-31595,-5.682461974536383,1.1728733066555135,50.0,-0.08780691208352549,141571,25.4619979172999,-0.3719561179435864,66.66666666666666,0.47166217083025047,-64189,-11.544597299683998,-1.4925697869557393,-49559,-8.913344927869872,0.7705336015402544,3772,0.6784062847903541,-0.07906674950396819,,,,,,NORMAL,,SPY
2020-12-08,S&P 500 Consolidated - CHICAGO MERCANTILE EXCHANGE,13874+,578100,60654,131171,256333,104889,52685,87183,22783,73706,73920,69427,ES,2020-12-11 15:30:00-05:00,-34498,-5.967479674796748,-0.2850177002603651,47.43589743589743,-0.16402889570847215,151444,26.1968517557516,0.7348538384516985,71.7948717948718,0.5623447041814414,-70517,-12.198062618924062,-0.6534653192400643,-50923,-8.80868361875108,0.10466130911879112,4493,0.7772011762670819,0.09879489147672771,,,,,,NORMAL,,SPY
2020-12-15,S&P 500 Consolidated - CHICAGO MERCANTILE EXCHANGE,13874+,637832,62222,143960,257558,106707,56567,82802,23577,72638,84099,77916,ES,2020-12-18 15:30:00-05:00,-26235,-4.1131520525781085,1.8543276222186398,65.38461538461539,0.36809843860933744,150851,23.650585107050134,-2.546266648701465,55.12820512820513,0.21679227823875855,-81738,-12.81497322178881,-0.6169106028647473,-49061,-7.691837349019805,1.1168462697312762,6183,0.9693775163365902,0.19217634006950834,,,,,,NORMAL,,SPY
2020-12-21,S&P 500 Consolidated - CHICAGO MERCANTILE EXCHANGE,13874+,495182,51374,133112,257750,107033,47491,77313,24351,69836,51080,44753,ES,2020-12-24 15:30:00-05:00,-29822,-6.0224321562576995,-1.909280103679591,45.51282051282051,-0.17809239579514075,150717,30.436687924843795,6.786102817793662,87.17948717948718,1.1170122583630864,-81738,-16.50665815801059,-3.6916849362217814,-45485,-9.18551158967814,-1.4936742406583345,6327,1.2777120331514473,0.30833451681485713,,,,,,NORMAL,,SPY
2020-12-29,S&P 500 Consolidated - CHICAGO MERCANTILE EXCHANGE,13874+,506564,50087,129796,259737,105389,47031,82871,24656,70806,53816,46464,ES,2021-01-01 15:30:00-05:00,-35840,-7.075117852828073,-1.0526856965703733,35.8974358974359,-0.4756978270905435,154348,30.469595154807685,0.032907229963889506,87.17948717948718,1.1106779136768559,-79709,-15.73522792776431,0.7714302302462812,-46150,-9.110398686049543,0.07511290362859668,7352,1.451346720256473,0.1736346871050256,2021-01-01,370.07000732421875,334.64300231933595,0.10504939274678786,833.3736970003519,NORMAL,,SPY
2021-01-05,S&P 500 Consolidated - CHICAGO MERCANTILE EXCHANGE,13874+,523123,56793,135417,264466,107142,47873,86240,21362,74020,60701,48376,ES,2021-01-08 15:30:00-05:00,-38367,-7.334221588421843,-0.2591037355937704,30.76923076923077,-0.5456196829754394,157324,30.07399789342086,-0.3955972613868255,85.8974358974359,1.0495993547113924,-78624,-15.029734880706831,0.7054930470574785,-52658,-10.06608388466957,-0.9556851986200279,12325,2.3560424603773873,0.9046957401209144,,,,,,NORMAL,,SPY
2021-01-12,S&P 500 Consolidated - CHICAGO MERCANTILE EXCHANGE,13874+,531665,58761,145444,262560,100075,51701,88097,21769,68474,62397,55099,ES,2021-01-15 15:30:00-05:00,-36396,-6.845664092990887,0.48855749543095595,39.743589743589745,-0.40755624700754045,162485,30.561537810463356,0.487539917042497,87.17948717948718,1.108387206998325,-86683,-16.30406364910235,-1.2743287683955185,-46705,-8.784667036573783,1.2814168480957875,7298,1.3726688798397486,-0.9833735805376387,,,,,,NORMAL,,SPY
2021-01-19,S&P 500 Consolidated - CHICAGO MERCANTILE EXCHANGE,13874+,535228,60342,151245,268674,100559,49107,85998,21957,70464,60708,52521,ES,2021-01-22 15:30:00-05:00,-36891,-6.892576621551937,-0.04691252856104988,39.1025641025641,-0.41823272194949107,168115,31.409978551196872,0.8484407407335155,89.1025641025641,1.2126398769202942,-90903,-16.98397692198465,-0.679913272882299,-48507,-9.062866666168437,-0.2781996295946545,8187,1.5296284947723213,0.1569596149325727,,,,,,NORMAL,,SPY
2021-01-26,S&P 500 Consolidated - CHICAGO MERCANTILE EXCHANGE,13874+,539902,76889,153811,263087,95786,49127,93002,20687,72065,54487,49614,ES,2021-01-29 15:30:00-05:00,-43875,-8.126474804686776,-1.2338981831348388,22.435897435897438,-0.7642778321113285,167301,30.98729028601487,-0.4226882651820034,87.82051282051282,1.1493183138406542,-76922,-14.247400454156494,2.7365764678281543,-51378,-9.516171453337828,-0.45330478716939027,4873,0.9025712073672629,-0.6270572874050584,2021-02-01,380.3599853515625,343.63099975585936,0.16481893611280607,856.546061312456,NORMAL,,SPY
2021-02-02,S&P 500 Consolidated - CHICAGO MERCANTILE EXCHANGE,13874+,550121,80695,153550,249900,99377,56663,95534,23262,70774,61588,52872,ES,2021-02-05 15:30:00-05:00,-38871,-7.065900047444107,1.0605747572426685,37.17948717948718,-0.45050987492132993,150523,27.361798586129233,-3.625491699885636,71.7948717948718,0.668844179384091,-72855,-13.24345007734662,1.0039503768098736,-47512,-8.63664539255909,0.879526060778737,8716,1.5843787094112023,0.6818075020439394,,,,,,NORMAL,,SPY
2021-02-09,S&P 500 Consolidated - CHICAGO MERCANTILE EXCHANGE,13874+,547257,80551,154088,248169,88000,54127,96342,20186,69449,59972,55126,ES,2021-02-12 15:30:00-05:00,-42215,-7.713925998205596,-0.6480259507614887,25.0,-0.6277154047998,160169,29.267601876266543,1.9058032901373103,79.48717948717949,0.9116419348499455,-73537,-13.437379512733505,-0.19392943538688456,-49263,-9.001803540201404,-0.3651581476423136,4846,0.8855071748739624,-0.6988715345372399,,,,,,NORMAL,,SPY
2021-02-16,S&P 500 Consolidated - CHICAGO MERCANTILE EXCHANGE,13874+,552371,80736,154835,251878,87607,52968,106373,19892,63620,61607,54645,ES,2021-02-19 15:30:00-05:00,-53405,-9.66832074819279,-1.9543947499871948,12.179487179487179,-1.1811975325547672,164271,29.73925133651115,0.4716494602446062,80.76923076923077,0.9631572522437123,-74099,-13.414715834104252,0.02266367862925378,-43728,-7.916418494091833,1.0853850461095709,6962,1.2603847776222865,0.37487760274832416,,,,,,NORMAL,,SPY
2021-02-23,S&P 500 Consolidated - CHICAGO MERCANTILE EXCHANGE,13874+,556649,78114,166576,252308,90467,58935,98835,19762,59407,59339,53173,ES,2021-02-26 15:30:00-05:00,-39900,-7.167892154661196,2.500428593531595,35.256410256410255,-0.4496829230581576,161841,29.07415624567726,-0.6650950908338906,78.2051282051282,0.8689145971819296,-88462,-15.891881598637562,-2.4771657645333107,-39645,-7.122082317582534,0.7943361765092991,6166,1.1076998252040333,-0.1526849524182532,2021-03-01,396.3299865722656,352.8319976806641,0.0946527902688996,892.5094701134765,NORMAL,,SPY
2021-03-02,S&P 500 Consolidated - CHICAGO MERCANTILE EXCHANGE,13874+,584840,86127,169092,236851,93835,66317,91712,20379,64887,73222,63370,ES,2021-03-05 15:30:00-05:00,-25395,-4.342213254907325,2.8256788997538713,65.38461538461539,0.3669081760039014,143016,24.453867724505848,-4.62028852117141,56.41025641025641,0.2677773754860622,-82965,-14.185931194856712,1.7059504037808502,-44508,-7.610286574105738,-0.4882042565232041,9852,1.6845632993639286,0.5768634741598953,,,,,,NORMAL,,SPY
2021-03-09,S&P 500 Consolidated - CHICAGO MERCANTILE EXCHANGE,13874+,585629,85585,170709,231223,96187,68960,84172,20742,63417,64450,56474,ES,2021-03-12 15:30:00-05:00,-15212,-2.59754896017786,1.7446642947294646,79.48717948717949,0.8714052542270411,135036,23.05828434042713,-1.3955833840787193,49.358974358974365,0.08547268604319451,-85124,-14.535482361699984,-0.3495511668432716,-42675,-7.2870366733887835,0.3232499007169549,7976,1.361954411410637,-0.32260888795329157,,,,,,NORMAL,,SPY
2021-03-16,S&P 500 Consolidated - CHICAGO MERCANTILE EXCHANGE,13874+,643898,90509,166249,228444,93144,64436,86564,19759,65985,67328,58533,ES,2021-03-19 15:30:00-04:00,-22128,-3.4365691460448704,-0.8390201858670103,71.7948717948718,0.6278308925527009,135300,21.01264485990017,-2.045639480526958,42.30769230769231,-0.18077321017996067,-75740,-11.762732606717213,2.7727497549827707,-46226,-7.179087370981118,0.10794930240766565,8795,1.3658995679439911,0.003945156533354144,,,,,,NORMAL,,SPY
2021-03-23,S&P 500 Consolidated - CHICAGO MERCANTILE EXCHANGE,13874+,508037,77492,158448,240772,93492,38561,78863,20551,57291,54000,43281,ES,2021-03-26 15:30:00-04:00,-40302,-7.932886777931529,-4.496317631886658,24.358974358974358,-0.662608496101387,147280,28.990014506817417,7.977369646917246,76.28205128205127,0.8509545138847082,-80956,-15.935059848003197,-4.172327241285984,-36740,-7.231756742127049,-0.05266937114593162,10719,2.1098856973015745,0.7439861293575833,2021-04-01,417.29998779296875,363.7259979248047,0.11613347154995797,939.7325551988037,NORMAL,,SPY
2021-03-30,S&P 500 Consolidated - CHICAGO MERCANTILE EXCHANGE,13874+,529023,73204,153655,243991,90179,43483,83091,20658,58733,58257,53935,ES,2021-04-02 15:30:00-04:00,-39608,-7.487009071439238,0.44587770649229075,29.48717948717949,-0.5237685403277297,153812,29.07472831994072,0.0847138131233045,78.2051282051282,0.8516972906230099,-80451,-15.207467350190823,0.727592497812374,-38075,-7.1972296100547615,0.03452713207228797,4322,0.8169777117441018,-1.2929079855574725,,,,,,NORMAL,,SPY
2021-04-06,S&P 500 Consolidated - CHICAGO MERCANTILE EXCHANGE,13874+,549444,76194,148166,249806,89674,43224,92984,19363,60405,64636,61994,ES,2021-04-09 15:30:00-04:00,-49760,-9.056427952621195,-1.5694188811819574,16.666666666666664,-0.971859004798749,160132,29.144371400907097,0.06964308096637595,78.2051282051282,0.8496468109030995,-71972,-13.099060140796878,2.1084072093939454,-41042,-7.469733039217828,-0.27250342916306636,2642,0.4808497317288022,-0.33612798001529964,,,,,,NORMAL,,SPY
2021-04-13,S&P 500 Consolidated - CHICAGO MERCANTILE EXCHANGE,13874+,560636,71059,148388,251651,87743,44285,95476,19522,57849,63914,60975,ES,2021-04-16 15:30:00-04:00,-51191,-9.130879929223239,-0.0744519766020435,15.384615384615385,-0.9818750965854406,163908,29.23608187843806,0.09171047753096317,78.2051282051282,0.850500460807271,-77329,-13.793084996325602,-0.6940248555287241,-38327,-6.836343010438145,0.633390028779683,2939,0.5242260575489266,0.043376325820124406,,,,,,NORMAL,,SPY
2021-04-20,S&P 500 Consolidated - CHICAGO MERCANTILE EXCHANGE,13874+,569824,63217,154250,254824,87282,46890,92983,19953,55130,64997,60238,ES,2021-04-23 15:30:00-04:00,-46093,-8.088988880777222,1.0418910484460167,25.0,-0.6636076652650856,167542,29.402411972819678,0.1663300943816175,80.12820512820514,0.8616767822911171,-91033,-15.975634581905991,-2.1825495855803894,-35177,-6.173309653507048,0.6630333569310967,4759,0.8351701578031111,0.3109441002541845,,,,,,NORMAL,,SPY
2021-04-27,S&P 500 Consolidated - CHICAGO MERCANTILE EXCHANGE,13874+,581117,60820,151423,254883,86397,47186,92213,18976,55035,70667,67463,ES,2021-04-30 15:30:00-04:00,-45027,-7.748353601770384,0.34063527900683876,28.205128205128204,-0.5527839983602986,168486,28.99347291509283,-0.40893905772684747,73.71794871794873,0.7984055225610288,-90603,-15.591180433544364,0.38445414836162684,-36059,-6.2051187626588105,-0.03180910915176227,3204,0.5513519652668912,-0.28381819253621987,2021-05-01,420.0400085449219,373.0779998779297,0.13502850874625014,945.9029045346587,NORMAL,,SPY
2021-05-04,S&P 500 Consolidated - CHICAGO MERCANTILE EXCHANGE,13874+,578570,55980,156421,261139,84323,46043,92785,20408,55545,60672,55167,ES,2021-05-07 15:30:00-04:00,-46742,-8.078884145392951,-0.33053054362256784,25.64102564102564,-0.6442101417312642,176816,30.560865582384153,1.5673926672913225,85.25641025641025,0.9897207928296784,-100441,-17.360215704236307,-1.7690352706919423,-35137,-6.073076723646231,0.13204203901257916,5505,0.9514838308242737,0.40013186555738245,,,,,,NORMAL,,SPY
2021-05-11,S&P 500 Consolidated - CHICAGO MERCANTILE EXCHANGE,13874+,568597,50286,159161,257014,84098,47990,84587,19618,55777,63261,54546,ES,2021-05-14 15:30:00-04:00,-36597,-6.43636881657835,1.6425153288146017,52.56410256410257,-0.13171851870524365,172916,30.410994078407025,-0.14987150397712767,83.33333333333334,0.9580439078269276,-108875,-19.148008167471865,-1.787792463235558,-36159,-6.359337105190495,-0.28626038154426414,8715,1.5327200108336836,0.5812361800094099,,,,,,NORMAL,,SPY
2021-05-18,S&P 500 Consolidated - CHICAGO MERCANTILE EXCHANGE,13874+,561295,45245,154749,251935,85120,48639,81625,19325,54870,71347,60128,ES,2021-05-21 15:30:00-04:00,-32986,-5.876767118894699,0.5596016976836511,60.89743589743589,0.052732699905642784,166815,29.71966612921904,-0.6913279491879862,78.84615384615384,0.856582685362433,-109504,-19.509170756910358,-0.3611625894384929,-35545,-6.332677112748199,0.026659992442296776,11219,1.99877069989934,0.4660506890656564,,,,,,NORMAL,,SPY
2021-05-25,S&P 500 Consolidated - CHICAGO MERCANTILE EXCHANGE,13874+,588098,47583,161538,257414,87419,52153,77542,18764,57707,73263,64971,ES,2021-05-28 15:30:00-04:00,-25389,-4.31713761992049,1.5596294989742088,71.7948717948718,0.5520355567583234,169995,28.905896636274907,-0.8137694929441324,69.87179487179486,0.7399383224022769,-113955,-19.376872562055983,0.13229819485437488,-38943,-6.621855541083288,-0.2891784283350898,8292,1.4099690867848556,-0.5888016131144844,2021-06-01,428.05999755859375,380.9529998779297,0.12540754559905312,963.9634005541872,NORMAL,,SPY
2021-06-01,S&P 500 Consolidated - CHICAGO MERCANTILE EXCHANGE,13874+,594184,46929,159247,254254,82698,54469,80319,20456,63406,79076,69514,ES,2021-06-04 15:30:00-04:00,-25850,-4.3505042209147335,-0.03336660099424371,70.51282051282051,0.5516573848776744,171556,28.8725377997388,-0.03335883653610594,69.23076923076923,0.7259935696251727,-112318,-18.90289876536561,0.4739737966903732,-42950,-7.228400630107846,-0.6065450890245572,9562,1.609265816649388,0.1992967298645325,,,,,,NORMAL,,SPY
2021-06-08,S&P 500 Consolidated - CHICAGO MERCANTILE EXCHANGE,13874+,606772,44492,159262,258828,84488,53357,73031,20179,67256,78966,71785,ES,2021-06-11 15:30:00-04:00,-19674,-3.2424040661072033,1.1081001548075302,80.76923076923077,0.9139001531476465,174340,28.73237393946985,-0.14016386026895233,67.94871794871796,0.6975800814196855,-114770,-18.914847751709043,-0.011948986343433887,-47077,-7.758597957717232,-0.5301973276093861,7181,1.1834758360636286,-0.42578998058575945,,,,,,NORMAL,,SPY
2021-06-15,S&P 500 Consolidated - CHICAGO MERCANTILE EXCHANGE,13874+,666519,43307,166720,272582,81521,50233,78015,19841,68938,85458,76227,ES,2021-06-18 15:30:00-04:00,-27782,-4.168223261452412,-0.9258191953452086,75.0,0.6279503191090365,191061,28.665499408118897,-0.06687453135095112,66.66666666666666,0.6785931071223974,-123413,-18.516051305364137,0.39879644634490674,-49097,-7.366181609226444,0.3924163484907881,9231,1.3849567679240953,0.20148093186046667,,,,,,NORMAL,,SPY
2021-06-22,S&P 500 Consolidated - CHICAGO MERCANTILE EXCHANGE,13874+,519840,33457,153143,275604,81961,34461,72349,23604,66088,56125,49711,ES,2021-06-25 15:30:00-04:00,-37888,-7.288396429670668,-3.1201731682182556,37.17948717948718,-0.36519616033678987,193643,37.250500153893505,8.585000745774607,98.71794871794873,1.8201436278673466,-119686,-23.02362265312404,-4.507571347759903,-42484,-8.17251461988304,-0.8063330106565969,6414,1.2338411819021238,-0.1511155860219715,2021-07-01,438.510009765625,391.31499938964845,0.10642652492222765,987.4961514778325,NORMAL,,SPY
2021-06-29,S&P 500 Consolidated - CHICAGO MERCANTILE EXCHANGE,13874+,526777,34129,149555,270225,76894,38980,79068,23084,65512,58560,53949,ES,2021-07-02 15:30:00-04:00,-40088,-7.610051312035264,-0.32165488236459616,30.76923076923077,-0.45999510530082754,193331,36.70072915104494,-0.5497710028485656,97.43589743589743,1.7169199010956546,-115426,-21.91173874333921,1.1118839097848294,-42428,-8.05426205016544,0.11825256971760112,4611,0.8753229544949761,-0.35851822740714767,,,,,,NORMAL,,SPY
2021-07-06,S&P 500 Consolidated - CHICAGO MERCANTILE EXCHANGE,13874+,535166,37170,148703,271623,79349,41976,82568,24694,69243,57092,52693,ES,2021-07-09 15:30:00-04:00,-40592,-7.584936262767067,0.025115049268197076,31.41025641025641,-0.44305628608606856,192274,35.92791769282802,-0.7728114582169212,94.87179487179486,1.5884575279526985,-111533,-20.84082322120613,1.070915522133081,-44549,-8.32433301069201,-0.27007096052657076,4399,0.8219879439276785,-0.053335010567297614,,,,,,NORMAL,,SPY
2021-07-13,S&P 500 Consolidated - CHICAGO MERCANTILE EXCHANGE,13874+,543030,38230,151768,272487,78856,41983,80703,23900,67622,58630,56281,ES,2021-07-16 15:30:00-04:00,-38720,-7.130361121853305,0.4545751409137617,43.58974358974359,-0.28891288356162065,193631,35.65751431780933,-0.27040337501868805,92.3076923076923,1.5290675906591733,-113538,-20.908237113971605,-0.06741389276547594,-43722,-8.05148886801834,0.2728441426736694,2349,0.4325727860339208,-0.3894151578937577,,,,,,NORMAL,,SPY
2021-07-20,S&P 500 Consolidated - CHICAGO MERCANTILE EXCHANGE,13874+,551237,39692,157466,271902,82987,43957,78160,24861,62986,58700,57514,ES,2021-07-23 15:30:00-04:00,-34203,-6.204772176033177,0.9255889458201283,57.692307692307686,0.015719883559162193,188915,34.271102991998,-1.3864113258113306,89.74358974358975,1.324677619347955,-117774,-21.36540181446456,-0.4571647004929531,-38125,-6.916262877854716,1.135225990163625,1186,0.21515246618060835,-0.21742031985331245,,,,,,NORMAL,,SPY
2021-07-27,S&P 500 Consolidated - CHICAGO MERCANTILE EXCHANGE,13874+,560457,36605,151564,264355,80263,40035,77958,29541,63960,64928,61720,ES,2021-07-30 15:30:00-04:00,-37923,-6.766442385410477,-0.5616702093773007,51.92307692307693,-0.1616696178648997,184092,32.846766121218934,-1.4243368707790651,88.46153846153845,1.120095383056419,-114959,-20.51165388245664,0.85374793200792,-34419,-6.141238310878443,0.7750245669762723,3208,0.5723900317062682,0.3572375655256599,2021-08-01,451.55999755859375,403.81699829101564,0.0820992350055426,1016.8838790904293,NORMAL,,SPY
2021-08-03,S&P 500 Consolidated - CHICAGO MERCANTILE EXCHANGE,13874+,568882,35318,147096,261605,79817,44114,79855,27086,65669,68441,64127,ES,2021-08-06 15:30:00-04:00,-35741,-6.282673735502266,0.4837686499082112,57.692307692307686,0.00363368773103777,181788,31.95530883381791,-0.8914572874010247,85.25641025641025,0.9889999782304906,-111778,-19.648714496152103,0.8629393863045358,-38583,-6.782250097559775,-0.6410117866813314,4314,0.7583294953962333,0.18593946368996506,,,,,,NORMAL,,SPY
2021-08-10,S&P 500 Consolidated - CHICAGO MERCANTILE EXCHANGE,13874+,573185,34824,145301,260706,75801,43976,80546,26589,67003,69539,66984,ES,2021-08-13 15:30:00-04:00,-36570,-6.380139047602432,-0.09746531210016585,56.41025641025641,-0.02289174133269775,184905,32.25921822797177,0.3039093941538624,86.53846153846155,1.0169178794660736,-110477,-19.274230832977135,0.37448366317496706,-40414,-7.050777672130289,-0.26852757457051446,2555,0.4457548609960135,-0.31257463440021976,,,,,,NORMAL,,SPY
2021-08-17,S&P 500 Consolidated - CHICAGO MERCANTILE EXCHANGE,13874+,581375,36039,144164,261174,79188,41888,74035,24701,67668,68439,67187,ES,2021-08-20 15:30:00-04:00,-32147,-5.52947753171361,0.850661515888822,68.58974358974359,0.2612665295420598,181986,31.30268759406579,-0.9565306339059809,83.33333333333334,0.8777245926567139,-108125,-18.598150935282735,0.6760798976944002,-42967,-7.390582670393464,-0.33980499826317434,1252,0.21535153730380563,-0.2304033236922079,,,,,,NORMAL,,SPY
2021-08-24,S&P 500 Consolidated - CHICAGO MERCANTILE EXCHANGE,13874+,592348,38545,140932,257648,80491,44917,74999,23036,68484,74286,73525,ES,2021-08-27 15:30:00-04:00,-30082,-5.078433623478091,0.4510439082355191,71.7948717948718,0.4101882838730465,177157,29.90758810699116,-1.3950994870746314,75.0,0.6806210558119143,-102387,-17.28494060923646,1.3132103260462742,-45448,-7.672516831322128,-0.28193416092866475,761,0.1284717767258436,-0.08687976057796204,2021-09-01,429.1400146484375,410.525,0.02166461746117789,966.3955291168191,NORMAL,,SPY
2021-08-31,S&P 500 Consolidated - CHICAGO MERCANTILE EXCHANGE,13874+,601293,39891,145768,258921,76576,41349,73297,25241,70957,76524,75328,ES,2021-09-03 15:30:00-04:00,-31948,-5.313216684711114,-0.23478306123302328,69.87179487179486,0.3342804684299511,182345,30.32548191979617,0.41789381280501203,76.92307692307693,0.7267019504743042,-105877,-17.608220950518298,-0.323280341281837,-45716,-7.602948978285129,0.06956785303699942,1196,0.19890469371837025,0.07043291699252666,,,,,,NORMAL,,SPY
2021-09-07,S&P 500 Consolidated - CHICAGO MERCANTILE EXCHANGE,13874+,611152,41844,152215,258845,74384,43905,72058,24107,72976,74980,72047,ES,2021-09-10 15:30:00-04:00,-28153,-4.606546325627667,0.7066703590834473,75.0,0.5625641650821269,184461,30.182507788569783,-0.14297413122638858,76.28205128205127,0.6978043911992959,-110371,-18.059500746131896,-0.45127979561359766,-48869,-7.996210435374506,-0.3932614570893769,2933,0.4799133439798937,0.28100865026152344,,,,,,NORMAL,,SPY
2021-09-14,S&P 500 Consolidated - CHICAGO MERCANTILE EXCHANGE,13874+,655925,41383,152226,248621,74916,45253,64125,24394,76277,87579,79685,ES,2021-09-17 15:30:00-04:00,-18872,-2.8771582116857872,1.7293881139418796,87.17948717948718,1.1229333181576673,173705,26.48244845066128,-3.7000593379085025,51.28205128205128,0.1930082972282024,-110843,-16.898730800015247,1.1607699461166483,-51883,-7.909898235316538,0.08631220005796791,7894,1.2034912528109158,0.7235779088310221,,,,,,NORMAL,,SPY
2021-09-21,S&P 500 Consolidated - CHICAGO MERCANTILE EXCHANGE,13874+,490636,36948,147820,248087,76872,38940,64109,28778,75379,56747,45320,ES,2021-09-24 15:30:00-04:00,-25169,-5.1298722474502485,-2.2527140357644613,70.51282051282051,0.37987764890146714,171215,34.89654244694641,8.414093996285132,90.38461538461539,1.3158906699203412,-110872,-22.59760800267408,-5.6988772026588315,-46601,-9.49808004304617,-1.5881818077296312,11427,2.3290178462240845,1.1255265934131686,2021-10-01,459.25,419.06199951171874,0.0728636233689108,1034.201266713582,NORMAL,,SPY
2021-09-28,S&P 500 Consolidated - CHICAGO MERCANTILE EXCHANGE,13874+,491475,37122,147039,238327,74614,49440,58186,26437,77277,54180,48390,ES,2021-10-01 15:30:00-04:00,-8746,-1.7795411770690268,3.3503310703812215,91.02564102564102,1.4641827665549623,163713,33.310544788646425,-1.5859976582999877,87.82051282051282,1.0899682199762792,-109917,-22.364718449565085,0.2328895531089934,-50840,-10.344371534666056,-0.8462914916198869,5790,1.1780863726537463,-1.1509314735703382,2021-10-01,459.25,419.06199951171874,0.0728636233689108,1034.201266713582,EXTREME_LONG,long,SPY
2021-10-05,S&P 500 Consolidated - CHICAGO MERCANTILE EXCHANGE,13874+,487471,38969,145289,238054,79117,50199,58640,25258,74257,52684,47860,ES,2021-10-08 15:30:00-04:00,-8441,-1.731590186903426,0.04795099016560078,91.02564102564102,1.4589338058823356,158937,32.60440108232079,-0.7061437063256335,85.8974358974359,0.9857220073513949,-106320,-21.81052821603747,0.554190233527617,-48999,-10.051674868863994,0.2926966658020618,4824,0.9895973298924449,-0.1884890427613014,,,,,,EXTREME_LONG,long,SPY
2021-10-12,S&P 500 Consolidated - CHICAGO MERCANTILE EXCHANGE,13874+,480633,39638,143647,229000,81504,51414,55755,27116,73139,52492,45615,ES,2021-10-15 15:30:00-04:00,-4341,-0.9031839261973272,0.8284062607060988,94.87179487179486,1.7086017430798297,147496,30.687863713061734,-1.916537369259057,78.2051282051282,0.7197229235176716,-104009,-21.640003911508366,0.17052430452910272,-46023,-9.57549731291859,0.4761775559454051,6877,1.4308214375625476,0.4412241076701028,,,,,,EXTREME_LONG,long,SPY
2021-10-19,S&P 500 Consolidated - CHICAGO MERCANTILE EXCHANGE,13874+,477317,39976,130435,234592,77130,45642,64503,23968,75641,51636,48105,ES,2021-10-22 15:30:00-04:00,-18861,-3.951462026284419,-3.0482781000870918,79.48717948717949,0.7300179682335529,157462,32.988977974805,2.301114261743269,87.17948717948718,1.0166278086592382,-90459,-18.951556303253394,2.6884476082549718,-51673,-10.825719595153744,-1.2502222822351552,3531,0.7397599498865534,-0.6910614876759943,,,,,,UNWINDING_LONG,long,SPY
2021-10-26,S&P 500 Consolidated - CHICAGO MERCANTILE EXCHANGE,13874+,480961,38487,136291,233225,73374,46794,60969,23020,76902,54955,48945,ES,2021-10-29 15:30:00-04:00,-14175,-2.9472244111268897,1.0042376151575292,85.8974358974359,1.0661524794057549,159851,33.23575092367157,0.24677294886656398,87.17948717948718,1.0395315204272169,-97804,-20.335120727044398,-1.3835644237910039,-53882,-11.202987352404874,-0.37726775725112915,6010,1.249581566904593,0.5098216170180397,2021-11-01,455.55999755859375,427.6109985351562,0.03888163876140851,1025.8916201178747,NORMAL,,SPY
2021-11-02,S&P 500 Consolidated - CHICAGO MERCANTILE EXCHANGE,13874+,486386,35410,133054,229398,76854,51865,59437,25119,80171,55181,47457,ES,2021-11-05 15:30:00-04:00,-7572,-1.5567882299243812,1.3904361812025086,92.94871794871796,1.5392404585459865,152544,31.36274481584585,-1.8730061078257165,80.12820512820514,0.7768102357564749,-97644,-20.07541335482518,0.2597073722192178,-55052,-11.318582360512021,-0.11559500810714773,7724,1.5880391294157314,0.33845756251113834,,,,,,EXTREME_LONG,long,SPY
2021-11-09,S&P 500 Consolidated - CHICAGO MERCANTILE EXCHANGE,13874+,487561,36524,130651,228216,77703,53345,60741,24089,80952,54588,46715,ES,2021-11-12 15:30:00-05:00,-7396,-1.516938393349755,0.03984983657462604,92.94871794871796,1.5474583658630976,150513,30.870598755847986,-0.4921460599978644,76.92307692307693,0.7001094815168415,-94127,-19.305686878154734,0.7697264766704457,-56863,-11.66274578975759,-0.34416342924556886,7873,1.6147723054140917,0.026733175998360226,,,,,,EXTREME_LONG,long,SPY
2021-11-16,S&P 500 Consolidated - CHICAGO MERCANTILE EXCHANGE,13874+,490979,37196,133877,230048,75121,49759,58411,24626,82053,54634,46800,ES,2021-11-19 15:30:00-05:00,-8652,-1.762193495037466,-0.24525510168771092,90.38461538461539,1.4561214435851249,154927,31.554710079249826,0.6841113234018401,80.76923076923077,0.7858736629522889,-96681,-19.6914735660792,-0.38578668792446535,-57427,-11.696426934756884,-0.03368114499929398,7834,1.5955875913226432,-0.019184714091448507,,,,,,EXTREME_LONG,long,SPY
2021-11-23,S&P 500 Consolidated - CHICAGO MERCANTILE EXCHANGE,13874+,491063,35390,134694,229643,75512,51654,52161,22769,82236,54526,49379,ES,2021-11-26 15:30:00-05:00,-507,-0.10324540843028288,1.658948086607183,96.7948717948718,2.0012124933545916,154131,31.387215082382504,-0.1674949968673225,79.48717948717949,0.7533742192170861,-99304,-20.222252541934537,-0.5307789758553376,-59467,-12.10985148545095,-0.4134245506940655,5147,1.048134353433266,-0.547453237889377,2021-12-01,474.9599914550781,437.0709991455078,0.05182034286251857,1069.5791503562632,EXTREME_LONG,long,SPY
2021-11-30,S&P 500 Consolidated - CHICAGO MERCANTILE EXCHANGE,13874+,502143,36432,132036,222129,85787,63614,51990,23389,78342,55478,52886,ES,2021-12-03 15:30:00-05:00,11624,2.314878431044543,2.4181238394748257,98.71794871794873,2.7785556781340026,136342,27.152026414786228,-4.235188667596276,46.794871794871796,0.13839406815723881,-95604,-19.039197997383216,1.1830545445513216,-54953,-10.943695321850548,1.1661561636004016,2592,0.5161876198612746,-0.5319467335719915,,,,,,EXTREME_LONG,long,SPY
2021-12-07,S&P 500 Consolidated - CHICAGO MERCANTILE EXCHANGE,13874+,502877,39499,132358,216969,87181,57513,54131,27671,71488,52740,49234,ES,2021-12-10 15:30:00-05:00,3382,0.6725302608789028,-1.6423481701656402,96.7948717948718,2.1933734777041143,129788,25.809094470417218,-1.3429319443690098,40.38461538461539,-0.06799541185690362,-92859,-18.465549229732122,0.5736487676510933,-43817,-8.713263879636571,2.230431442213977,3506,0.6971883780725704,0.1810007582112958,,,,,,EXTREME_LONG,long,SPY
2021-12-14,S&P 500 Consolidated - CHICAGO MERCANTILE EXCHANGE,13874+,550927,42542,132353,210547,93598,62081,53143,28368,71598,65084,57931,ES,2021-12-17 15:30:00-05:00,8938,1.6223565009520318,0.949826240073129,98.07692307692307,2.4949287245534055,116949,21.227676262009304,-4.581418208407914,21.794871794871796,-0.7621504626646058,-89811,-16.301796789774325,2.163752439957797,-43230,-7.846774618052845,0.8664892615837259,7153,1.298357132614666,0.6011687545420955,,,,,,EXTREME_LONG,long,SPY
2021-12-21,S&P 500 Consolidated - CHICAGO MERCANTILE EXCHANGE,13874+,452425,33210,130468,217686,84022,52426,54519,28297,70771,53105,44944,ES,2021-12-24 15:30:00-05:00,-2093,-0.46261811349947507,-2.084974614451507,94.87179487179486,1.8408535333799583,133664,29.543902304249322,8.316226042240018,64.1025641025641,0.464679251860517,-97258,-21.497043708902027,-5.195246919127701,-42474,-9.388075371608554,-1.541300753555709,8161,1.803834889760734,0.505477757146068,,,,,,EXTREME_LONG,long,SPY
2021-12-28,S&P 500 Consolidated - CHICAGO MERCANTILE EXCHANGE,13874+,457570,32744,123660,223273,76055,51013,70467,29995,73740,51933,45036,ES,2021-12-31 15:30:00-05:00,-19454,-4.251589920667876,-3.788971807168401,76.28205128205127,0.6633199608391723,147218,32.17387503551369,2.629972731264367,82.6923076923077,0.8541052114205586,-90916,-19.86930961382958,1.627734095072448,-43745,-9.560285857901523,-0.1722104862929683,6897,1.5073103568852853,-0.29652453287544867,2022-01-01,449.9100036621094,442.4290008544922,0.04839909657617732,1013.16819966133,UNWINDING_LONG,long,SPY
2022-01-04,S&P 500 Consolidated - CHICAGO MERCANTILE EXCHANGE,13874+,459458,30525,121599,222930,76593,53291,73066,29569,73723,53737,45072,ES,2022-01-07 15:30:00-05:00,-19775,-4.303984259714707,-0.05239433904683111,76.28205128205127,0.6672933383767232,146337,31.849918817389185,-0.32395621812450415,80.12820512820514,0.794087228287447,-91074,-19.82205119945675,0.04725841437282696,-44154,-9.610018761236065,-0.049732903334541945,8665,1.8859177552681639,0.3786073983828786,,,,,,UNWINDING_LONG,long,SPY
2022-01-11,S&P 500 Consolidated - CHICAGO MERCANTILE EXCHANGE,13874+,456734,31195,128914,223622,77778,50815,62368,27187,75049,56063,44773,ES,2022-01-14 15:30:00-05:00,-11553,-2.5294810546182243,1.774503205096483,89.74358974358975,1.2815137082483554,145844,31.93193412358178,0.082015306192595,80.12820512820514,0.7966728063211884,-97719,-21.395166552085023,-1.573115352628271,-47862,-10.479184820924214,-0.8691660596881494,11290,2.471898304045681,0.5859805487775172,,,,,,NORMAL,,SPY
2022-01-18,S&P 500 Consolidated - CHICAGO MERCANTILE EXCHANGE,13874+,461996,27879,137718,220420,75716,54528,57126,28812,73735,58411,45756,ES,2022-01-21 15:30:00-05:00,-2598,-0.5623425311041654,1.9671385235140588,95.51282051282051,1.9454546103540034,144704,31.32148330288574,-0.6104508206960411,76.28205128205127,0.6940639428256506,-109839,-23.77488116780232,-2.3797146157172975,-44923,-9.72367726127499,0.7555075596492244,12655,2.73920120520524,0.2673029011595589,,,,,,EXTREME_LONG,long,SPY
2022-01-25,S&P 500 Consolidated - CHICAGO MERCANTILE EXCHANGE,13874+,475771,26455,149330,217660,88039,70782,49352,29078,69712,57292,44834,ES,2022-01-28 15:30:00-05:00,21430,4.504267809513401,5.066610340617566,100.0,3.630815423417814,129621,27.244409600417008,-4.077073702468731,43.58974358974359,0.06651157770483139,-122875,-25.826500564347132,-2.0516193965448117,-40634,-8.54066347045112,1.1830137908238694,12458,2.6184866248678462,-0.12071458033739368,2022-02-01,436.6300048828125,444.36200256347655,-0.049254208202912354,983.2625021991555,EXTREME_LONG,long,SPY
2022-02-01,S&P 500 Consolidated - CHICAGO MERCANTILE EXCHANGE,13874+,456794,28049,130939,213978,87120,59711,49945,29063,70353,54634,47076,ES,2022-02-04 15:30:00-05:00,9766,2.13794401852914,-2.3663237909842607,98.71794871794873,2.7295593678092422,126858,27.771380534770596,0.5269709343535887,45.51282051282051,0.14036869131521396,-102890,-22.524376414751508,3.302124149595624,-41290,-9.039085452085622,-0.49842198163450213,7558,1.6545751476595576,-0.9639114772082886,,,,,,EXTREME_LONG,long,SPY
2022-02-08,S&P 500 Consolidated - CHICAGO MERCANTILE EXCHANGE,13874+,445982,31558,123571,204065,92365,56432,44724,28099,64070,52144,47568,ES,2022-02-11 15:30:00-05:00,11708,2.6252180581279063,0.48727403959876625,99.35897435897436,2.808896849928737,111700,25.04585386854178,-2.7255266662288165,32.69230769230769,-0.2830865134962476,-92013,-20.6315501522483,1.8928262625032097,-35971,-8.065572153136225,0.9735132989493973,4576,1.026050378714836,-0.6285247689447215,,,,,,EXTREME_LONG,long,SPY
2022-02-15,S&P 500 Consolidated - CHICAGO MERCANTILE EXCHANGE,13874+,454053,34611,116302,198721,95283,58480,52374,34121,64073,50606,48506,ES,2022-02-18 15:30:00-05:00,6106,1.3447769313274,-1.2804411268005063,96.7948717948718,2.332287244747438,103438,22.781040979797513,-2.2648128887442667,21.153846153846153,-0.6385523505607096,-81691,-17.991512004105246,2.640038148143052,-29952,-6.596586742076366,1.468985411059859,2100,0.4625010736632067,-0.5635493050516294,,,,,,EXTREME_LONG,long,SPY
2022-02-22,S&P 500 Consolidated - CHICAGO MERCANTILE EXCHANGE,13874+,474833,38746,125219,202480,102984,64825,50142,33414,61741,50828,50208,ES,2022-02-25 15:30:00-05:00,14683,3.0922450630010974,1.7474681316736973,99.35897435897436,2.8144562272166906,99496,20.953893263526336,-1.8271477162711776,15.384615384615385,-0.9275336457065367,-86473,-18.211244795538644,-0.21973279143339752,-28327,-5.965676353581154,0.6309103884952121,620,0.13057222223392223,-0.33192885142928447,2022-03-01,451.6400146484375,447.5220031738281,-0.00860475663175862,1017.0640723961999,EXTREME_LONG,long,SPY
2022-03-01,S&P 500 Consolidated - CHICAGO MERCANTILE EXCHANGE,13874+,477498,45712,103984,199776,107047,59847,64617,33332,61787,49520,50753,ES,2022-03-04 15:30:00-05:00,-4770,-0.9989570636945077,-4.091202126695605,91.02564102564102,1.509743018907759,92729,19.419767203213418,-1.5341260603129179,13.461538461538462,-1.164087284375078,-58272,-12.203611324026488,6.007633471512156,-28455,-5.959187263611575,0.006489089969578643,-1233,-0.2582209768417878,-0.38879319907571,,,,,,EXTREME_LONG,long,SPY
2022-03-08,S&P 500 Consolidated - CHICAGO MERCANTILE EXCHANGE,13874+,487109,45802,104248,195847,112261,60534,57346,33126,60060,48160,49553,ES,2022-03-11 15:30:00-05:00,3188,0.6544736393702436,1.6534307030647513,94.23076923076923,1.9801075705850073,83586,17.159609040276408,-2.26015816293701,10.897435897435898,-1.505354446751166,-58446,-11.998546526547447,0.20506479747904116,-26934,-5.529357905520119,0.42982935809145584,-1393,-0.2859729547185538,-0.027751977876765976,,,,,,EXTREME_LONG,long,SPY
2022-03-15,S&P 500 Consolidated - CHICAGO MERCANTILE EXCHANGE,13874+,516552,40930,92429,203493,115184,57171,66555,30941,60304,52739,50803,ES,2022-03-18 15:30:00-04:00,-9384,-1.8166612461088139,-2.4711348854790574,85.8974358974359,1.2248448710581739,88309,17.09585869380043,-0.06375034647597744,10.897435897435898,-1.5021424786992266,-51499,-9.969761030835231,2.0287854957122153,-29363,-5.684422865461754,-0.15506495994163494,1936,0.37479285725348077,0.6607658119720345,,,,,,UNWINDING_LONG,long,SPY
2022-03-22,S&P 500 Consolidated - CHICAGO MERCANTILE EXCHANGE,13874+,422337,46614,64591,205761,102765,22370,76429,26917,57604,48973,49246,ES,2022-03-25 15:30:00-04:00,-54059,-12.799967798227481,-10.983306552118668,0.641025641025641,-1.9893112081013278,102996,24.387160016763865,7.2913013229634345,27.564102564102566,-0.37289483212890456,-17977,-4.256553415874053,5.713207614961179,-30687,-7.265998479886915,-1.5815756144251605,-273,-0.06464032277541394,-0.4394331800288947,2022-04-01,412.0,445.91600341796874,-0.13255851563874912,927.7973258268825,EXTREME_SHORT,short,SPY
2022-03-29,S&P 500 Consolidated - CHICAGO MERCANTILE EXCHANGE,13874+,424010,46022,63934,203992,91998,25605,82087,26862,62970,47840,49333,ES,2022-04-01 15:30:00-04:00,-56482,-13.320912242635787,-0.5209444444083058,0.641025641025641,-2.10042007538082,111994,26.41305629584208,2.0258962790782142,41.02564102564102,-0.06076650518526723,-17912,-4.224428669135162,0.032124746738890764,-36108,-8.515836890639372,-1.2498384107524574,-1493,-0.3521143369260159,-0.287474014150602,2022-04-01,412.0,445.91600341796874,-0.13255851563874912,927.7973258268825,EXTREME_SHORT,short,SPY
2022-04-05,S&P 500 Consolidated - CHICAGO MERCANTILE EXCHANGE,13874+,424471,47595,71129,196006,89302,27223,76975,28641,64381,50792,48469,ES,2022-04-08 15:30:00-04:00,-49752,-11.720942066713627,1.5999701759221594,3.8461538461538463,-1.6044288561363087,106704,25.13811308664196,-1.2749432092001172,33.97435897435898,-0.25191086506574084,-23534,-5.544312803465961,-1.319884134330799,-35740,-8.419892053874117,0.09594483676525556,2323,0.5472694247663562,0.8993837616923721,,,,,,EXTREME_SHORT,short,SPY
2022-04-12,S&P 500 Consolidated - CHICAGO MERCANTILE EXCHANGE,13874+,431393,48094,86836,195397,99801,36925,57077,26272,63412,49113,48676,ES,2022-04-15 15:30:00-04:00,-20152,-4.671378534190402,7.0495635325232255,69.23076923076923,0.4032533353488787,95596,22.159840331206116,-2.978272755435846,19.871794871794872,-0.700386868119474,-38742,-8.980674234398796,-3.436361430932835,-37140,-8.609319112734791,-0.1894270588606748,437,0.10129974292582401,-0.4459696818405322,,,,,,UNWINDING_SHORT,short,SPY
2022-04-19,S&P 500 Consolidated - CHICAGO MERCANTILE EXCHANGE,13874+,431759,47707,79292,194126,99488,38182,61478,25286,64547,50063,50559,ES,2022-04-22 15:30:00-04:00,-23296,-5.395602639435426,-0.7242241052450238,64.74358974358975,0.19689233647111748,94638,21.91917250132597,-0.24066782988014523,19.871794871794872,-0.7288637943313415,-31585,-7.315423650694021,1.6652505837047746,-39261,-9.093267308845908,-0.4839481961111165,-496,-0.1148789023506169,-0.21617864527644093,,,,,,NORMAL,,SPY
2022-04-26,S&P 500 Consolidated - CHICAGO MERCANTILE EXCHANGE,13874+,438339,45936,82668,187062,115077,49870,51214,25441,59969,50457,49838,ES,2022-04-29 15:30:00-04:00,-1344,-0.30661200577635117,5.0889906336590744,92.3076923076923,1.6319270929301704,71985,16.422221157597203,-5.496951343728767,10.897435897435898,-1.5549124016180336,-36732,-8.379815622155455,-1.0643919714614336,-34528,-7.877008434111498,1.21625887473441,619,0.1412149044461022,0.2560938067967191,2022-05-01,412.92999267578125,443.3580017089844,-0.08219424037101604,929.8916091220971,EXTREME_LONG,long,SPY
2022-05-03,S&P 500 Consolidated - CHICAGO MERCANTILE EXCHANGE,13874+,441735,44620,65612,191620,118431,52227,68928,26313,63129,49003,47685,ES,2022-05-06 15:30:00-04:00,-16701,-3.780773540697477,-3.4741615349211257,76.92307692307693,0.6448730084653519,73189,16.56853090653899,0.1463097489417855,11.538461538461538,-1.5099846246531923,-20992,-4.752170418916319,3.627645203239136,-36816,-8.334408638663453,-0.45740020455195474,1318,0.298368931599262,0.15715402715315976,,,,,,UNWINDING_LONG,long,SPY
2022-05-10,S&P 500 Consolidated - CHICAGO MERCANTILE EXCHANGE,13874+,452391,42552,67685,188609,133174,58274,60004,27894,55473,49983,50976,ES,2022-05-13 15:30:00-04:00,-1730,-0.38241255904737276,3.398360981650104,91.66666666666666,1.5989030977298848,55435,12.25378046866538,-4.3147504378736095,1.9230769230769231,-2.13347269200564,-25133,-5.555592396842554,-0.8034219779262353,-27579,-6.096275124836701,2.2381335138267513,-993,-0.2195003879387521,-0.5178693195380141,,,,,,EXTREME_LONG,long,SPY
2022-05-17,S&P 500 Consolidated - CHICAGO MERCANTILE EXCHANGE,13874+,450422,46375,64374,196002,134505,49660,69164,29680,50876,47279,50076,ES,2022-05-20 15:30:00-04:00,-19504,-4.330161492999898,-3.9477489339525254,71.7948717948718,0.4821097144149698,61497,13.653196335880574,1.399415867215195,5.128205128205128,-1.8848320910578626,-17999,-3.9960303892793867,1.5595620075631675,-21196,-4.705809218910266,1.390465905926435,-2797,-0.6209732206686174,-0.4014728327298653,,,,,,UNWINDING_LONG,long,SPY
2022-05-24,S&P 500 Consolidated - CHICAGO MERCANTILE EXCHANGE,13874+,452434,49450,65954,195776,137612,46268,75542,31612,39984,47731,51745,ES,2022-05-27 15:30:00-04:00,-29274,-6.470336004809541,-2.1401745118096427,54.48717948717948,-0.11402845407569573,58164,12.855797751716272,-0.7973985841643021,4.487179487179487,-1.9696876647938242,-16504,-3.647824876114527,0.3482055131648596,-8372,-1.8504356436518918,2.8553735752583744,-4014,-0.8872012271403121,-0.26622800647169476,2022-06-01,377.25,435.927001953125,-0.13599616201078427,849.5425756509501,CONFIRMED_BEARISH,long,SPY
2022-05-31,S&P 500 Consolidated - CHICAGO MERCANTILE EXCHANGE,13874+,452093,52557,69788,199397,128474,38684,79368,29821,37902,47462,52389,ES,2022-06-03 15:30:00-04:00,-40684,-8.999033384723939,-2.528697379914398,21.153846153846153,-0.8132387219198354,70923,15.687701424264477,2.8319036725482043,12.179487179487179,-1.5283247772589172,-17231,-3.8113839409148116,-0.16355906480028448,-8081,-1.7874640837172882,0.06297155993460368,-4927,-1.089820014908437,-0.2026187877681248,,,,,,UNWINDING_LONG,long,SPY
2022-06-07,S&P 500 Consolidated - CHICAGO MERCANTILE EXCHANGE,13874+,453484,57427,63039,197113,128837,37906,84174,30610,40040,47713,54680,ES,2022-06-10 15:30:00-04:00,-46268,-10.202785544804227,-1.2037521600802883,8.333333333333332,-1.1377704687717662,68276,15.055878487443879,-0.6318229368205976,10.897435897435898,-1.5992867721660973,-5612,-1.2375298797752512,2.5738540611395604,-9430,-2.079455945523988,-0.29199186180669967,-6967,-1.5363276322869164,-0.44650761737847944,,,,,,EXTREME_SHORT,short,SPY
2022-06-14,S&P 500 Consolidated - CHICAGO MERCANTILE EXCHANGE,13874+,530880,61870,60242,192007,150703,49574,84757,28805,35473,55452,56535,ES,2022-06-17 15:30:00-04:00,-35183,-6.627298071127185,3.5754874736770423,55.12820512820513,-0.13466255628296042,41304,7.780289330922242,-7.275589156521637,0.641025641025641,-2.606089168161701,1628,0.30666063893911993,1.5441905187143712,-6668,-1.2560277275467149,0.823428217977273,-1083,-0.204000904159132,1.3323267281277844,,,,,,UNWINDING_SHORT,short,SPY
2022-06-21,S&P 500 Consolidated - CHICAGO MERCANTILE EXCHANGE,13874+,452401,65632,47546,203643,166016,34503,75470,27854,36624,44970,50945,ES,2022-06-24 15:30:00-04:00,-40967,-9.055461857953453,-2.4281637868262687,20.51282051282051,-0.8077741696755454,37627,8.317178786076953,0.5368894551547108,1.282051282051282,-2.4622767806681214,18086,3.9977807299276527,3.691120090988533,-8770,-1.9385456707655377,-0.6825179432188229,-5975,-1.3207309444497248,-1.1167300402905929,2022-07-01,411.989990234375,434.2119995117188,-0.08779121231081927,927.7747844827586,NORMAL,,SPY
2022-06-28,S&P 500 Consolidated - CHICAGO MERCANTILE EXCHANGE,13874+,449754,72123,46407,201337,162333,29026,82139,25244,31016,44771,50607,ES,2022-07-01 15:30:00-04:00,-53113,-11.80934466397186,-2.7538828060184066,2.564102564102564,-1.571253485733103,39004,8.672296410926862,0.3551176248499086,1.9230769230769231,-2.3571702478998104,25716,5.7177923931749355,1.7200116632472828,-5772,-1.283368241305247,0.6551774294602908,-5836,-1.2975982425948407,0.02313270185488414,2022-07-01,411.989990234375,434.2119995117188,-0.08779121231081927,927.7747844827586,EXTREME_SHORT,short,SPY
2022-07-05,S&P 500 Consolidated - CHICAGO MERCANTILE EXCHANGE,13874+,461848,76412,49141,204741,163623,28243,91838,31263,28468,45533,53121,ES,2022-07-08 15:30:00-04:00,-63595,-13.769681800072751,-1.9603371361008914,0.0,-2.1004493794461796,41118,8.902929102215447,0.23063269128858543,2.564102564102564,-2.272874804486539,27271,5.9047565432783085,0.18696415010337297,2795,0.6051774609828342,1.8885457022880812,-7588,-1.642964784950893,-0.34536654235605235,,,,,,EXTREME_SHORT,short,SPY
2022-07-12,S&P 500 Consolidated - CHICAGO MERCANTILE EXCHANGE,13874+,463516,78855,44582,207058,162426,25456,99359,30328,28898,46630,53061,ES,2022-07-15 15:30:00-04:00,-73903,-15.944001933050854,-2.174320132978103,0.0,-2.666104418305529,44632,9.62900957032767,0.7260804681122224,3.205128205128205,-2.1271147768958523,34273,7.3941352617816865,1.489378718503378,1430,0.30851146454491324,-0.29666599643792096,-6431,-1.3874386213205154,0.2555261636303776,,,,,,EXTREME_SHORT,short,SPY
2022-07-19,S&P 500 Consolidated - CHICAGO MERCANTILE EXCHANGE,13874+,467064,85879,37580,205866,156361,27334,112448,29105,30156,44694,56334,ES,2022-07-22 15:30:00-04:00,-85114,-18.223198533819776,-2.2791966007689215,0.0,-3.213604353318406,49505,10.599189832656766,0.9701802623290963,4.487179487179487,-1.9577839705897067,48299,10.340981107514173,2.9468458457324864,-1051,-0.2250226949625747,-0.533534159507488,-11640,-2.492163814809105,-1.1047251934885898,,,,,,EXTREME_SHORT,short,SPY
2022-07-26,S&P 500 Consolidated - CHICAGO MERCANTILE EXCHANGE,13874+,464565,86894,44327,207638,148503,23625,114494,29301,29643,44325,54816,ES,2022-07-29 15:30:00-04:00,-90869,-19.56001851194128,-1.336819978121504,0.0,-3.442030610319153,59135,12.729112180211596,2.12992234755483,6.41025641025641,-1.6422740375660232,42567,9.162765167414678,-1.178215940099495,-342,-0.07361725485131251,0.1514054401112622,-10491,-2.2582415808336833,0.2339222339754219,2022-08-01,395.17999267578125,427.80499877929685,-0.04082526049567658,889.9197583128079,EXTREME_SHORT,short,SPY
2022-08-02,S&P 500 Consolidated - CHICAGO MERCANTILE EXCHANGE,13874+,462133,93146,35927,202218,138035,25580,126771,26494,34453,44148,56399,ES,2022-08-05 15:30:00-04:00,-101191,-21.89651031196647,-2.3364918000251897,0.0,-3.8849736575789335,64183,13.888426059164786,1.1593138789531903,12.82051282051282,-1.4654487592521308,57219,12.381500563690539,3.2187353962758607,-7959,-1.7222314788167044,-1.6486142239653918,-12251,-2.650968444149195,-0.39272686331551165,,,,,,EXTREME_SHORT,short,SPY
2022-08-09,S&P 500 Consolidated - CHICAGO MERCANTILE EXCHANGE,13874+,459878,100740,32762,192907,133723,25508,126228,24021,36866,43742,57338,ES,2022-08-12 15:30:00-04:00,-100720,-21.901460822218066,-0.0049505102515965405,0.0,-3.6867989679605673,59184,12.86950017178469,-1.018925887380096,9.615384615384617,-1.5761956688260836,67978,14.781746463192412,2.400245899501874,-12845,-2.7931320915547166,-1.0709006127380123,-13596,-2.9564362722287214,-0.30546782807952644,,,,,,EXTREME_SHORT,short,SPY
2022-08-16,S&P 500 Consolidated - CHICAGO MERCANTILE EXCHANGE,13874+,469245,107697,33612,197630,122412,25122,144856,23302,39625,45509,58755,ES,2022-08-19 15:30:00-04:00,-119734,-25.516308111967096,-3.6148472897490294,0.0,-4.349648309989497,75218,16.029579430787756,3.1600792590030657,19.230769230769234,-1.1457541673204117,74085,15.788127737109612,1.0063812739171993,-16323,-3.4785666336348817,-0.6854345420801651,-13246,-2.8228324222953893,0.13360384993333208,,,,,,EXTREME_SHORT,short,SPY
2022-08-23,S&P 500 Consolidated - CHICAGO MERCANTILE EXCHANGE,13874+,465908,107121,40517,190429,122759,27280,130019,21407,39713,45650,58878,ES,2022-08-26 15:30:00-04:00,-102739,-22.051349193402988,3.4649589185641076,0.641025641025641,-3.332277734425773,67670,14.524326691106399,-1.5052527396813566,14.743589743589745,-1.326807698447754,66604,14.295526155378315,-1.4926015817312965,-18306,-3.9291018827751403,-0.45053524914025855,-13228,-2.8391871356576837,-0.016354713362294326,2022-09-01,357.17999267578125,417.9669982910156,-0.13501077903966405,804.346218552076,EXTREME_SHORT,short,SPY
2022-08-30,S&P 500 Consolidated - CHICAGO MERCANTILE EXCHANGE,13874+,465991,106321,42939,191339,126003,26909,125070,22798,38918,44991,59427,ES,2022-09-02 15:30:00-04:00,-98161,-21.06499910942486,0.9863500839781274,2.564102564102564,-2.9963126967044795,65336,14.020871647735685,-0.5034550433707139,14.102564102564102,-1.3742795662742113,63382,13.60155024453262,-0.6939759108456958,-16120,-3.4592942782156735,0.4698076045594668,-14436,-3.0979139082085276,-0.258726772550844,,,,,,EXTREME_SHORT,short,SPY
2022-09-06,S&P 500 Consolidated - CHICAGO MERCANTILE EXCHANGE,13874+,462858,105928,38314,186483,132214,26429,116943,22719,41576,45558,58070,ES,2022-09-09 15:30:00-04:00,-90514,-19.5554576133501,1.5095414960747604,3.8461538461538463,-2.5940307413895893,54269,11.724762238094621,-2.2961094096410637,5.128205128205128,-1.6472774069404608,67614,14.607935911229793,1.0063856666971738,-18857,-4.074035665366051,-0.614741387150378,-12512,-2.703204870608264,0.39470903760026355,,,,,,EXTREME_SHORT,short,SPY
2022-09-13,S&P 500 Consolidated - CHICAGO MERCANTILE EXCHANGE,13874+,520609,109747,31272,187530,124834,23497,128568,24386,42630,56514,74370,ES,2022-09-16 15:30:00-04:00,-105071,-20.182324930994277,-0.6268673176441766,3.205128205128205,-2.6535479771411565,62696,12.042819083035445,0.3180568449408234,6.41025641025641,-1.5815006204494273,78475,15.073692540851196,0.46575662962140285,-18244,-3.5043573968179573,0.5696782685480941,-17856,-3.4298292960744052,-0.7266244254661411,,,,,,EXTREME_SHORT,short,SPY
2022-09-20,S&P 500 Consolidated - CHICAGO MERCANTILE EXCHANGE,13874+,428204,91050,43910,182907,126117,22616,91945,23087,38838,36981,55830,ES,2022-09-23 15:30:00-04:00,-69329,-16.190647448412438,3.9916774825818386,5.769230769230769,-1.7990650501107524,56790,13.262370272113293,1.2195511890778477,12.179487179487179,-1.4088187020756167,47140,11.00877152011658,-4.064921020734616,-15751,-3.678386937067379,-0.17402954024942163,-18849,-4.401873873200624,-0.9720445771262187,,,,,,EXTREME_SHORT,short,SPY
2022-09-27,S&P 500 Consolidated - CHICAGO MERCANTILE EXCHANGE,13874+,446776,91332,54108,180681,137057,32735,90102,26350,33278,37325,53878,ES,2022-09-30 15:30:00-04:00,-57367,-12.840215230898705,3.350432217513733,8.974358974358974,-1.1222395346523246,43624,9.764177126792845,-3.498193145320448,3.8461538461538463,-1.8231167429734123,37224,8.331691944061454,-2.6770795760551263,-6928,-1.5506652103067309,2.1277217267606483,-16553,-3.704988629648862,0.6968852435517618,2022-10-01,386.2099914550781,409.0919982910156,0.023750805712599403,869.719896309817,EXTREME_SHORT,short,SPY
2022-10-04,S&P 500 Consolidated - CHICAGO MERCANTILE EXCHANGE,13874+,452257,91911,53585,182285,142799,27516,95610,26590,28739,47033,54602,ES,2022-10-07 15:30:00-04:00,-68094,-15.056483371180546,-2.2162681402818407,7.051282051282051,-1.5374791355173145,39486,8.730876470679283,-1.0333006561135623,2.564102564102564,-1.917939167038571,38326,8.474385139422939,0.14269319536148473,-2149,-0.4751723024740358,1.0754929078326951,-7569,-1.6736059364476392,2.031382693201223,,,,,,EXTREME_SHORT,short,SPY
2022-10-11,S&P 500 Consolidated - CHICAGO MERCANTILE EXCHANGE,13874+,455559,92698,51079,181513,145475,30115,99512,25536,27562,44630,50864,ES,2022-10-14 15:30:00-04:00,-69397,-15.233372625719172,-0.1768892545386258,7.051282051282051,-1.5488495258112775,36038,7.910720675038799,-0.8201557956404839,1.282051282051282,-1.981826859140474,41619,9.135808973151667,0.6614238337287279,-2026,-0.44472834473690565,0.030443957737130156,-6234,-1.368428677734388,0.3051772587132513,,,,,,EXTREME_SHORT,short,SPY
2022-10-18,S&P 500 Consolidated - CHICAGO MERCANTILE EXCHANGE,13874+,467313,95936,50679,186534,141862,30843,113499,25365,25555,44646,51729,ES,2022-10-21 15:30:00-04:00,-82656,-17.687502808610073,-2.4541301828909017,5.769230769230769,-1.9946852946638327,44672,9.55933175409201,1.6486110790532118,4.487179487179487,-1.7450208177021882,45257,9.684515517436921,0.5487065442852543,-190,-0.04065797441971441,0.40407037031719123,-7083,-1.515686488499143,-0.14725781076475508,,,,,,EXTREME_SHORT,short,SPY
2022-10-25,S&P 500 Consolidated - CHICAGO MERCANTILE EXCHANGE,13874+,472365,95171,56319,188937,133014,30621,119789,24182,24080,43571,49281,ES,2022-10-28 15:30:00-04:00,-89168,-18.876927799477098,-1.1894249908670247,5.128205128205128,-2.1821184358920895,55923,11.83893810930107,2.2796063552090597,8.974358974358974,-1.4435252581903935,38852,8.224995501360176,-1.4595200160767448,102,0.02159347115048744,0.06225144557020185,-5710,-1.2088109830321891,0.30687550546695386,2022-11-01,407.67999267578125,404.86899719238284,-0.01046141328856523,918.068949023575,EXTREME_SHORT,short,SPY
2022-11-01,S&P 500 Consolidated - CHICAGO MERCANTILE EXCHANGE,13874+,467342,84668,73523,187560,123393,32075,111253,31816,23493,45057,49513,ES,2022-11-04 15:30:00-04:00,-79178,-16.942196507054792,1.9347312924223061,7.051282051282051,-1.781529700525278,64167,13.730201865015342,1.891263755714272,16.666666666666664,-1.1980822897761612,11145,2.3847631926940016,-5.840232308666175,8323,1.7809227503626894,1.759329279212202,-4456,-0.9534773249568839,0.2553336580753053,,,,,,EXTREME_SHORT,short,SPY
2022-11-08,S&P 500 Consolidated - CHICAGO MERCANTILE EXCHANGE,13874+,463779,83334,70270,185079,120517,33178,111598,28648,23617,45522,49757,ES,2022-11-11 15:30:00-05:00,-78420,-16.908915668885395,0.03328083816939653,7.6923076923076925,-1.7506993039809529,64562,13.920854544944898,0.19065267992955626,19.871794871794872,-1.1597498170388179,13064,2.816858891842882,0.43209569914888046,5031,1.0847839164774602,-0.6961388338852292,-4235,-0.9131504445005056,0.04032688045637822,,,,,,EXTREME_SHORT,short,SPY
2022-11-15,S&P 500 Consolidated - CHICAGO MERCANTILE EXCHANGE,13874+,468702,81679,75249,188799,103789,30575,124829,27012,24098,47923,48021,ES,2022-11-18 15:30:00-05:00,-94254,-20.10957922091222,-3.2006635520268247,3.8461538461538463,-2.307035684478147,85010,18.13732392863696,4.216469383692061,31.41025641025641,-0.6455307735956886,6430,1.3718738132118062,-1.4449850786310758,2914,0.6217169971538419,-0.4630669193236183,-98,-0.020908807728578074,0.8922416367719276,,,,,,EXTREME_SHORT,short,SPY
2022-11-22,S&P 500 Consolidated - CHICAGO MERCANTILE EXCHANGE,13874+,460815,76494,80072,190694,99760,27457,114654,24366,23786,48149,48888,ES,2022-11-25 15:30:00-05:00,-87197,-18.92234410772219,1.187235113190031,5.769230769230769,-2.0464304417849637,90934,19.733298612241356,1.5959746836043962,34.61538461538461,-0.447355640373577,-3578,-0.776450419365689,-2.148324232577495,580,0.12586395842149237,-0.49585303873234954,-739,-0.16036804357497042,-0.13945923584639236,2022-12-01,382.42999267578125,399.44899597167966,-0.03226377912927521,861.2075837878255,EXTREME_SHORT,short,SPY
2022-11-29,S&P 500 Consolidated - CHICAGO MERCANTILE EXCHANGE,13874+,462905,77417,89814,196525,100139,28399,112267,20883,21502,48352,47854,ES,2022-12-02 15:30:00-05:00,-83868,-18.117756343094154,0.8045877646280353,7.6923076923076925,-1.868496787182861,96386,20.821982912260616,1.0886843000192599,36.53846153846153,-0.31095215872196413,-12397,-2.6780872965295255,-1.9016368771638366,-619,-0.133720741836878,-0.2595847002583703,498,0.10758146919994384,0.26794951277491424,,,,,,EXTREME_SHORT,short,SPY
2022-12-06,S&P 500 Consolidated - CHICAGO MERCANTILE EXCHANGE,13874+,457538,77931,83721,189862,97113,24236,110509,19745,21850,48771,47352,ES,2022-12-09 15:30:00-05:00,-86273,-18.855920164008236,-0.7381638209140817,7.051282051282051,-1.9649645879367736,92749,20.271321726282846,-0.5506611859777699,36.53846153846153,-0.37106001546676204,-5790,-1.2654686605265573,1.4126186360029682,-2105,-0.4600710760636275,-0.3263503342267495,1419,0.310138174315576,0.20255670511563217,,,,,,EXTREME_SHORT,short,SPY
2022-12-13,S&P 500 Consolidated - CHICAGO MERCANTILE EXCHANGE,13874+,495428,73540,75434,192036,94405,22210,117516,20045,23955,55955,52476,ES,2022-12-16 15:30:00-05:00,-95306,-19.23710407970482,-0.3811839156965853,5.769230769230769,-1.9945480125946373,97631,19.706395278425926,-0.5649264478569194,34.61538461538461,-0.43204129300064387,-1894,-0.3822957119904406,0.8831729485361166,-3910,-0.789216596558935,-0.32914552049530743,3479,0.7022211098282697,0.3920829355126937,,,,,,EXTREME_SHORT,short,SPY
2022-12-20,S&P 500 Consolidated - CHICAGO MERCANTILE EXCHANGE,13874+,397369,36084,74593,192058,103262,32129,75826,23133,29529,46694,46888,ES,2022-12-23 15:30:00-05:00,-43697,-10.996580004982775,8.240524074722046,21.794871794871796,-0.5544318633376731,88796,22.345980687975157,2.6395854095492304,42.94871794871795,-0.1133061553037785,-38509,-9.690992503189731,-9.30869679119929,-6396,-1.6095870588797818,-0.8203704623208469,-194,-0.04882112092287018,-0.7510422307511398,,,,,,UNWINDING_SHORT,short,SPY
2022-12-27,S&P 500 Consolidated - CHICAGO MERCANTILE EXCHANGE,13874+,392262,38521,69672,190934,101678,28584,77939,22026,29836,44975,45916,ES,2022-12-30 15:30:00-05:00,-49355,-12.582151725122495,-1.5855717201397201,17.307692307692307,-0.8194265581500562,89256,22.754179604448048,0.40819891647289097,44.230769230769226,-0.05344201689057699,-31151,-7.941375917116621,1.7496165860731105,-7810,-1.9910162085544865,-0.38142914967470465,-941,-0.23989068530726912,-0.19106956438439893,2023-01-01,406.4800109863281,394.93299560546876,0.13802569942739595,915.3666679495074,NORMAL,,SPY
2023-01-03,S&P 500 Consolidated - CHICAGO MERCANTILE EXCHANGE,13874+,402199,43168,66255,188847,101555,31086,86329,25289,34402,46571,46421,ES,2023-01-06 15:30:00-05:00,-55243,-13.735240515267318,-1.1530887901448228,14.743589743589745,-1.007217391590283,87292,21.703683997225255,-1.0504956072227927,41.02564102564102,-0.1708000153352687,-23087,-5.740193287402505,2.2011826297141157,-9113,-2.265793798592239,-0.2747775900377525,150,0.037294970897491043,0.27718565620476016,,,,,,NORMAL,,SPY
2023-01-10,S&P 500 Consolidated - CHICAGO MERCANTILE EXCHANGE,13874+,406513,48420,71242,189722,97104,30055,93120,24353,33132,47389,45341,ES,2023-01-13 15:30:00-05:00,-63065,-15.51364900999476,-1.778408494727442,12.82051282051282,-1.2973824557114604,92618,22.783527218071747,1.0798432208464916,46.15384615384615,-0.02950804832403894,-22822,-5.6140886023325205,0.1261046850699845,-8779,-2.1595865322880203,0.10620726630421862,2048,0.5037969265435546,0.4665019556460635,,,,,,NORMAL,,SPY
2023-01-17,S&P 500 Consolidated - CHICAGO MERCANTILE EXCHANGE,13874+,411294,52971,74837,194790,88935,28136,105385,22361,28232,46973,47842,ES,2023-01-20 15:30:00-05:00,-77249,-18.781941871264838,-3.268292861270078,8.333333333333332,-1.8316215019786974,105855,25.73706399801602,2.9535367799442724,57.692307692307686,0.3459769837691002,-21866,-5.316391680890069,0.2976969214424514,-5871,-1.4274460604822827,0.7321404718057376,-869,-0.21128438537882877,-0.7150813119223833,,,,,,EXTREME_SHORT,short,SPY
2023-01-24,S&P 500 Consolidated - CHICAGO MERCANTILE EXCHANGE,13874+,404887,47906,72494,191482,85232,28231,103266,20575,28448,48824,47579,ES,2023-01-27 15:30:00-05:00,-75035,-18.532331243038183,0.24961062822665525,8.974358974358974,-1.7595041600366546,106250,26.241889712438287,0.5048257144222674,61.53846153846154,0.4209389616581141,-24588,-6.072805498818189,-0.7564138179281201,-7873,-1.9444931548802504,-0.5170470943979677,1245,0.3074932018069239,0.5187775871857527,2023-02-01,396.260009765625,393.35899658203124,0.026022160308910185,892.3518868754398,EXTREME_SHORT,short,SPY
2023-01-31,S&P 500 Consolidated - CHICAGO MERCANTILE EXCHANGE,13874+,412284,50825,79021,189817,75027,28879,108131,22522,27358,49126,51631,ES,2023-02-03 15:30:00-05:00,-79252,-19.22267175054089,-0.6903405075027074,6.41025641025641,-1.8442347699911346,114790,27.842458111398937,1.6005683989606503,66.02564102564102,0.6320628098455829,-28196,-6.8389750754334395,-0.7661695766152503,-4836,-1.1729778502197514,0.771515304660499,-2505,-0.6075908839537795,-0.9150840857607034,,,,,,EXTREME_SHORT,short,SPY
2023-02-07,S&P 500 Consolidated - CHICAGO MERCANTILE EXCHANGE,13874+,410617,54240,80859,188770,76075,27405,105871,21482,29627,49162,48628,ES,2023-02-10 15:30:00-05:00,-78466,-19.1092916269906,0.11338012355028937,7.051282051282051,-1.7937850116545397,112695,27.445283561080032,-0.3971745503189048,65.38461538461539,0.5940422156928401,-26619,-6.482683376479785,0.35629169895365465,-8145,-1.9836002893207052,-0.8106224391009538,534,0.13004819576393573,0.7376390797177153,,,,,,EXTREME_SHORT,short,SPY
2023-02-14,S&P 500 Consolidated - CHICAGO MERCANTILE EXCHANGE,13874+,415269,57734,76359,191470,78483,25810,108487,19748,30496,51758,52694,ES,2023-02-17 15:30:00-05:00,-82677,-19.909263633933666,-0.7999720069430651,4.487179487179487,-1.8943453897206322,112987,27.208147008324726,-0.23713655275530598,64.1025641025641,0.5766215135645963,-18625,-4.485044633719348,1.9976387427604365,-10748,-2.5882018643337212,-0.604601575013016,-936,-0.2253960685724193,-0.355444264336355,,,,,,EXTREME_SHORT,short,SPY
2023-02-21,S&P 500 Consolidated - CHICAGO MERCANTILE EXCHANGE,13874+,414897,56701,77046,191539,82522,28786,99749,18580,34918,50331,51703,ES,2023-02-24 15:30:00-05:00,-70963,-17.103763102649573,2.8055005312840926,13.461538461538462,-1.4127937360336786,109017,26.27567805985582,-0.9324689484689053,62.17948717948718,0.4699026091920124,-20345,-4.903626683249096,-0.4185820495297472,-16338,-3.937844814496128,-1.3496429501624068,-1372,-0.3306844831367785,-0.1052884145643592,2023-03-01,409.3900146484375,393.0049987792969,0.004194520220216429,921.9198077938072,UNWINDING_SHORT,short,SPY
2023-02-28,S&P 500 Consolidated - CHICAGO MERCANTILE EXCHANGE,13874+,422632,60312,81789,191203,91594,33688,93472,18327,36480,49847,50042,ES,2023-03-03 15:30:00-05:00,-59784,-14.145639705464802,2.958123397184771,18.58974358974359,-0.9230168529357073,99609,23.568731189308902,-2.7069468705469184,49.358974358974365,0.12381173871567684,-21477,-5.0817259459766415,-0.17809926272754595,-18153,-4.295226106873119,-0.3573812923769908,-195,-0.04613943099434023,0.2845450521424383,,,,,,UNWINDING_SHORT,short,SPY
2023-03-07,S&P 500 Consolidated - CHICAGO MERCANTILE EXCHANGE,13874+,426634,61143,76388,191927,87526,29795,90633,19326,42005,46819,52458,ES,2023-03-10 15:30:00-05:00,-60838,-14.259998031099256,-0.1143583256344538,18.58974358974359,-0.9293554152824578,104401,24.47085792505989,0.9021267357509863,53.205128205128204,0.23629960326012264,-15245,-3.5733204573475157,1.5084054886291258,-22679,-5.315797615754956,-1.0205715088818375,-5639,-1.3217418208581595,-1.2756023898638194,,,,,,NORMAL,,SPY
2023-03-14,S&P 500 Consolidated - CHICAGO MERCANTILE EXCHANGE,13874+,510197,60134,73318,194416,96177,30339,80792,17652,39576,62966,75643,ES,2023-03-17 15:30:00-04:00,-50453,-9.888925258282585,4.371072772816671,34.61538461538461,-0.22271250620276067,98239,19.2551112609443,-5.2157466641155885,32.69230769230769,-0.44642475010290694,-13184,-2.584099867306158,0.9892205900413575,-21924,-4.297163644631388,1.0186339711235686,-12677,-2.4847264880036537,-1.1629846671454942,,,,,,UNWINDING_SHORT,short,SPY
2023-03-21,S&P 500 Consolidated - CHICAGO MERCANTILE EXCHANGE,13874+,429801,88411,60119,195787,100555,16349,108689,19281,37671,41154,53949,ES,2023-03-24 15:30:00-04:00,-92340,-21.484361367237398,-11.595436108954813,2.564102564102564,-2.0693987218252694,95232,22.157230904534888,2.902119643590588,41.66666666666667,-0.08255705869051734,28292,6.5825812410859905,9.16668110839215,-18390,-4.278724339868916,0.01843930476247202,-12795,-2.976959104329678,-0.49223261632602444,,,,,,EXTREME_SHORT,short,SPY
2023-03-28,S&P 500 Consolidated - CHICAGO MERCANTILE EXCHANGE,13874+,428446,92527,55281,190005,104174,17482,107566,18783,42512,41704,50968,ES,2023-03-31 15:30:00-04:00,-90084,-21.025753537201886,0.4586078300355112,3.8461538461538463,-1.9590779772024594,85831,20.03309635286594,-2.1241345516689485,34.61538461538461,-0.375078566570297,37246,8.693277565900953,2.1106963248149624,-23729,-5.5383875680949295,-1.2596632282260138,-9264,-2.1622328134700757,0.8147262908596025,2023-04-01,415.92999267578125,396.872998046875,0.08759773198123827,936.6474148926812,EXTREME_SHORT,short,SPY
2023-04-04,S&P 500 Consolidated - CHICAGO MERCANTILE EXCHANGE,13874+,443902,95692,60623,186498,88182,18503,131666,13514,41734,60192,52195,ES,2023-04-07 15:30:00-04:00,-113163,-25.492788948912146,-4.46703541171026,0.641025641025641,-2.6250230279182856,98316,22.148131794855622,2.115035441989683,41.02564102564102,-0.10172901126157356,35069,7.900167154011471,-0.7931104118894821,-28220,-6.3572590346517925,-0.818871466556863,7997,1.8015237597487734,3.9637565732188493,,,,,,EXTREME_SHORT,short,SPY
2023-04-11,S&P 500 Consolidated - CHICAGO MERCANTILE EXCHANGE,13874+,449694,95674,62727,194727,87691,23816,130000,19367,46286,45451,52331,ES,2023-04-14 15:30:00-04:00,-106184,-23.612500945087103,1.8802880038250436,1.282051282051282,-2.262874313226723,107036,23.80196311269441,1.6538313178387867,50.641025641025635,0.11036554918462826,32947,7.32653760112432,-0.5736295528871507,-26919,-5.986070527959012,0.37118850669278025,-6880,-1.5299292407726142,-3.3314530005213876,,,,,,EXTREME_SHORT,short,SPY
2023-04-18,S&P 500 Consolidated - CHICAGO MERCANTILE EXCHANGE,13874+,455664,89059,64302,205270,86977,23921,133380,17377,47854,48330,51445,ES,2023-04-21 15:30:00-04:00,-109459,-24.021866989711718,-0.40936604462461545,1.282051282051282,-2.2732175422349084,118293,25.96057621405246,2.15861310135805,59.61538461538461,0.3936946830422146,24757,5.433170055128341,-1.8933675459959796,-30477,-6.688480985989677,-0.7024104580306645,-3115,-0.6836177534323536,0.8463114873402605,,,,,,EXTREME_SHORT,short,SPY
2023-04-25,S&P 500 Consolidated - CHICAGO MERCANTILE EXCHANGE,13874+,453159,81734,70039,205911,89016,28488,123502,17704,46606,48048,52722,ES,2023-04-28 15:30:00-04:00,-95014,-20.96703364602711,3.0548333436846065,6.41025641025641,-1.7638090350291578,116895,25.79558168325025,-0.1649945308022076,57.692307692307686,0.36301158348165247,11695,2.580771870358969,-2.852398184769372,-28902,-6.377893851826842,0.31058713416283457,-4674,-1.0314260557552648,-0.34780830232291116,2023-05-01,417.8500061035156,397.45899963378906,0.027971843165419338,940.9711608242435,EXTREME_SHORT,short,SPY
2023-05-02,S&P 500 Consolidated - CHICAGO MERCANTILE EXCHANGE,13874+,2304633,432560,350071,1026371,431625,131734,588857,84987,265523,248108,287684,ES,2023-05-05 15:30:00-04:00,-457123,-19.834958537866985,1.1320751081601266,8.974358974358974,-1.5658868598839035,594746,25.80653839461641,0.010956711366159055,57.692307692307686,0.3566388017785143,82489,3.579268369410661,0.9984964990516922,-180536,-7.83361168567837,-1.4557178338515282,-39576,-1.7172365404817167,-0.6858104847264519,,,,,,EXTREME_SHORT,short,SPY
2023-05-09,S&P 500 Consolidated - CHICAGO MERCANTILE EXCHANGE,13874+,2325459,436131,337721,1023679,425316,135379,637987,83092,242742,250436,284952,ES,2023-05-12 15:30:00-04:00,-502608,-21.613281507005713,-1.7783229691387277,4.487179487179487,-1.8040010715183485,598363,25.7309632205943,-0.07557517402210934,55.769230769230774,0.3372854540236626,98410,4.231852722408781,0.6525843529981197,-159650,-6.865311321334842,0.9683003643435288,-34516,-1.4842661169257338,0.23297042355598285,,,,,,EXTREME_SHORT,short,SPY
2023-05-16,S&P 500 Consolidated - CHICAGO MERCANTILE EXCHANGE,13874+,2339836,443023,358177,1045630,431214,122528,611310,86430,255506,248640,290043,ES,2023-05-19 15:30:00-04:00,-488782,-20.889583714414172,0.7236977925915404,7.6923076923076925,-1.6672109623769171,614416,26.258934386854463,0.527971166260162,62.17948717948718,0.40085312912575927,84846,3.6261515764352716,-0.6057011459735091,-169076,-7.225976521431416,-0.3606652000965749,-41403,-1.769482989406095,-0.2852168724803612,,,,,,EXTREME_SHORT,short,SPY
2023-05-23,S&P 500 Consolidated - CHICAGO MERCANTILE EXCHANGE,13874+,2420808,490913,433651,1052016,422846,158512,663114,89303,238138,254242,287238,ES,2023-05-26 15:30:00-04:00,-504602,-20.844362708649342,0.045221005764830124,8.333333333333332,-1.6345631633908864,629170,25.990082650090383,-0.2688517367640806,58.97435897435898,0.3544671746631713,57262,2.3654085743272493,-1.2607430021080224,-148835,-6.148153839544483,1.0778226818869339,-32996,-1.3630159847455892,0.4064670046605059,2023-06-01,443.2799987792969,402.2690002441406,0.1186594353578164,998.2378579125616,EXTREME_SHORT,short,SPY
2023-05-30,S&P 500 Consolidated - CHICAGO MERCANTILE EXCHANGE,13874+,2533871,565970,487948,1046229,416612,176827,693822,86871,260282,262736,279969,ES,2023-06-02 15:30:00-04:00,-516995,-20.403367022235937,0.44099568641340525,8.974358974358974,-1.547659971008886,629617,24.848028964379008,-1.1420536857113746,51.28205128205128,0.18779509384599324,78022,3.079162277795515,0.7137537034682659,-173411,-6.843718563415423,-0.6955647238709401,-17233,-0.6801056565231616,0.6829103282224276,,,,,,EXTREME_SHORT,short,SPY
2023-06-06,S&P 500 Consolidated - CHICAGO MERCANTILE EXCHANGE,13874+,2544164,565153,481479,1051361,383644,170267,728831,86141,253908,263985,289045,ES,2023-06-09 15:30:00-04:00,-558564,-21.954716755680845,-1.5513497334449085,3.205128205128205,-1.7470387016984745,667717,26.24504552379485,1.3970165594158424,61.53846153846154,0.3735571814281775,83674,3.2888603093196824,0.20969803152416722,-167767,-6.594189682740578,0.2495288806748448,-25060,-0.9849993946931094,-0.3048937381699478,,,,,,EXTREME_SHORT,short,SPY
2023-06-13,S&P 500 Consolidated - CHICAGO MERCANTILE EXCHANGE,13874+,2956473,524515,530392,1098382,332715,162240,680616,93633,333488,335409,336968,ES,2023-06-16 15:30:00-04:00,-518376,-17.533594928822282,4.421121826858563,21.153846153846153,-1.0969349020029746,765667,25.89798723005419,-0.347058293740659,57.05128205128205,0.3167495535113692,-5877,-0.1987841593682743,-3.487644468687957,-239855,-8.112876390212257,-1.5186867074716792,-1559,-0.05273175165137649,0.9322676430417329,,,,,,UNWINDING_SHORT,short,SPY
2023-06-20,S&P 500 Consolidated - CHICAGO MERCANTILE EXCHANGE,13874+,2233907,345269,563991,1119588,319482,127322,506274,87778,278195,247642,259658,ES,2023-06-23 15:30:00-04:00,-378952,-16.96364262254427,0.5699523062780116,22.435897435897438,-1.0058225552004503,800106,35.816441776671994,9.918454546617802,98.07692307692307,1.7034744464634097,-218722,-9.791007414364161,-9.592223254995886,-190417,-8.523944819547099,-0.41106842933484167,-12016,-0.5378916848373724,-0.4851599331859959,,,,,,UNWINDING_SHORT,short,SPY
2023-06-27,S&P 500 Consolidated - CHICAGO MERCANTILE EXCHANGE,13874+,2200098,323107,636821,1094188,338804,137504,449188,100008,228996,243716,244715,ES,2023-06-30 15:30:00-04:00,-311684,-14.16682347786326,2.7968191446810113,28.205128205128204,-0.6090015092607433,755384,34.33410693523652,-1.482334841435474,96.15384615384616,1.4684594720977955,-313714,-14.259092094988496,-4.468084680624335,-128988,-5.862829746674921,2.661115072872178,-999,-0.045407068230597,0.4924846166067754,2023-07-01,457.7900085449219,412.3300018310547,0.11822465659805535,1030.9134604811752,CONFIRMED_BULLISH,short,SPY
2023-07-03,S&P 500 Consolidated - CHICAGO MERCANTILE EXCHANGE,13874+,2227564,307806,645068,1094223,315970,170351,455934,87464,236861,250580,256592,ES,2023-07-06 15:30:00-04:00,-285583,-12.820417280940076,1.3464061969231835,32.05128205128205,-0.4169466332621662,778253,34.93740247193796,0.6032955367014381,96.7948717948718,1.5328849474863373,-337262,-15.140395517255621,-0.8813034222671252,-149397,-6.706743330382427,-0.843913583707506,-6012,-0.26989123544822957,-0.22448416721763256,,,,,,UNWINDING_SHORT,short,SPY
2023-07-11,S&P 500 Consolidated - CHICAGO MERCANTILE EXCHANGE,13874+,2228090,310465,648558,1085161,323785,173871,471990,95555,217974,254082,256827,ES,2023-07-14 15:30:00-04:00,-298119,-13.380025043871656,-0.5596077629315808,30.76923076923077,-0.4932375294496845,761376,34.17168965347001,-0.7657128184679465,94.23076923076923,1.404006733011143,-338093,-15.17411774210198,-0.03372222484635934,-122419,-5.49434717628103,1.2123961541013966,-2745,-0.12319969121534588,0.1466915442328837,,,,,,NORMAL,,SPY
2023-07-18,S&P 500 Consolidated - CHICAGO MERCANTILE EXCHANGE,13874+,2301847,314119,677066,1124679,303479,174361,548489,104393,204933,268237,251821,ES,2023-07-21 15:30:00-04:00,-374128,-16.253382609704293,-2.8733575658326362,24.358974358974358,-0.8927310942456919,821200,35.67569868892242,1.5040090354524054,97.43589743589743,1.5924804951345897,-362947,-15.767642245553246,-0.5935245034512651,-100540,-4.367796817077764,1.1265503592032662,16416,0.7131664267868368,0.8363661180021827,,,,,,NORMAL,,SPY
2023-07-25,S&P 500 Consolidated - CHICAGO MERCANTILE EXCHANGE,13874+,2265346,297103,644467,1123597,319602,157181,549819,108898,178957,262924,256858,ES,2023-07-28 15:30:00-04:00,-392638,-17.33236335641443,-1.0789807467101369,21.794871794871796,-1.0366588776802164,803995,35.491046400858856,-0.18465228806356038,96.15384615384616,1.5423246322186581,-347364,-15.333816556058103,0.43382568949514244,-70059,-3.092640152983253,1.275156664094511,6066,0.2677736645969313,-0.44539276218990553,2023-08-01,450.3500061035156,418.74400329589844,0.08275434336028968,1014.1590566722379,NORMAL,,SPY
2023-08-01,S&P 500 Consolidated - CHICAGO MERCANTILE EXCHANGE,13874+,2263529,307721,672712,1126246,304082,149033,520351,90327,178700,266101,263584,ES,2023-08-04 15:30:00-04:00,-371318,-16.404384481047074,0.927978875367355,25.0,-0.896862171234742,822164,36.322220744686724,0.8311743438278683,98.71794871794873,1.6326254653711278,-364991,-16.12486519942974,-0.791048643371635,-88373,-3.904213288188488,-0.8115731352052351,2517,0.11119804517635958,-0.15657561942057174,,,,,,NORMAL,,SPY
2023-08-08,S&P 500 Consolidated - CHICAGO MERCANTILE EXCHANGE,13874+,2245745,313589,690921,1095481,319275,170759,487930,84910,174813,266363,258162,ES,2023-08-11 15:30:00-04:00,-317171,-14.123197424462706,2.2811870565843684,31.41025641025641,-0.574937306602941,776206,34.563407688762524,-1.7588130559242003,93.58974358974359,1.3681558432020149,-377332,-16.802085722110036,-0.6772205226802974,-89903,-4.003259497405093,-0.0990462092166049,8201,0.3651794838683822,0.25398143869202267,,,,,,NORMAL,,SPY
2023-08-15,S&P 500 Consolidated - CHICAGO MERCANTILE EXCHANGE,13874+,2246098,312550,705619,1105079,323616,147548,432293,94310,207365,269915,260508,ES,2023-08-18 15:30:00-04:00,-284745,-12.677318621004071,1.4458788034586352,36.53846153846153,-0.37231316798067493,781463,34.79202599352299,0.22861830476046663,93.58974358974359,1.3815178753266653,-393069,-17.50008236506154,-0.6979966429515052,-113055,-5.033395693331279,-1.030136195926186,9407,0.4188152075287899,0.0536357236604077,,,,,,NORMAL,,SPY
2023-08-22,S&P 500 Consolidated - CHICAGO MERCANTILE EXCHANGE,13874+,2253916,313275,704606,1110243,353398,120968,447187,138745,202292,272139,247887,ES,2023-08-25 15:30:00-04:00,-326219,-14.473432017874668,-1.796113396870597,29.48717948717949,-0.619076868797598,756845,33.57911297492897,-1.2129130185940227,90.38461538461539,1.200906113627195,-391331,-17.362270821095375,0.13781154396616557,-63547,-2.819404094917468,2.213991598413811,24252,1.0759939589585414,0.6571787514297516,2023-09-01,427.4800109863281,420.7240051269531,0.02304655915315895,962.657308343596,NORMAL,,SPY
2023-08-29,S&P 500 Consolidated - CHICAGO MERCANTILE EXCHANGE,13874+,2291670,329754,699081,1096427,339385,139155,483323,142650,193629,260709,253277,ES,2023-09-01 15:30:00-04:00,-344168,-15.018218155319047,-0.5447861374443796,29.48717948717949,-0.6909434556529594,757042,33.0345119498008,-0.5446010251281663,88.46153846153845,1.1150090195707347,-369327,-16.116063831179883,1.2462069899154926,-50979,-2.2245349461309876,0.5948691487864806,7432,0.3243049828291159,-0.7516889761294255,2023-09-01,427.4800109863281,420.7240051269531,0.02304655915315895,962.657308343596,NORMAL,,SPY
2023-09-05,S&P 500 Consolidated - CHICAGO MERCANTILE EXCHANGE,13874+,2284667,322703,720246,1109586,327902,125462,451616,132053,200669,262325,251699,ES,2023-09-08 15:30:00-04:00,-326154,-14.275778483253795,0.7424396720652524,30.76923076923077,-0.583240386651968,781684,34.21435158821833,1.1798396384175263,91.02564102564102,1.2593349400592269,-397543,-17.40047893194063,-1.2844151007607465,-68616,-3.003326086471245,-0.7787911403402576,10626,0.46510060328266656,0.14079562045355065,,,,,,NORMAL,,SPY
2023-09-12,S&P 500 Consolidated - CHICAGO MERCANTILE EXCHANGE,13874+,2547762,277838,753232,1100501,317823,177330,416335,123171,205408,292408,278450,ES,2023-09-15 15:30:00-04:00,-239005,-9.380978286040847,4.894800197212948,43.58974358974359,0.09839565436672508,782678,30.720216409539038,-3.49413517867929,76.92307692307693,0.7800683905566772,-475394,-18.659278221435127,-1.2587992894944975,-82237,-3.2278132729823272,-0.22448718651108202,13958,0.5478533709192617,0.08275276763659511,,,,,,NORMAL,,SPY
2023-09-19,S&P 500 Consolidated - CHICAGO MERCANTILE EXCHANGE,13874+,2107388,250644,691050,1167197,302074,97053,418854,82954,200734,248010,233146,ES,2023-09-22 15:30:00-04:00,-321801,-15.270135352388834,-5.8891570663479875,28.205128205128204,-0.7120118575961298,865123,41.05190880843964,10.331692398900604,100.0,2.1380713788034753,-440406,-20.89819245435582,-2.238914232920692,-117780,-5.588909114031209,-2.3610958410488814,14864,0.7053281123362191,0.1574747414169574,,,,,,NORMAL,,SPY
2023-09-26,S&P 500 Consolidated - CHICAGO MERCANTILE EXCHANGE,13874+,2150244,254675,691293,1106462,345513,151252,437942,101775,165010,258856,233262,ES,2023-09-29 15:30:00-04:00,-286690,-13.332905474913545,1.9372298774752892,36.53846153846153,-0.43714506757213056,760949,35.38896050866785,-5.6629482997717915,94.23076923076923,1.3562676885654066,-436618,-20.30550951426908,0.592682940086739,-63235,-2.9408290407972304,2.648080073233978,25594,1.190283521312,0.48495540897578093,2023-10-01,418.20001220703125,424.30100708007814,-0.05657820483967428,941.759351908867,NORMAL,,SPY
2023-10-03,S&P 500 Consolidated - CHICAGO MERCANTILE EXCHANGE,13874+,2151506,249395,686193,1076460,378656,131552,399462,149506,173555,259885,228933,ES,2023-10-06 15:30:00-04:00,-267910,-12.452207895306822,0.8806975796067231,41.02564102564102,-0.3102889310480561,697804,32.4332816176204,-2.955678891047448,83.97435897435898,0.9552346182761747,-436798,-20.30196522807745,0.003544286191630164,-24049,-1.1177751770155417,1.8230538637816887,30952,1.438620203708472,0.2483366823964721,,,,,,NORMAL,,SPY
2023-10-10,S&P 500 Consolidated - CHICAGO MERCANTILE EXCHANGE,13874+,2088321,257471,608146,1070017,401413,112170,399379,116415,175360,248366,220140,ES,2023-10-13 15:30:00-04:00,-287209,-13.75310596407353,-1.300898068766708,35.256410256410255,-0.4845966156932453,668604,32.01634231519005,-0.41693930243035027,82.05128205128204,0.8910150326484635,-350675,-16.792198134290658,3.5097670937867917,-58945,-2.8226024638932423,-1.7048272868777006,28226,1.3516121324260015,-0.08700807128247057,,,,,,NORMAL,,SPY
2023-10-17,S&P 500 Consolidated - CHICAGO MERCANTILE EXCHANGE,13874+,2128482,267345,626110,1080972,406688,118831,384178,127623,203330,251627,226091,ES,2023-10-20 15:30:00-04:00,-265347,-12.46649020287698,1.2866157611965505,41.66666666666667,-0.30284366933629653,674284,31.679102759619298,-0.33723955557075413,79.48717948717949,0.8404052563625202,-358765,-16.855439698339005,-0.06324156404834724,-75707,-3.556854133603197,-0.7342516697099546,25536,1.199728257039524,-0.15188387538647752,,,,,,NORMAL,,SPY
2023-10-24,S&P 500 Consolidated - CHICAGO MERCANTILE EXCHANGE,13874+,2176852,253470,646896,1066328,453308,160102,363319,155088,203794,259671,227343,ES,2023-10-27 15:30:00-04:00,-203217,-9.335361338299526,3.1311288645774535,47.43589743589743,0.13297880821260305,613020,28.160848785310165,-3.5182539743091326,57.05128205128205,0.3801012963773745,-393426,-18.073162530112292,-1.2177228317732869,-48706,-2.2374511450479866,1.3194029885552103,32328,1.485080290254,0.2853520332144759,2023-11-01,456.3999938964844,429.2930053710937,-0.0030363586414994923,1027.783237486805,NORMAL,,SPY
2023-10-31,S&P 500 Consolidated - CHICAGO MERCANTILE EXCHANGE,13874+,2193182,248577,652733,1074948,468610,146121,383423,171556,173283,271267,234420,ES,2023-11-03 15:30:00-04:00,-237302,-10.819986667773126,-1.4846253294735998,44.871794871794876,-0.06929479366487236,606338,27.646497189927693,-0.5143515953824718,55.12820512820513,0.310464524431838,-404156,-18.427836814272595,-0.35467428416030344,-1727,-0.0787440349227743,2.158707110125212,36847,1.680070327040802,0.19499003678680205,,,,,,NORMAL,,SPY
2023-11-07,S&P 500 Consolidated - CHICAGO MERCANTILE EXCHANGE,13874+,2194624,251340,648446,1091709,420025,168252,442153,150514,173046,264142,242287,ES,2023-11-10 15:30:00-05:00,-273901,-12.480543364148026,-1.6605566963749006,41.66666666666667,-0.29508018914834433,671684,30.60588055174827,2.959383361820578,72.43589743589743,0.6872579181263447,-397106,-18.094489078767023,0.33334773550557273,-22532,-1.026690676853985,-0.9479466419312107,21855,0.9958425680207634,-0.6842277590200385,,,,,,NORMAL,,SPY
2023-11-14,S&P 500 Consolidated - CHICAGO MERCANTILE EXCHANGE,13874+,2208240,262081,676357,1088088,388863,178571,469104,130175,169037,271062,226615,ES,2023-11-17 15:30:00-05:00,-290533,-13.156767380357207,-0.676224016209181,38.46153846153847,-0.3830156596615153,699225,31.66435713509401,1.0584765833457404,78.84615384615384,0.8174392715616845,-414276,-18.760460819476144,-0.6659717407091215,-38862,-1.7598630583632213,-0.7331723815092364,44447,2.0127794080353585,1.016936840014595,,,,,,NORMAL,,SPY
2023-11-21,S&P 500 Consolidated - CHICAGO MERCANTILE EXCHANGE,13874+,2255516,288437,719174,1133912,373170,164118,474549,114758,183358,270277,221251,ES,2023-11-24 15:30:00-05:00,-310431,-13.763192103270383,-0.6064247229131752,35.256410256410255,-0.46073445875077407,760742,33.72806931983635,2.0637121847423394,88.46153846153845,1.0746621310873148,-430737,-19.097049189631107,-0.33658837015496346,-68600,-3.041432647784365,-1.2815695894211439,49026,2.1736046208495083,0.16082521281414985,2023-12-01,475.30999755859375,437.1980041503906,0.05542353972865479,1070.3673414408868,NORMAL,,SPY
2023-11-28,S&P 500 Consolidated - CHICAGO MERCANTILE EXCHANGE,13874+,2295420,277270,709960,1161034,367388,172624,490862,118941,207791,267288,221156,ES,2023-12-01 15:30:00-05:00,-318238,-13.86404231033972,-0.10085020706933712,34.61538461538461,-0.46861165897450496,793646,34.575197567329724,0.847128247493373,91.66666666666666,1.172500547353643,-432690,-18.850145071490186,0.24690411814092172,-88850,-3.8707513221981165,-0.8293186744137513,46132,2.009741136698295,-0.16386348415121343,2023-12-01,475.30999755859375,437.1980041503906,0.05542353972865479,1070.3673414408868,NORMAL,,SPY
2023-12-05,S&P 500 Consolidated - CHICAGO MERCANTILE EXCHANGE,13874+,2330556,295918,755761,1164468,346616,160179,510568,99145,155394,268376,219747,ES,2023-12-08 15:30:00-05:00,-350389,-15.03456685872384,-1.1705245483841207,30.128205128205128,-0.6236505201155506,817852,35.092570184968736,0.5173726176390119,93.58974358974359,1.2257587157984753,-459843,-19.731042721136074,-0.8808976496458882,-56249,-2.4135442357960932,1.4572070864020232,48629,2.0865836306872696,0.07684249398897469,,,,,,NORMAL,,SPY
2023-12-12,S&P 500 Consolidated - CHICAGO MERCANTILE EXCHANGE,13874+,2690306,348874,783882,1151484,324580,184974,545510,91192,160076,311877,274351,ES,2023-12-15 15:30:00-05:00,-360536,-13.401300818568593,1.633266040155247,38.46153846153847,-0.389658378576687,826904,30.73642923890442,-4.356140946064315,71.15384615384616,0.6611302436181391,-435008,-16.169461763829094,3.5615809573069797,-68884,-2.560452231084494,-0.1469079952884007,37526,1.3948599155635084,-0.6917237151237612,,,,,,NORMAL,,SPY
2023-12-19,S&P 500 Consolidated - CHICAGO MERCANTILE EXCHANGE,13874+,2167112,245994,791595,1177850,293402,155337,462928,89323,191583,260635,189630,ES,2023-12-22 15:30:00-05:00,-307591,-14.193590363580654,-0.7922895450120606,33.33333333333333,-0.4920959591764237,884448,40.812288428101546,10.075859189197125,99.35897435897436,1.9288492231578582,-545601,-25.17640989482777,-9.006948130998676,-102260,-4.7187224287438765,-2.1582701976593825,71005,3.2764804034124677,1.8816204878489593,,,,,,NORMAL,,SPY
2023-12-26,S&P 500 Consolidated - CHICAGO MERCANTILE EXCHANGE,13874+,2166788,272763,816162,1155602,275125,145304,501011,95057,148118,266411,194721,ES,2023-12-29 15:30:00-05:00,-355707,-16.41632683954314,-2.222736475962485,25.0,-0.7934944728007379,880477,40.63512443303175,-0.1771639950697974,98.71794871794873,1.8779718154576237,-543399,-25.07854944738479,0.09786044744297939,-53061,-2.448832096171845,2.2698903325720314,71690,3.308583950068027,0.032103546655559256,2024-01-01,482.8800048828125,444.5470031738281,0.12959668867009597,1087.4145078289937,NORMAL,,SPY
2024-01-02,S&P 500 Consolidated - CHICAGO MERCANTILE EXCHANGE,13874+,2234726,256142,848962,1220747,263371,147532,537745,94689,154502,275689,190220,ES,2024-01-05 15:30:00-05:00,-390213,-17.461335304641374,-1.0450084650982348,21.794871794871796,-0.9290749388750212,957376,42.840867292008056,2.2057428589763077,100.0,2.1243510344096266,-592820,-26.52763694520044,-1.4490874978156505,-59813,-2.6765249968005027,-0.22769290062865766,85469,3.8245852064190418,0.5160012563510148,,,,,,NORMAL,,SPY
2024-01-09,S&P 500 Consolidated - CHICAGO MERCANTILE EXCHANGE,13874+,2225245,213291,896974,1196261,266029,162683,470085,107858,141928,284310,189387,ES,2024-01-12 15:30:00-05:00,-307402,-13.814299099649702,3.6470362049916716,37.82051282051282,-0.4138480391401001,930232,41.80357668481448,-1.037290607193576,99.35897435897436,1.9593331844580442,-683683,-30.723942756864975,-4.1963058116645335,-34070,-1.531067365615921,1.1454576311845817,94923,4.265732537316116,0.44114733089707414,,,,,,NORMAL,,SPY
2024-01-16,S&P 500 Consolidated - CHICAGO MERCANTILE EXCHANGE,13874+,2233526,218844,855821,1191827,262325,154507,447414,112348,172216,268685,208436,ES,2024-01-19 15:30:00-05:00,-292907,-13.114107469534718,0.7001916301149844,44.230769230769226,-0.3109722170053969,929502,41.61590238931627,-0.18767429549821202,98.71794871794873,1.9062770212628521,-636977,-28.518897921940464,2.205044834924511,-59868,-2.6804254797123472,-1.1493581140964262,60249,2.6974837096143047,-1.5682488277018112,,,,,,NORMAL,,SPY
2024-01-23,S&P 500 Consolidated - CHICAGO MERCANTILE EXCHANGE,13874+,2287411,248586,837806,1192719,278234,179526,567605,135979,146528,267450,194088,ES,2024-01-26 15:30:00-05:00,-388079,-16.9658622783575,-3.851754808822781,23.717948717948715,-0.8389513996569226,914485,39.97904180752825,-1.6368605817880209,96.15384615384616,1.6833666230597182,-589220,-25.75925358407387,2.759644337866593,-10549,-0.46117641298393686,2.2192490667284104,73362,3.207206750339139,0.5097230407248343,2024-02-01,508.0799865722656,453.7620025634766,0.21492102281608497,1144.163235067734,NORMAL,,SPY
2024-01-30,S&P 500 Consolidated - CHICAGO MERCANTILE EXCHANGE,13874+,2326056,261405,870018,1212141,240586,177373,602100,138897,155816,270335,191629,ES,2024-02-02 15:30:00-05:00,-424727,-18.25953459418002,-1.2936723158225227,19.230769230769234,-1.0084450401827927,971555,41.768340916985665,1.789299109457417,98.71794871794873,1.875771589616097,-608613,-26.165019242872916,-0.40576565879904436,-16919,-0.7273685586245558,-0.266192145640619,78706,3.3836674611445297,0.1764607108053906,,,,,,NORMAL,,SPY
2024-02-06,S&P 500 Consolidated - CHICAGO MERCANTILE EXCHANGE,13874+,2313768,288767,858262,1181044,263355,164162,571760,149042,158370,261217,192486,ES,2024-02-09 15:30:00-05:00,-407598,-17.616200068459758,0.6433345257202632,21.794871794871796,-0.9075318000702751,917689,39.662100953941795,-2.106239963043869,94.87179487179486,1.5969535225227396,-569495,-24.6133147316412,1.5517045112317156,-9328,-0.40315191497159614,0.3242166436529597,68731,2.9705225415858463,-0.4131449195586834,,,,,,NORMAL,,SPY
2024-02-13,S&P 500 Consolidated - CHICAGO MERCANTILE EXCHANGE,13874+,2355646,299148,870565,1182982,243591,178718,553828,131145,184289,260150,199872,ES,2024-02-16 15:30:00-05:00,-375110,-15.923869715568468,1.6923303528912896,30.76923076923077,-0.6641277155512213,939391,39.87827542848119,0.2161744745393932,94.87179487179486,1.6021615095321096,-571417,-24.257337477702507,0.3559772539386934,-53144,-2.2560265846396277,-1.8528746696680316,60278,2.558873447028968,-0.4116490945568785,,,,,,NORMAL,,SPY
2024-02-20,S&P 500 Consolidated - CHICAGO MERCANTILE EXCHANGE,13874+,2341883,296068,853958,1179284,232485,150669,563369,125798,174498,267874,195384,ES,2024-02-23 15:30:00-05:00,-412700,-17.6225712386144,-1.69870152304593,21.794871794871796,-0.8912543415832062,946799,40.42896250581263,0.550687077331439,95.51282051282051,1.646159242108635,-557890,-23.822283179817266,0.43505429788524097,-48700,-2.079523187110543,0.17650339752908462,72490,3.0953723990481166,0.5364989520191488,2024-03-01,523.0700073242188,464.28400268554685,0.14607803312735304,1177.9197913001408,NORMAL,,SPY
2024-02-27,S&P 500 Consolidated - CHICAGO MERCANTILE EXCHANGE,13874+,2365269,267718,841705,1176202,234510,167675,595974,140230,158093,269395,190937,ES,2024-03-01 15:30:00-05:00,-428299,-18.1078346691222,-0.4852634305078034,21.153846153846153,-0.9472672553925241,941692,39.81331510284877,-0.6156474029638588,93.58974358974359,1.553636599791132,-573987,-24.26730321160088,-0.4450200317836135,-17863,-0.7552206535493425,1.3243025335612004,78458,3.3170857099129107,0.22171331086479418,2024-03-01,523.0700073242188,464.28400268554685,0.14607803312735304,1177.9197913001408,NORMAL,,SPY
2024-03-05,S&P 500 Consolidated - CHICAGO MERCANTILE EXCHANGE,13874+,2401166,290168,828407,1158454,238455,181513,582809,123036,182369,270427,191559,ES,2024-03-08 15:30:00-05:00,-401296,-16.712547154174263,1.3952875149479382,28.846153846153843,-0.7437021678747026,919999,38.31467711936617,-1.4986379834825954,92.3076923076923,1.3602038787990371,-538239,-22.41573468889698,1.8515685227039,-59333,-2.4710078353599876,-1.715787181810645,78868,3.284570912631613,-0.0325147972812978,,,,,,NORMAL,,SPY
2024-03-12,S&P 500 Consolidated - CHICAGO MERCANTILE EXCHANGE,13874+,2704540,284965,779603,1147222,231086,154339,639270,131494,154255,296848,210655,ES,2024-03-15 15:30:00-04:00,-484931,-17.93025801060439,-1.217710856430127,21.794871794871796,-0.901012772283744,916136,33.874004451773686,-4.440672667592487,79.48717948717949,0.8390685000937251,-494638,-18.289173020180883,4.126561668716096,-22761,-0.841584890591376,1.6294229447686117,86193,3.1869744947384766,-0.09759641789313633,,,,,,NORMAL,,SPY
2024-03-19,S&P 500 Consolidated - CHICAGO MERCANTILE EXCHANGE,13874+,2111429,197047,819167,1167000,218215,114319,544704,146696,121878,266745,187844,ES,2024-03-22 15:30:00-04:00,-430385,-20.383588555428574,-2.4533305448241833,10.256410256410255,-1.2275299146901373,948785,44.935681000876656,11.06167654910297,100.0,2.079909105164448,-622120,-29.46440538611528,-11.175232365934399,24818,1.175412481310051,2.016997371901427,78901,3.736853098067707,0.5498786033292302,,,,,,NORMAL,,SPY
2024-03-26,S&P 500 Consolidated - CHICAGO MERCANTILE EXCHANGE,13874+,2128826,212819,806878,1164898,210054,117757,571262,138498,134778,276585,187583,ES,2024-03-29 15:30:00-04:00,-453505,-21.303056238508926,-0.9194676830803523,6.41025641025641,-1.3378733199569306,954844,44.85307864522512,-0.08260235565153806,99.35897435897436,2.0314825499663396,-594059,-27.90547466068152,1.5589307254337612,3720,0.17474420173372554,-1.0006682795763255,89002,4.180802000727161,0.4439489026594545,2024-04-01,501.9800109863281,470.15400390625,0.056110777313171566,1130.4264849797678,EXTREME_SHORT,short,SPY
2024-04-02,S&P 500 Consolidated - CHICAGO MERCANTILE EXCHANGE,13874+,2110281,189385,849698,1140332,203756,151898,515220,120113,124099,281985,190939,ES,2024-04-05 15:30:00-04:00,-363322,-17.216759284663986,4.08629695384494,27.564102564102566,-0.7612196883707943,936576,44.381577619283874,-0.47150102594124377,98.71794871794873,1.9424732837075622,-660313,-31.290287881092613,-3.3848132204110932,-3986,-0.18888479780654804,-0.3636289995402736,91046,4.31440173133341,0.13359973060624863,,,,,,UNWINDING_SHORT,short,SPY
2024-04-09,S&P 500 Consolidated - CHICAGO MERCANTILE EXCHANGE,13874+,2115693,162869,887885,1144099,197154,153065,486131,136463,119090,288646,194882,ES,2024-04-12 15:30:00-04:00,-333066,-15.742643190670858,1.4741160939931284,35.8974358974359,-0.5518671658691362,946945,44.75814780310754,0.3765701838236666,98.71794871794873,1.950147451261041,-725016,-34.26848791388921,-2.9782000327965967,17373,0.8211493822591462,1.0100341800656942,93764,4.43183391919338,0.11743218785997023,,,,,,UNWINDING_SHORT,short,SPY
2024-04-16,S&P 500 Consolidated - CHICAGO MERCANTILE EXCHANGE,13874+,2124352,147195,870919,1087794,222601,222141,416715,120417,170171,293240,190380,ES,2024-04-19 15:30:00-04:00,-194574,-9.159216551682583,6.583426638988275,62.82051282051282,0.35192866136402684,865193,40.72738416232338,-4.0307636407841585,93.58974358974359,1.482808688294692,-723724,-34.067988732564096,0.2004991813251138,-49754,-2.3420789021781703,-3.1632282844373165,102860,4.841947097279547,0.4101131780861671,,,,,,UNWINDING_SHORT,short,SPY
2024-04-23,S&P 500 Consolidated - CHICAGO MERCANTILE EXCHANGE,13874+,2092629,163097,857451,1088443,244272,194277,392951,106666,169396,294662,183075,ES,2024-04-26 15:30:00-04:00,-198674,-9.493990573579932,-0.33477402189734917,61.53846153846154,0.3073381595200936,844171,40.340213195936784,-0.38717096638659854,91.66666666666666,1.4236434823464454,-694354,-33.180941294419604,0.8870474381444922,-62730,-2.9976646600998076,-0.6555857579216373,111587,5.332383332162557,0.4904362348830098,2024-05-01,527.3699951171875,477.11200256347655,0.09213467069354431,1187.6030854152007,NORMAL,,SPY
2024-04-30,S&P 500 Consolidated - CHICAGO MERCANTILE EXCHANGE,13874+,2031800,147564,828231,1069340,241957,169983,359038,106727,162169,285903,188122,ES,2024-05-03 15:30:00-04:00,-189055,-9.30480362240378,0.18918695117615236,63.46153846153846,0.3348919338175051,827383,40.721675361748204,0.38146216581142056,92.94871794871796,1.4474519810016453,-680667,-33.500689044197266,-0.31974774977766174,-55442,-2.7287134560488235,0.26895120405098405,97781,4.812530760901663,-0.5198525712608939,,,,,,NORMAL,,SPY
2024-05-07,S&P 500 Consolidated - CHICAGO MERCANTILE EXCHANGE,13874+,2056976,169692,816849,1076754,211695,162959,415080,103584,164090,286300,191576,ES,2024-05-10 15:30:00-04:00,-252121,-12.256876113284743,-2.9520724908809637,57.692307692307686,-0.06702997132118488,865059,42.05489028554538,1.333214923797179,96.7948717948718,1.572236918297938,-647157,-31.461572716453666,2.0391163277435993,-60506,-2.941502477423169,-0.2127890213743453,94724,4.605012406561865,-0.20751835433979782,,,,,,NORMAL,,SPY
2024-05-14,S&P 500 Consolidated - CHICAGO MERCANTILE EXCHANGE,13874+,2107573,178652,849984,1109863,188065,160172,443822,114012,168967,284049,195911,ES,2024-05-17 15:30:00-04:00,-283650,-13.458608551162877,-1.2017324378781336,48.717948717948715,-0.22643494241378237,921798,43.73741739906518,1.6825271135197966,97.43589743589743,1.7288830932872337,-671332,-31.85332133216738,-0.39174861571371267,-54955,-2.607501614416203,0.33400086300696596,88138,4.181966650739974,-0.4230457558218914,,,,,,NORMAL,,SPY
2024-05-21,S&P 500 Consolidated - CHICAGO MERCANTILE EXCHANGE,13874+,2176057,196185,887508,1130648,184325,168594,492963,137783,173080,294644,189977,ES,2024-05-24 15:30:00-04:00,-324369,-14.906273135308496,-1.4476645841456186,40.38461538461539,-0.4186521756632325,946323,43.48796929492196,-0.2494481041432195,96.7948717948718,1.6776853018098652,-691323,-31.769526257814018,0.08379507435336109,-35297,-1.6220622897286239,0.985439324687579,104667,4.8099383426077535,0.6279716918677796,,,,,,NORMAL,,SPY
2024-05-28,S&P 500 Consolidated - CHICAGO MERCANTILE EXCHANGE,13874+,2207528,200232,898109,1143395,166011,175982,506487,129289,176511,295438,197218,ES,2024-05-31 15:30:00-04:00,-330505,-14.9717240279625,-0.06545089265400428,40.38461538461539,-0.4195457946017,977384,44.27504430294882,0.7870750080268607,97.43589743589743,1.734214470324859,-697877,-31.61350614805339,0.15602010976062886,-47222,-2.1391348150510434,-0.5170725253224195,98220,4.449320688118112,-0.36061765448964156,2024-06-01,544.219970703125,486.4989990234375,0.07113050127141562,1225.5481395144266,NORMAL,,SPY
2024-06-04,S&P 500 Consolidated - CHICAGO MERCANTILE EXCHANGE,13874+,2189450,211791,926436,1122228,164812,159209,493896,100327,109268,294041,193183,ES,2024-06-07 15:30:00-04:00,-334687,-15.286350453310192,-0.3146264253476918,37.17948717948718,-0.45479042206888376,957416,43.728607641188425,-0.5464366617603957,96.15384615384616,1.6521108621257117,-714645,-32.640389138824816,-1.0268829907714263,-8941,-0.40836739820502865,1.7307674168460148,100858,4.606545022722601,0.15722433460448926,,,,,,NORMAL,,SPY
2024-06-11,S&P 500 Consolidated - CHICAGO MERCANTILE EXCHANGE,13874+,2296554,231297,956194,1138374,164489,157028,511028,121617,126452,303133,193287,ES,2024-06-14 15:30:00-04:00,-354000,-15.414399138883736,-0.12804868557354432,37.17948717948718,-0.46369671946127544,973885,42.40636187958132,-1.3222457616071068,94.23076923076923,1.4946501088533757,-724897,-31.56455280389662,1.0758363349281943,-4835,-0.21053282439690074,0.1978345738081279,109846,4.783079344095545,0.17653432137294356,,,,,,NORMAL,,SPY
2024-06-18,S&P 500 Consolidated - CHICAGO MERCANTILE EXCHANGE,13874+,2626904,210678,928414,1147347,177191,169695,527840,138474,123182,304838,214405,ES,2024-06-21 15:30:00-04:00,-358145,-13.633730048757016,1.78066909012672,51.28205128205128,-0.2078565691994366,970156,36.931536135313664,-5.474825744267655,82.6923076923077,0.926193925014108,-717736,-27.322505885255037,4.242046918641584,15292,0.5821301425556472,0.792662966952548,90433,3.4425696561427443,-1.3405096879528005,,,,,,NORMAL,,SPY
2024-06-25,S&P 500 Consolidated - CHICAGO MERCANTILE EXCHANGE,13874+,1986672,126570,923404,1148712,172082,134364,424451,114189,114532,272497,161863,ES,2024-06-28 15:30:00-04:00,-290087,-14.601655431797498,-0.9679253830404821,42.94871794871795,-0.3370978452527676,976630,49.15909621719136,12.227560081877698,100.0,2.1531378299877875,-796834,-40.108986284600576,-12.786480399345539,-343,-0.01726505432200182,-0.5993951968776491,110634,5.568810553528715,2.126240897385971,2024-07-01,550.8099975585938,498.8319976806641,0.053033035436842964,1240.3884533339199,NORMAL,,SPY
2024-07-02,S&P 500 Consolidated - CHICAGO MERCANTILE EXCHANGE,13874+,2047732,129826,931542,1139133,188459,174079,451285,130471,111672,277015,167566,ES,2024-07-05 15:30:00-04:00,-277206,-13.53722069098886,1.0644347408086379,52.56410256410257,-0.18299748101382707,950674,46.42570414487833,-2.7333920723130305,99.35897435897436,1.8483596862419829,-801716,-39.15141239185596,0.9575738927446125,18799,0.9180400560229561,0.935305110344958,109449,5.344888881943535,-0.22392167158518017,,,,,,NORMAL,,SPY
2024-07-09,S&P 500 Consolidated - CHICAGO MERCANTILE EXCHANGE,13874+,2059456,131387,902976,1166148,186462,155137,480425,133045,113464,272114,174504,ES,2024-07-12 15:30:00-04:00,-325288,-15.794850679014264,-2.2576299880254034,35.8974358974359,-0.49259437238610887,979686,47.5701350259486,1.1444308810702708,99.35897435897436,1.9379477602365511,-771589,-37.46567054600827,1.6857418458476943,19581,0.9507850616861928,0.03274500566323668,97610,4.739601137387737,-0.605287744555798,,,,,,NORMAL,,SPY
2024-07-16,S&P 500 Consolidated - CHICAGO MERCANTILE EXCHANGE,13874+,2102256,125433,897063,1179373,174757,178519,531786,133679,116873,276211,172735,ES,2024-07-19 15:30:00-04:00,-353267,-16.804185598709196,-1.0093349196949326,31.41025641025641,-0.6261034382679439,1004616,47.78751969312967,0.21738466718106508,99.35897435897436,1.9322196447397242,-771630,-36.704854213758935,0.760816332249334,16806,0.7994269013859396,-0.15135816030025318,103476,4.922140785898578,0.1825396485108408,,,,,,NORMAL,,SPY
2024-07-23,S&P 500 Consolidated - CHICAGO MERCANTILE EXCHANGE,13874+,2058317,130547,915154,1168133,170472,196230,472365,92684,138839,269649,160414,ES,2024-07-26 15:30:00-04:00,-276135,-13.415572042595965,3.3886135561132313,55.12820512820513,-0.14403091536653642,997661,48.46974494210561,0.6822252489759464,99.35897435897436,1.9690310857571238,-784607,-38.11886118610496,-1.414006972346023,-46155,-2.2423659718109503,-3.04179287319689,109235,5.30700567502479,0.3848648891262121,2024-08-01,563.6799926757812,513.379995727539,0.12291322430990899,1269.370849093948,NORMAL,,SPY
2024-07-30,S&P 500 Consolidated - CHICAGO MERCANTILE EXCHANGE,13874+,2058295,132078,909637,1148334,199145,201842,449053,101006,139145,269832,156112,ES,2024-08-02 15:30:00-04:00,-247211,-12.010474689002306,1.4050973535936588,65.38461538461539,0.058285609728438166,949189,46.11530417165664,-2.3544407704489743,96.7948717948718,1.71283959012203,-777559,-37.77684928545228,0.34201190065267895,-38139,-1.8529413908113268,0.3894245809996235,113720,5.524961193609274,0.2179555185844837,,,,,,NORMAL,,SPY
2024-08-06,S&P 500 Consolidated - CHICAGO MERCANTILE EXCHANGE,13874+,2037394,140461,892247,1110751,220066,223745,437494,98279,111346,257380,169462,ES,2024-08-09 15:30:00-04:00,-213749,-10.491294271014835,1.5191804179874708,68.58974358974359,0.2766817212977351,890685,43.71687557733065,-2.398428594325992,91.66666666666666,1.463012054703907,-751786,-36.89939206653205,0.8774572189202274,-13067,-0.6413585197561198,1.211582871055207,87918,4.315218362280443,-1.209742831328831,,,,,,NORMAL,,SPY
2024-08-13,S&P 500 Consolidated - CHICAGO MERCANTILE EXCHANGE,13874+,2046062,152829,875435,1134539,183065,174872,453937,114160,137518,257741,184187,ES,2024-08-16 15:30:00-04:00,-279065,-13.639127260073252,-3.1478329890584167,53.205128205128204,-0.16153088653876657,951474,46.50269639922935,2.785820821898703,97.43589743589743,1.7077684426960316,-722606,-35.31691610518156,1.5824759613504895,-23358,-1.1416076345682584,-0.5002491148121386,73554,3.59490572621944,-0.7203126360610028,,,,,,NORMAL,,SPY
2024-08-20,S&P 500 Consolidated - CHICAGO MERCANTILE EXCHANGE,13874+,2066099,150826,860126,1131607,161563,184176,539003,92180,91490,268764,175371,ES,2024-08-23 15:30:00-04:00,-354827,-17.173765632721373,-3.5346383726481214,28.205128205128204,-0.6530830770434221,970044,46.95050914791595,0.4478127486866015,97.43589743589743,1.724948837059399,-709300,-34.33039752693361,0.9865185782479529,690,0.03339626997544648,1.1750039045437048,93393,4.520257741763585,0.9253520155441448,,,,,,NORMAL,,SPY
2024-08-27,S&P 500 Consolidated - CHICAGO MERCANTILE EXCHANGE,13874+,2113787,142487,898958,1149366,164950,208172,551392,99684,100024,278162,162547,ES,2024-08-30 15:30:00-04:00,-343220,-16.23720838476157,0.9365572479598043,35.256410256410255,-0.511249512705837,984416,46.57120135567113,-0.37930779224482336,96.7948717948718,1.6639011307415557,-756471,-35.787475275418004,-1.4570777484843944,-340,-0.016084875155349145,-0.04948114513079563,115615,5.469567179663798,0.9493094379002134,2024-09-01,573.760009765625,525.1159973144531,0.08796483508343914,1292.0703949683323,NORMAL,,SPY
2024-09-03,S&P 500 Consolidated - CHICAGO MERCANTILE EXCHANGE,13874+,2120935,148873,933443,1158488,167953,224272,495136,90710,125973,273707,173546,ES,2024-09-06 15:30:00-04:00,-270864,-12.770971293321105,3.4662370914404637,63.46153846153846,-0.011531579941696018,990535,46.70275138087683,0.1315500252057049,96.7948717948718,1.6519618196737755,-784570,-36.991704130489616,-1.2042288550716123,-35263,-1.6626157803044412,-1.6465309051490922,100161,4.7224926742215105,-0.7470745054422876,,,,,,NORMAL,,SPY
2024-09-10,S&P 500 Consolidated - CHICAGO MERCANTILE EXCHANGE,13874+,2169815,151318,928670,1160479,175557,232210,486419,105451,135974,265933,188771,ES,2024-09-13 15:30:00-04:00,-254209,-11.715699264683856,1.0552720286372494,69.87179487179486,0.14603578607161874,984922,45.39198042229407,-1.310770958582765,93.58974358974359,1.509768424562822,-777352,-35.82572707811495,1.1659770523746644,-30523,-1.4067097886225324,0.25590599168190886,77162,3.556155709127276,-1.1663369650942346,,,,,,NORMAL,,SPY
2024-09-17,S&P 500 Consolidated - CHICAGO MERCANTILE EXCHANGE,13874+,2597333,152506,882970,1182111,160886,195393,548948,94512,118832,286223,199110,ES,2024-09-20 15:30:00-04:00,-353555,-13.612232239762864,-1.8965329750790083,55.769230769230774,-0.11652430538443292,1021225,39.31821603159857,-6.0737643906955014,76.28205128205127,0.943185872925797,-730464,-28.12361757233285,7.702109505782101,-24320,-0.9363450893666696,0.4703646992558628,87113,3.3539403688321827,-0.20221534029509325,,,,,,NORMAL,,SPY
2024-09-24,S&P 500 Consolidated - CHICAGO MERCANTILE EXCHANGE,13874+,2055631,116835,975008,1219333,148938,167965,488161,116387,102076,261465,167803,ES,2024-09-27 15:30:00-04:00,-320196,-15.5765310019162,-1.9642987621533354,39.1025641025641,-0.39156943097130437,1070395,52.071359110657504,12.753143079058937,100.0,2.081035380435066,-858173,-41.747424513446234,-13.623806941113383,14311,0.6961852589302263,1.6325303482968958,93662,4.556362498911526,1.2024221300793436,2024-10-01,568.6400146484375,534.4489990234375,0.044871642460606743,1280.5404974489795,NORMAL,,SPY
2024-10-01,S&P 500 Consolidated - CHICAGO MERCANTILE EXCHANGE,13874+,2092048,126664,1017988,1218052,164182,174674,474796,138692,85339,260992,176769,ES,2024-10-04 15:30:00-04:00,-300122,-14.345846749214168,1.2306842527020319,47.43589743589743,-0.2035040032520071,1053870,50.37503919604139,-1.6963199146161116,99.35897435897436,1.89315314778748,-891324,-42.605332191230794,-0.85790767778456,53353,2.5502760930915542,1.8540908341613278,84223,4.025863651312016,-0.5304988475995103,,,,,,NORMAL,,SPY
2024-10-08,S&P 500 Consolidated - CHICAGO MERCANTILE EXCHANGE,13874+,2144160,137521,1023511,1209625,161599,172526,499150,173390,98849,268146,178100,ES,2024-10-11 15:30:00-04:00,-326624,-15.233191552869188,-0.8873448036550204,42.94871794871795,-0.32310390986905063,1048026,48.878162077456906,-1.4968771185844858,98.07692307692307,1.7315412395195628,-885990,-41.32107678531453,1.2842554059162623,74541,3.4764663084844414,0.9261902153928872,90046,4.199593313931796,0.17372966261978018,,,,,,NORMAL,,SPY
2024-10-15,S&P 500 Consolidated - CHICAGO MERCANTILE EXCHANGE,13874+,2199693,138108,1059191,1224087,164183,187137,502109,178254,99946,277264,179421,ES,2024-10-18 15:30:00-04:00,-314972,-14.318907229327001,0.9142843235421871,48.717948717948715,-0.1778312626793125,1059904,48.184178428535255,-0.6939836489216518,96.7948717948718,1.6450413975815699,-921083,-41.873252312936394,-0.5521755276218627,78308,3.5599513204797213,0.08348501199527991,97843,4.448029793248422,0.24843647931662538,,,,,,NORMAL,,SPY
2024-10-22,S&P 500 Consolidated - CHICAGO MERCANTILE EXCHANGE,13874+,2201296,124710,1054714,1236284,165719,199213,494746,177583,113539,269332,178403,ES,2024-10-25 15:30:00-04:00,-295533,-13.42540939519265,0.8934978341343509,60.256410256410255,-0.03635142084132011,1070565,48.63339596310537,0.44921753457011704,97.43589743589743,1.661696949646126,-930004,-42.24802116571329,-0.37476885277689576,64044,2.909377021536404,-0.6505742989433174,90929,4.130703004048524,-0.3173267891998979,2024-11-01,602.5499877929688,546.4159973144531,0.09393437022513564,1356.9035615323717,NORMAL,,SPY
2024-10-29,S&P 500 Consolidated - CHICAGO MERCANTILE EXCHANGE,13874+,2184936,119243,1057053,1220228,170270,188520,474454,175733,110135,278478,170291,ES,2024-11-01 15:30:00-04:00,-285934,-13.086607571114211,0.3388018240784394,65.38461538461539,0.02410594896060827,1049958,48.05440525489076,-0.5789907082146115,95.51282051282051,1.5900417225428374,-937810,-42.921623333589636,-0.6736021678763464,65598,3.002284735113523,0.09290771357711902,108187,4.951495146768601,0.8207921427200775,2024-11-01,602.5499877929688,546.4159973144531,0.09393437022513564,1356.9035615323717,NORMAL,,SPY
2024-11-05,S&P 500 Consolidated - CHICAGO MERCANTILE EXCHANGE,13874+,2158810,127431,1075761,1175374,178221,238391,423283,142609,118012,278739,167267,ES,2024-11-08 15:30:00-05:00,-184892,-8.564533238219203,4.5220743328950075,82.6923076923077,0.7188341442813951,997153,46.18993797508813,-1.864467279802632,90.38461538461539,1.4108876735051097,-948330,-43.928367943450326,-1.0067446098606894,24597,1.1393777127213605,-1.8629070223921624,111472,5.163585493860043,0.2120903470914417,,,,,,NORMAL,,SPY
2024-11-12,S&P 500 Consolidated - CHICAGO MERCANTILE EXCHANGE,13874+,2255574,135195,1099598,1244257,160533,218884,487384,152075,128835,294240,168301,ES,2024-11-15 15:30:00-05:00,-268500,-11.903843544924706,-3.339310306705503,73.07692307692307,0.22299827019899612,1083724,48.04648395486027,1.856545979772143,94.87179487179486,1.5496353764231325,-964403,-42.75643361734086,1.171934326109465,23240,1.0303364021752335,-0.10904131054612698,125939,5.583456805230066,0.41987131137002276,,,,,,NORMAL,,SPY
2024-11-19,S&P 500 Consolidated - CHICAGO MERCANTILE EXCHANGE,13874+,2280743,125923,1098895,1249507,165200,231926,478807,132271,135315,298708,160118,ES,2024-11-22 15:30:00-05:00,-246881,-10.824586549207869,1.0792569957168379,76.28205128205127,0.40144267154487145,1084307,47.54183176271943,-0.5046521921408385,92.94871794871796,1.4871081405677116,-972972,-42.660308504728505,0.09612511261235568,-3044,-0.13346527863946092,-1.1638016808146945,138590,6.076528569856402,0.49307176462633606,,,,,,NORMAL,,SPY
2024-11-26,S&P 500 Consolidated - CHICAGO MERCANTILE EXCHANGE,13874+,2295861,148519,1065153,1268093,162484,167735,467372,125084,157395,306212,163239,ES,2024-11-29 15:30:00-05:00,-299637,-13.051182105536878,-2.226595556329009,66.02564102564102,0.07011872367245953,1105609,48.156617495571375,0.6147857328519422,95.51282051282051,1.5190575568236637,-916634,-39.92550071628901,2.734807788439497,-32311,-1.4073587207587916,-1.2738934421193306,142973,6.227424047013299,0.15089547715689733,2024-12-01,586.0800170898438,554.2160003662109,0.03973890275532024,1319.8142538265306,NORMAL,,SPY
2024-12-03,S&P 500 Consolidated - CHICAGO MERCANTILE EXCHANGE,13874+,2303238,155611,1032622,1259805,160784,161513,514085,133002,140002,302334,164772,ES,2024-12-06 15:30:00-05:00,-352572,-15.307666858570412,-2.2564847530335346,41.02564102564102,-0.2720228805693089,1099021,47.71634542326933,-0.4402720723020437,92.94871794871796,1.46097019565528,-877011,-38.077306817619366,1.848193898669642,-7000,-0.30391995963942936,1.1034387611193623,137562,5.972548212559883,-0.2548758344534159,,,,,,NORMAL,,SPY
2024-12-10,S&P 500 Consolidated - CHICAGO MERCANTILE EXCHANGE,13874+,2349247,155881,1054715,1250760,158951,187805,478394,126806,168680,306622,167135,ES,2024-12-13 15:30:00-05:00,-290589,-12.369452850211152,2.9382140083592603,73.07692307692307,0.21567270240247122,1091809,46.4748491750761,-1.2414962481932292,88.46153846153845,1.3388447483650787,-898834,-38.260514965007935,-0.1832081473885694,-41874,-1.782443480825984,-1.4785235211865546,139487,5.937519554137985,-0.03502865842189795,,,,,,NORMAL,,SPY
2024-12-17,S&P 500 Consolidated - CHICAGO MERCANTILE EXCHANGE,13874+,2623934,148073,1083034,1217852,174072,216575,464444,133990,139931,335633,190643,ES,2024-12-20 15:30:00-05:00,-247869,-9.446464735774605,2.9229881144365475,82.05128205128204,0.7178222900165853,1043780,39.77920176345899,-6.695647411617109,69.23076923076923,0.7760195279858965,-934961,-35.63203190324147,2.6284830617664667,-5941,-0.2264157558841038,1.5560277249418801,144990,5.525672520726512,-0.41184703341147344,,,,,,NORMAL,,SPY
2024-12-24,S&P 500 Consolidated - CHICAGO MERCANTILE EXCHANGE,13874+,2092944,133395,956946,1193250,149599,157251,489859,145636,158566,282984,157545,ES,2024-12-27 15:30:00-05:00,-332608,-15.891872883364295,-6.44540814758969,37.82051282051282,-0.34238892356076756,1043651,49.86521378498421,10.086012021525221,98.71794871794873,1.5875920470595146,-823551,-39.34892667935692,-3.7168947761154527,-12930,-0.6177900603169507,-0.39137430443284693,125439,5.993423617640988,0.46775109691447625,2025-01-01,601.8200073242188,562.0910003662109,0.04890546061245357,1355.2596927779732,NORMAL,,SPY
2024-12-31,S&P 500 Consolidated - CHICAGO MERCANTILE EXCHANGE,13874+,2069072,147317,957802,1159520,173554,152000,477736,147537,134857,292439,154864,ES,2025-01-03 15:30:00-05:00,-325736,-15.743096421970815,0.14877646139347966,39.1025641025641,-0.3074350205205339,985966,47.65257081435542,-2.2126429706287922,91.66666666666666,1.3877797092736162,-810485,-39.17142564396019,0.17750103539673034,12680,0.6128351260855108,1.2306251864024615,137575,6.649116125490075,0.6556925078490865,,,,,,NORMAL,,SPY
2025-01-07,S&P 500 Consolidated - CHICAGO MERCANTILE EXCHANGE,13874+,2081903,140308,941253,1158900,164602,149925,490740,157623,128522,282742,164383,ES,2025-01-10 15:30:00-05:00,-340815,-16.370359233835583,-0.6272628118647674,34.61538461538461,-0.40438904612007437,994298,47.75909348322184,0.10652266886641826,92.3076923076923,1.3797597539390434,-800945,-38.471773180594866,0.6996524633653252,29101,1.3978076788399845,0.7849725527544736,118359,5.685135186413584,-0.9639809390764906,,,,,,NORMAL,,SPY
2025-01-14,S&P 500 Consolidated - CHICAGO MERCANTILE EXCHANGE,13874+,2057030,137705,927968,1116343,187836,150826,451571,163161,116393,276068,160335,ES,2025-01-17 15:30:00-05:00,-300745,-14.620350699795337,1.750008534040246,49.358974358974365,-0.09223323173340839,928507,45.138233278075674,-2.6208602051461654,83.33333333333334,1.1549666887954155,-790263,-38.417670136069965,0.05410304452490067,46768,2.2735691749755715,0.8757614961355871,115733,5.6262183828140575,-0.058916803599526446,,,,,,NORMAL,,SPY
2025-01-21,S&P 500 Consolidated - CHICAGO MERCANTILE EXCHANGE,13874+,2048587,148958,911235,1115968,180614,136276,526690,186266,104822,286332,150439,ES,2025-01-24 15:30:00-05:00,-390414,-19.057721248841275,-4.437370549045939,17.307692307692307,-0.857086686792104,935354,45.658495343375705,0.5202620653000309,83.97435897435898,1.1842544895718123,-762277,-37.20989150082472,1.2077786352452478,81444,3.9756183164298124,1.702049141454241,135893,6.633499089860474,1.0072807070464167,,,,,,NORMAL,,SPY
2025-01-28,S&P 500 Consolidated - CHICAGO MERCANTILE EXCHANGE,13874+,2046711,141742,899446,1137316,170885,119780,518978,168958,114030,286120,150577,ES,2025-01-31 15:30:00-05:00,-399198,-19.504365784910522,-0.4466445360692468,15.384615384615385,-0.9402223265788853,966431,47.218732884124826,1.560237540749121,89.1025641025641,1.2929940257949974,-757704,-37.02056616688922,0.18932533393549988,54928,2.6837203689236047,-1.2918979475062078,135543,6.622478698751314,-0.011020391109160421,2025-02-01,594.1799926757812,571.3109985351563,0.04491414140655205,1338.0548744282196,NORMAL,,SPY
2025-02-04,S&P 500 Consolidated - CHICAGO MERCANTILE EXCHANGE,13874+,2085692,137287,903996,1109578,181663,174823,501357,175145,138696,278667,149789,ES,2025-02-07 15:30:00-05:00,-326534,-15.655907008321458,3.848458776589064,42.30769230769231,-0.22211460206175085,927915,44.489550710267864,-2.7291821738569624,79.48717948717949,1.0624839311611476,-766709,-36.760413330443804,0.260152836445414,36449,1.7475734672233485,-0.9361469017002562,128878,6.179148215556276,-0.4433304831950382,,,,,,NORMAL,,SPY
2025-02-11,S&P 500 Consolidated - CHICAGO MERCANTILE EXCHANGE,13874+,2111106,136167,897622,1120534,184514,190561,549376,192012,137850,284619,154532,ES,2025-02-14 15:30:00-05:00,-358815,-16.996541149520677,-1.340634141199219,30.76923076923077,-0.4659419312471051,936020,44.33789681806598,-0.1516538922018853,78.2051282051282,1.0378005036840527,-761455,-36.06900837759923,0.6914049528445716,54162,2.565574632443847,0.8180011652204984,130087,6.1620307080743455,-0.017117507481930083,,,,,,NORMAL,,SPY
2025-02-18,S&P 500 Consolidated - CHICAGO MERCANTILE EXCHANGE,13874+,2136225,148486,920086,1138446,185718,194000,550140,175021,130661,287994,157342,ES,2025-02-21 15:30:00-05:00,-356140,-16.671464850378587,0.3250762991420899,35.256410256410255,-0.39247870574132376,952728,44.59867289260261,0.2607760745366292,79.48717948717949,1.0452405824574698,-771600,-36.11979075237861,-0.050782374779380746,44360,2.0765602874229074,-0.48901434502093943,130652,6.116022422731688,-0.04600828534265755,,,,,,NORMAL,,SPY
2025-02-25,S&P 500 Consolidated - CHICAGO MERCANTILE EXCHANGE,13874+,2145543,140919,941217,1131624,208953,185543,523860,190421,114189,296714,157003,ES,2025-02-28 15:30:00-05:00,-338317,-15.768362600982595,0.9031022493959924,42.30769230769231,-0.19550170665677824,922671,43.00407868777275,-1.5945942048298605,73.71794871794873,0.9076678977919819,-800298,-37.30048756888117,-1.1806968165025538,76232,3.5530399530561727,1.4764796656332653,139711,6.511684920786952,0.3956624980552643,2025-03-01,559.3900146484375,574.5130004882812,-0.07162886734529429,1259.710096323012,NORMAL,,SPY
2025-03-04,S&P 500 Consolidated - CHICAGO MERCANTILE EXCHANGE,13874+,2202261,141264,1010425,1120326,207296,240489,528463,201762,89570,296240,164326,ES,2025-03-07 15:30:00-05:00,-287974,-13.076288414497645,2.69207418648495,73.07692307692307,0.3937621247820462,913030,41.45875534280451,-1.5453233449682386,69.23076923076923,0.7755735088837143,-869161,-39.46675711916072,-2.1662695502795515,112192,5.094400709089431,1.5413607560332583,131914,5.989934889642963,-0.5217500311439895,,,,,,NORMAL,,SPY
2025-03-11,S&P 500 Consolidated - CHICAGO MERCANTILE EXCHANGE,13874+,2308393,145410,1071348,1096672,247839,269887,461887,215671,77690,306470,175347,ES,2025-03-14 15:30:00-04:00,-192000,-8.317474537481269,4.758813877016376,94.23076923076923,1.4813554654917278,848833,36.77159825038458,-4.68715709241993,58.97435897435898,0.3988203095561826,-925938,-40.11180072024131,-0.6450436010805944,137981,5.977361740396891,0.8829610313074596,131123,5.6802719467612315,-0.30966294288173124,,,,,,EXTREME_LONG,long,SPY
2025-03-18,S&P 500 Consolidated - CHICAGO MERCANTILE EXCHANGE,13874+,2591482,134339,1041521,1070090,236328,238285,423487,215545,72420,305113,189614,ES,2025-03-21 15:30:00-04:00,-185202,-7.146567099443485,1.1709074380377844,94.87179487179486,1.786741841561358,833762,32.17317349686396,-4.598424753520618,46.794871794871796,0.029736147444762582,-907182,-35.00630141363127,5.105499306610042,143125,5.522901567520052,-0.45446017287683826,115499,4.45687062460785,-1.2234013221533813,,,,,,EXTREME_LONG,long,SPY
2025-03-25,S&P 500 Consolidated - CHICAGO MERCANTILE EXCHANGE,13874+,2084451,134217,993988,1119994,202623,167647,403415,184529,92855,257963,171469,ES,2025-03-28 15:30:00-04:00,-235768,-11.310795984170412,-4.164228884726927,83.97435897435898,0.8294889586193468,917371,44.01019740929386,11.837023912429899,76.28205128205127,0.9553171606394182,-859771,-41.246879873885256,-6.240578460253985,91674,4.397992564948757,-1.1249090025712958,86494,4.149485883813052,-0.30738474079479783,2025-04-01,554.5399780273438,575.5450012207032,-0.05381524389640645,1248.7881278589023,UNWINDING_LONG,long,SPY
2025-04-01,S&P 500 Consolidated - CHICAGO MERCANTILE EXCHANGE,13874+,2124617,138550,986673,1094327,206681,169150,432438,226480,76234,256433,182915,ES,2025-04-04 15:30:00-04:00,-263288,-12.392257051506224,-1.0814610673358125,78.84615384615384,0.5834036811010582,887646,41.779106540143474,-2.2310908691503855,69.87179487179486,0.7694883488313441,-848123,-39.9188653766773,1.3280144972079526,150246,7.071674565345189,2.6736820003964326,73518,3.4602942553881477,-0.6891916284249047,,,,,,UNWINDING_LONG,long,SPY
2025-04-08,S&P 500 Consolidated - CHICAGO MERCANTILE EXCHANGE,13874+,2349923,162071,963565,1089384,273950,214605,487023,297626,75983,260157,223321,ES,2025-04-11 15:30:00-04:00,-272418,-11.59263516293938,0.7996218885668434,83.33333333333334,0.7636050860762534,815434,34.700456142605525,-7.078650397537949,51.92307692307693,0.2063882831309879,-801494,-34.10724521611985,5.811620160557453,221643,9.43192606736476,2.3602515020195707,36836,1.5675407236747758,-1.892753531713372,,,,,,NORMAL,,SPY
2025-04-15,S&P 500 Consolidated - CHICAGO MERCANTILE EXCHANGE,13874+,2197559,174861,930129,1090526,276607,158122,391325,225570,75705,241935,217247,ES,2025-04-18 15:30:00-04:00,-233203,-10.611910760985257,0.9807244019541237,86.53846153846155,1.008568797914555,813919,37.03741287492168,2.3369567323161533,58.333333333333336,0.3837001009779889,-755268,-34.36849704604063,-0.26125182992078066,149865,6.819612124179601,-2.6123139431851587,24688,1.1234283129599705,-0.44411241071480534,,,,,,NORMAL,,SPY
2025-04-22,S&P 500 Consolidated - CHICAGO MERCANTILE EXCHANGE,13874+,2224655,179688,955718,1120304,304345,169005,421326,245899,68654,242674,207526,ES,2025-04-25 15:30:00-04:00,-252321,-11.342028314502699,-0.7301175535174416,83.97435897435898,0.8609025844997324,815959,36.67800175757589,-0.3594111173457861,56.41025641025641,0.3484879326591738,-776030,-34.88316165877406,-0.5146646127334265,177245,7.967302795264883,1.1476906710852823,35148,1.5799303712261001,0.45650205826612966,2025-05-01,589.3900146484375,579.4030029296875,-0.02065400372953177,1327.268154028853,NORMAL,,SPY
2025-04-29,S&P 500 Consolidated - CHICAGO MERCANTILE EXCHANGE,13874+,2150370,167505,917772,1112246,280078,147981,398154,207191,74567,246444,210795,ES,2025-05-02 15:30:00-04:00,-250173,-11.63395136650902,-0.2919230520063216,83.33333333333334,0.83997258085348,832168,38.69882857368732,2.0208268161114304,58.97435897435898,0.4993215551045427,-750267,-34.89013518603775,-0.006973527263696155,132624,6.167496756372159,-1.799806038892724,35649,1.6578077261122504,0.07787735488615022,,,,,,NORMAL,,SPY
2025-05-06,S&P 500 Consolidated - CHICAGO MERCANTILE EXCHANGE,13874+,2149796,189164,878566,1102134,283406,154731,414498,168609,71158,243181,210192,ES,2025-05-09 15:30:00-04:00,-259767,-12.083332558065974,-0.4493811915569541,80.76923076923077,0.7613616974738404,818728,38.08398564328895,-0.6148429303983747,57.692307692307686,0.4415056963501963,-689402,-32.068252057404514,2.821883128633239,97451,4.533034762368151,-1.6344619940040088,32989,1.534517693771874,-0.12329003234037628,,,,,,NORMAL,,SPY
2025-05-13,S&P 500 Consolidated - CHICAGO MERCANTILE EXCHANGE,13874+,2142617,191123,864880,1115694,256693,157321,443939,154895,110666,255972,198827,ES,2025-05-16 15:30:00-04:00,-286618,-13.377005783114761,-1.2936732250487868,69.87179487179486,0.4841532342309043,859001,40.09120622117719,2.0072205778882406,62.82051282051282,0.5920623109868992,-673757,-31.445517327641852,0.6227347297626622,44229,2.0642513337661375,-2.468783428602013,57145,2.6670655558132883,1.1325478620414142,,,,,,NORMAL,,SPY
2025-05-20,S&P 500 Consolidated - CHICAGO MERCANTILE EXCHANGE,13874+,2130048,185308,863494,1126011,250324,147979,443912,155496,100642,245679,202102,ES,2025-05-23 15:30:00-04:00,-295933,-13.89325498768103,-0.5162492045662681,60.256410256410255,0.3768834353293724,875687,41.111139279490416,1.019933058313228,67.3076923076923,0.6642560753046773,-678186,-31.839000811249324,-0.3934834836074721,54854,2.575247130581095,0.5109957968149574,43577,2.0458224415600026,-0.6212431142532857,,,,,,NORMAL,,SPY
2025-05-27,S&P 500 Consolidated - CHICAGO MERCANTILE EXCHANGE,13874+,2129520,164705,882554,1124498,265691,164254,420920,150305,79768,243370,198201,ES,2025-05-30 15:30:00-04:00,-256666,-12.052763063976858,1.840491923704171,82.6923076923077,0.8843960902152326,858807,40.32866561478643,-0.7824736647039856,62.17948717948718,0.5909586384461466,-717849,-33.70942747661445,-1.8704266653651267,70537,3.3123426875540027,0.7370955569729079,45169,2.121088320372666,0.07526587881266344,2025-06-01,617.8499755859375,584.8200012207031,0.03983638493710096,1391.3581434729065,NORMAL,,SPY
2025-06-03,S&P 500 Consolidated - CHICAGO MERCANTILE EXCHANGE,13874+,2140283,178879,869334,1085879,269554,158686,444233,171742,71688,251537,191912,ES,2025-06-06 15:30:00-04:00,-285547,-13.34155343008378,-1.2887903661069213,71.15384615384616,0.5513564165564524,816325,38.140984159571424,-2.1876814552150066,55.769230769230774,0.40322062670648934,-690455,-32.25998617939777,1.44944129721668,100054,4.674802350904063,1.36245966335006,59625,2.7858465445924674,0.6647582242198014,,,,,,NORMAL,,SPY
2025-06-10,S&P 500 Consolidated - CHICAGO MERCANTILE EXCHANGE,13874+,2241820,195791,806098,1091111,262328,148966,462641,113730,87030,256027,187528,ES,2025-06-13 15:30:00-04:00,-313675,-13.991979730754476,-0.6504263006706967,60.256410256410255,0.3850007717946162,828783,36.969203593508844,-1.17178056606258,53.84615384615385,0.29777352833307263,-610307,-27.223728934526413,5.036257244871358,26700,1.1909966009759927,-3.48380574992807,68499,3.05550847079605,0.2696619262035824,,,,,,NORMAL,,SPY
2025-06-17,S&P 500 Consolidated - CHICAGO MERCANTILE EXCHANGE,13874+,2473205,221285,796467,1087314,238150,151112,477994,115475,121998,272734,213312,ES,2025-06-20 15:30:00-04:00,-326882,-13.216939153850975,0.7750405769035016,73.07692307692307,0.6167949726064699,849164,34.33455779039748,-2.6346458031113613,44.230769230769226,0.06754722348490368,-575182,-23.25654363467646,3.9671852998499517,-6523,-0.2637468386162894,-1.454743439592282,59422,2.4026314033814424,-0.6528770674146074,,,,,,NORMAL,,SPY
2025-06-24,S&P 500 Consolidated - CHICAGO MERCANTILE EXCHANGE,13874+,1898304,138331,745827,1066737,223268,138406,413729,106536,130740,252272,188717,ES,2025-06-27 15:30:00-04:00,-275323,-14.503630609217492,-1.2866914553665172,54.48717948717948,0.274677313649367,843469,44.43276735443849,10.098209564041007,78.2051282051282,0.9057911001059978,-607496,-32.00203971545127,-8.745496080774807,-24204,-1.275032871447355,-1.0112860328310658,63555,3.3479885202791544,0.945357116897712,2025-07-01,632.0800170898438,590.652001953125,0.12994511975171755,1423.4032756421534,NORMAL,,SPY
2025-07-01,S&P 500 Consolidated - CHICAGO MERCANTILE EXCHANGE,13874+,1900931,121741,762388,1097414,255143,143778,447202,118286,96199,259483,179769,ES,2025-07-04 15:30:00-04:00,-303424,-15.961862897706439,-1.4582322884889471,39.743589743589745,-0.12319502414728858,842271,44.30834154422228,-0.12442581021620924,76.28205128205127,0.8865799443609705,-640647,-33.701749300737376,-1.699709585286108,22087,1.1619043510784979,2.436937222525853,79714,4.1934189089451435,0.8454303886659891,,,,,,NORMAL,,SPY
2025-07-08,S&P 500 Consolidated - CHICAGO MERCANTILE EXCHANGE,13874+,1915351,120318,735418,1104653,238924,147316,492728,112890,92467,256851,182490,ES,2025-07-11 15:30:00-04:00,-345412,-18.033874731054517,-2.0720118333480784,24.358974358974358,-0.6931502758437608,865729,45.19949607147724,0.8911545272549617,82.05128205128204,0.955120421421189,-615100,-32.11421822945246,1.5875310712849142,20423,1.0662797576005651,-0.09562459347793273,74361,3.882369341180807,-0.31104956776433657,,,,,,NORMAL,,SPY
2025-07-15,S&P 500 Consolidated - CHICAGO MERCANTILE EXCHANGE,13874+,1952930,146464,738098,1100376,232051,164743,509184,112170,112467,256833,188785,ES,2025-07-18 15:30:00-04:00,-344441,-17.63714009206679,0.3967346389877271,26.282051282051285,-0.5787134405485505,868325,44.462679153886725,-0.7368169175905166,77.56410256410257,0.8821650334615107,-591634,-30.294685421392472,1.8195328080599893,-297,-0.01520791835856892,-1.081487675959134,68048,3.4844054830434272,-0.39796385813737967,,,,,,NORMAL,,SPY
2025-07-22,S&P 500 Consolidated - CHICAGO MERCANTILE EXCHANGE,13874+,1937915,162730,740802,1095059,241731,146493,486440,103396,105592,254287,187399,ES,2025-07-25 15:30:00-04:00,-339947,-17.54189425232789,0.09524583973890088,27.564102564102566,-0.5537996272632202,853328,44.0333038342755,-0.4293753196112249,73.71794871794873,0.8353996951045971,-578072,-29.829584888914116,0.46510053247835614,-2196,-0.11331766357141568,-0.09810974521284675,66888,3.4515445723883658,-0.03286091065506147,2025-08-01,645.0499877929688,598.2929992675781,0.16321638358264956,1452.6108099489795,NORMAL,,SPY
2025-07-29,S&P 500 Consolidated - CHICAGO MERCANTILE EXCHANGE,13874+,1965169,135692,731302,1113916,239718,158368,522546,108534,100719,262022,184246,ES,2025-08-01 15:30:00-04:00,-364178,-18.53163773700888,-0.9897434846809894,21.153846153846153,-0.8337376505642231,874198,44.48462193327902,0.4513180990035224,77.56410256410257,0.8662536723785145,-595610,-30.30833480479287,-0.4787499158787547,7815,0.3976757215282757,0.5109933850996914,77776,3.9577257732032205,0.5061812008148547,2025-08-01,645.0499877929688,598.2929992675781,0.16321638358264956,1452.6108099489795,NORMAL,,SPY
2025-08-05,S&P 500 Consolidated - CHICAGO MERCANTILE EXCHANGE,13874+,1928385,121015,730249,1105164,255143,147105,478564,104714,91992,254623,176673,ES,2025-08-08 15:30:00-04:00,-331459,-17.188424510665662,1.3432132263432166,30.128205128205128,-0.47066475222274323,850021,44.07942397394711,-0.4051979593319146,73.07692307692307,0.819922609383914,-609234,-31.592965097737224,-1.2846302929443532,12722,0.6597230324857328,0.26204731095745715,77950,4.042242601970043,0.0845168287668221,,,,,,NORMAL,,SPY
2025-08-12,S&P 500 Consolidated - CHICAGO MERCANTILE EXCHANGE,13874+,1990230,134433,736157,1154745,266621,133667,525741,109910,77662,250187,176760,ES,2025-08-15 15:30:00-04:00,-392074,-19.699934178461785,-2.5115096677961226,12.82051282051282,-1.1932183692944252,888124,44.624189164066465,0.5447651901193566,78.84615384615384,0.8603697398687128,-601724,-30.23389256518091,1.3590725325563149,32248,1.6203152399471419,0.960592207461409,73427,3.6893725850781065,-0.3528700168919361,,,,,,NORMAL,,SPY
2025-08-19,S&P 500 Consolidated - CHICAGO MERCANTILE EXCHANGE,13874+,2001161,140077,751123,1144853,272944,142386,513362,110868,73366,255351,182741,ES,2025-08-22 15:30:00-04:00,-370976,-18.538038668552904,1.1618955099088808,19.230769230769234,-0.894925654660326,871909,43.570157523557576,-1.0540316405088888,68.58974358974359,0.7533102308811586,-611046,-30.53457467939861,-0.3006821142177003,37502,1.874012135955078,0.2536968960079362,72610,3.628393717447022,-0.06097886763108429,,,,,,NORMAL,,SPY
2025-08-26,S&P 500 Consolidated - CHICAGO MERCANTILE EXCHANGE,13874+,2043484,140192,718777,1137003,264192,130322,555910,113877,61327,259784,180972,ES,2025-08-29 15:30:00-04:00,-425588,-20.82658831681579,-2.2885496482628866,7.6923076923076925,-1.5767321444946472,872811,42.7119077027273,-0.8582498208302738,66.02564102564102,0.6641363652438351,-578585,-28.313654523353254,2.2209201560453558,52550,2.571588522347129,0.6975763863920508,78812,3.856746615094613,0.2283528976475906,2025-09-01,666.1799926757812,604.6559997558594,0.13028720561740065,1500.194212922238,EXTREME_SHORT,short,SPY
2025-09-02,S&P 500 Consolidated - CHICAGO MERCANTILE EXCHANGE,13874+,2022728,131768,733507,1126072,263943,131317,516857,120253,64650,255238,185690,ES,2025-09-05 15:30:00-04:00,-385540,-19.06039764120534,1.7661906756104493,15.384615384615385,-1.0632666846735532,862129,42.62209254037122,-0.08981516235608211,65.38461538461539,0.6462786220737206,-601739,-29.74888368579463,-1.4352291624413773,55603,2.748911371177934,0.17732284883080496,69548,3.4383268536352887,-0.41841976145932414,,,,,,UNWINDING_SHORT,short,SPY
2025-09-09,S&P 500 Consolidated - CHICAGO MERCANTILE EXCHANGE,13874+,2063255,126459,735515,1151913,262857,120061,540571,125042,63412,265348,186468,ES,2025-09-12 15:30:00-04:00,-420510,-20.38090299066281,-1.32050534945747,8.974358974358974,-1.4508098169986532,889056,43.089971913311736,0.46787937294051574,67.3076923076923,0.6820872797317138,-609056,-29.51918206910925,0.22970161668538225,61630,2.98702777892214,0.23811640774420617,78880,3.823085367538186,0.3847585139028973,,,,,,EXTREME_SHORT,short,SPY
2025-09-16,S&P 500 Consolidated - CHICAGO MERCANTILE EXCHANGE,13874+,2467095,155035,719372,1163037,264644,120809,598620,121664,63283,296337,210963,ES,2025-09-19 15:30:00-04:00,-477811,-19.367353101522237,1.0135498891405739,12.82051282051282,-1.153943151563347,898393,36.41501441979332,-6.674957493518413,43.58974358974359,0.026925725113671757,-564337,-22.874554891481683,6.644627177627566,58381,2.366386377500664,-0.6206414014214761,85374,3.4605071957099343,-0.3625781718282517,,,,,,UNWINDING_SHORT,short,SPY
2025-09-23,S&P 500 Consolidated - CHICAGO MERCANTILE EXCHANGE,13874+,1963507,160173,751992,1156024,240181,113786,566058,119319,74811,258225,174485,ES,2025-09-26 15:30:00-04:00,-452272,-23.03388783436983,-3.666534732847591,1.9230769230769231,-2.208728015362634,915843,46.6432256162061,10.22821119641278,87.17948717948718,1.019829919122219,-591819,-30.14091622795335,-7.266361336471668,44508,2.2667604444496505,-0.09962593305101342,83740,4.264818001667424,0.8043108059574902,2025-10-01,682.0599975585938,614.2539978027344,0.10392494053554462,1535.954955796974,EXTREME_SHORT,short,SPY
2025-09-30,S&P 500 Consolidated - CHICAGO MERCANTILE EXCHANGE,13874+,1955078,154152,778870,1157476,219515,117682,555746,121283,82879,253734,167318,ES,2025-10-03 15:30:00-04:00,-438064,-22.40647176225194,0.6274160721178887,2.564102564102564,-1.9804294192202987,937961,47.97563063980056,1.3324050235944611,92.94871794871796,1.1496982415448485,-624718,-31.953610034996046,-1.8126938070426952,38404,1.9643206051114073,-0.30243983933824325,86416,4.4200794034816,0.15526140181417603,,,,,,EXTREME_SHORT,short,SPY
2025-10-07,S&P 500 Consolidated - CHICAGO MERCANTILE EXCHANGE,13874+,1965775,156944,753571,1161814,210643,132281,594558,97321,85244,262560,166905,ES,2025-10-10 15:30:00-04:00,-462277,-23.516272208162174,-1.1098004459102349,1.9230769230769231,-2.2570130211883828,951171,48.386565095191465,0.4109344553909011,95.51282051282051,1.1911723233849494,-596627,-30.35072681258028,1.602883222415766,12077,0.614363291831466,-1.3499573132799414,95655,4.866019763197721,0.4459403597161202,,,,,,EXTREME_SHORT,short,SPY
2025-10-14,S&P 500 Consolidated - CHICAGO MERCANTILE EXCHANGE,13874+,1943899,138888,743679,1133830,209825,141062,562289,99647,90521,263959,171074,ES,2025-10-17 15:30:00-04:00,-421227,-21.66918137207746,1.847090836084714,4.487179487179487,-1.69163134971726,924005,47.53359099418231,-0.8529741010091527,87.82051282051282,1.1039476745240782,-604791,-31.112264577532063,-0.7615377649517825,9126,0.4694688355722185,-0.14489445625924746,92885,4.778283233851141,-0.0877365293465795,,,,,,EXTREME_SHORT,short,SPY
2025-10-21,S&P 500 Consolidated - CHICAGO MERCANTILE EXCHANGE,13874+,1900748,129513,707672,1117981,213312,125008,568247,101291,76336,259935,168161,ES,2025-10-24 15:30:00-04:00,-443239,-23.319188024924923,-1.6500066528474626,2.564102564102564,-2.127102640011453,904669,47.59542032925985,0.06182933507754029,89.1025641025641,1.111063724596262,-578159,-30.417446184344268,0.6948183931877949,24955,1.3129041829848038,0.8434353474125853,91774,4.828309697024539,0.050026463173398206,,,,,,EXTREME_SHORT,short,SPY
2025-10-28,S&P 500 Consolidated - CHICAGO MERCANTILE EXCHANGE,13874+,1947747,137842,708674,1134568,225808,141643,592852,92627,75547,264692,168491,ES,2025-10-31 15:30:00-04:00,-451209,-23.165688356855384,0.1534996680695393,3.205128205128205,-2.0524085375015186,908760,46.65698368422593,-0.9384366450339243,84.61538461538461,1.0062085244936558,-570832,-29.307297097620996,1.110149086723272,17080,0.8769106049194274,-0.4359935780653764,96201,4.939091165331021,0.11078146830648183,2025-11-01,683.3900146484375,622.4109985351563,0.08117642730556462,1538.9500681738214,EXTREME_SHORT,short,SPY
2025-11-04,S&P 500 Consolidated - CHICAGO MERCANTILE EXCHANGE,13874+,1977017,128424,747017,1124077,221725,167978,576026,88210,61957,270288,172252,ES,2025-11-07 15:30:00-05:00,-408048,-20.63957973047273,2.526108626382655,11.538461538461538,-1.334060610314855,902352,45.6420961478834,-1.0148875363425276,78.84615384615384,0.8885028121762985,-618593,-31.289209956211806,-1.9819128585908103,26253,1.3279096740189893,0.4509990690995619,98036,4.958783864782144,0.01969269945112284,,,,,,UNWINDING_SHORT,short,SPY
2025-11-10,S&P 500 Consolidated - CHICAGO MERCANTILE EXCHANGE,13874+,2005108,133929,752140,1129384,223847,168555,589557,90833,57034,269860,169983,ES,2025-11-13 15:30:00-05:00,-421002,-20.99647500284274,-0.35689527237001073,8.974358974358974,-1.4162598703731044,905537,45.16150750981992,-0.4805886380634803,76.92307692307693,0.82914989801369,-618211,-30.831805568577852,0.45740438763395375,33799,1.6856448630198473,0.357735189000858,99877,4.981128198580825,0.022344333798680616,,,,,,EXTREME_SHORT,short,SPY
2025-11-18,S&P 500 Consolidated - CHICAGO MERCANTILE EXCHANGE,13874+,2064107,134893,811977,1133330,219379,195759,552811,89485,61046,274550,182805,ES,2025-11-21 15:30:00-05:00,-357052,-17.298134253699057,3.698340749143682,32.69230769230769,-0.421953484323322,913951,44.278276271530494,-0.8832312382894258,67.94871794871796,0.718706100995577,-677084,-32.802756833826926,-1.9709512652490737,28439,1.3777871011531864,-0.3078577618666609,91745,4.444779267741449,-0.5363489308393756,,,,,,UNWINDING_SHORT,short,SPY
2025-11-25,S&P 500 Consolidated - CHICAGO MERCANTILE EXCHANGE,13874+,2100665,147568,834479,1134473,226713,199433,577772,98737,59311,293049,174985,ES,2025-11-28 15:30:00-05:00,-378339,-18.01043955128495,-0.7123052975858926,26.923076923076923,-0.6165199556865365,907760,43.212982555524086,-1.0652937160064084,61.53846153846154,0.584392181864092,-686911,-32.69969271635411,0.10306411747281885,39426,1.8768342405857192,0.49904713943253287,118064,5.620315471529254,1.1755362037878045,2025-12-01,681.9199829101562,631.1849975585938,0.05715835332907729,1535.6396518736806,NORMAL,,SPY
2025-12-02,S&P 500 Consolidated - CHICAGO MERCANTILE EXCHANGE,13874+,2102168,154061,810713,1158581,215431,174773,615460,93746,60825,292985,171716,ES,2025-12-05 15:30:00-05:00,-440687,-20.963452968554368,-2.9530134172694176,10.256410256410255,-1.4087590000451446,943150,44.86558638510338,1.6526038295792915,75.0,0.7719175096555819,-656652,-31.23689448226783,1.4627982340862786,32921,1.5660499065726432,-0.31078433401307604,121269,5.7687587290834985,0.14844325755424492,,,,,,NORMAL,,SPY
2025-12-09,S&P 500 Consolidated - CHICAGO MERCANTILE EXCHANGE,13874+,2172273,158005,821917,1170947,207956,163825,612587,92082,63226,286826,165998,ES,2025-12-12 15:30:00-05:00,-448762,-20.658637289143677,0.3048156794106909,12.82051282051282,-1.317993027489951,962991,44.33103021581542,-0.5345561692879599,67.94871794871796,0.6987275175660631,-663912,-30.56300934551044,0.6738851367573879,28856,1.3283781550477312,-0.23767175152491204,120828,5.56228429852049,-0.2064744305630084,,,,,,UNWINDING_SHORT,short,SPY
2025-12-16,S&P 500 Consolidated - CHICAGO MERCANTILE EXCHANGE,13874+,2504363,164997,895001,1170231,198182,207305,595952,86666,63768,315406,191700,ES,2025-12-19 15:30:00-05:00,-388647,-15.518796596180346,5.139840692963331,48.07692307692308,0.05714370077117377,972049,38.81422142077646,-5.516808795038955,41.66666666666667,0.012849997627701016,-730004,-29.149288661428077,1.4137206840823637,22898,0.9143243211946511,-0.41405383385308003,123706,4.9396193762645435,-0.6226649222559466,,,,,,NORMAL,,SPY
2025-12-23,S&P 500 Consolidated - CHICAGO MERCANTILE EXCHANGE,13874+,1923191,128425,840342,1153485,213951,162773,533940,78275,65453,272575,141847,ES,2025-12-26 15:30:00-05:00,-371167,-19.29953915133754,-3.780742555157195,19.230769230769234,-0.9470959574873592,939534,48.852870047748766,10.038648626972304,96.7948717948718,1.249137625770246,-711917,-37.01748812260457,-7.868199461176491,12822,0.6667044510919612,-0.24761987010268993,130728,6.797452775101381,1.8578333988368376,2026-01-01,691.969970703125,644.4429931640625,0.03871322812286154,1558.2715737156932,NORMAL,,SPY
2025-12-30,S&P 500 Consolidated - CHICAGO MERCANTILE EXCHANGE,13874+,1949403,128812,848867,1170313,225976,145527,512156,85018,65191,271162,148641,ES,2026-01-02 15:30:00-05:00,-366629,-18.807245089907013,0.49229406143052756,22.435897435897438,-0.8033624583629698,944337,48.4423692792101,-0.4105007685386681,94.87179487179486,1.1868519341589205,-720055,-36.93720590355098,0.08028221905358635,19827,1.0170806139110282,0.350376162819067,122521,6.28505239809316,-0.5124003770082215,,,,,,NORMAL,,SPY
2026-01-06,S&P 500 Consolidated - CHICAGO MERCANTILE EXCHANGE,13874+,1959833,145813,851931,1177393,213548,131137,546491,81581,57432,272256,138777,ES,2026-01-09 15:30:00-05:00,-415354,-21.19333637100712,-2.386091281100107,8.333333333333332,-1.4317208301063415,963845,49.17995563907741,0.7375863598673149,98.07692307692307,1.2717579352454398,-706118,-36.029498431754135,0.9077074717968472,24149,1.232196824933553,0.21511621102252487,133479,6.810733363505972,0.5256809654128123,,,,,,EXTREME_SHORT,short,SPY
2026-01-13,S&P 500 Consolidated - CHICAGO MERCANTILE EXCHANGE,13874+,1923938,133129,806124,1140736,207305,110713,557224,113095,63148,275101,138972,ES,2026-01-16 15:30:00-05:00,-446511,-23.20818030518655,-2.014843934179428,3.205128205128205,-1.9479351268405627,933431,48.51668816770603,-0.663267471371384,94.87179487179486,1.1767105934334756,-672995,-34.980077320578935,1.0494211111751994,49947,2.5960815785124054,1.3638847535788523,136129,7.075539856273955,0.26480649276798296,,,,,,EXTREME_SHORT,short,SPY
2026-01-20,S&P 500 Consolidated - CHICAGO MERCANTILE EXCHANGE,13874+,1944353,128715,789592,1102460,207815,115887,533669,117798,56238,278038,155584,ES,2026-01-23 15:30:00-05:00,-417782,-21.486941928754707,1.7212383764318417,7.6923076923076925,-1.4681977017870629,894645,46.0124781868313,-2.5042099808747267,76.92307692307693,0.842115487386514,-660877,-33.98955848037882,0.9905188402001173,61560,3.1660917539150555,0.5700101754026501,122454,6.297930468387171,-0.777609387886784,,,,,,EXTREME_SHORT,short,SPY
2026-01-27,S&P 500 Consolidated - CHICAGO MERCANTILE EXCHANGE,13874+,1915990,129566,795014,1105862,191665,111728,539131,109063,53323,279758,156846,ES,2026-01-30 15:30:00-05:00,-427403,-22.307162354709575,-0.8202204259548687,5.769230769230769,-1.669875985674949,914197,47.714079927348266,1.7016017405169634,87.17948717948718,1.0523945336849716,-665448,-34.73128774158529,-0.7417292612064728,55740,2.909200987479058,-0.2568907664359976,122912,6.415064796789127,0.11713432840195637,2026-02-01,685.989990234375,657.5879943847656,0.005761945708366566,1544.8050448627728,EXTREME_SHORT,short,SPY
2026-02-03,S&P 500 Consolidated - CHICAGO MERCANTILE EXCHANGE,13874+,1949539,135518,794322,1121718,185975,128956,578477,108481,51891,273512,157520,ES,2026-02-06 15:30:00-05:00,-449521,-23.057810077151572,-0.7506477224419967,4.487179487179487,-1.848884276014657,935743,47.99816777197071,0.28408784462244085,89.74358974358975,1.0770830341298665,-658804,-33.7928094795744,0.9384782620108894,56590,2.902737518972434,-0.006463468506623826,115992,5.949714265782834,-0.4653505310062931,,,,,,EXTREME_SHORT,short,SPY
2026-02-10,S&P 500 Consolidated - CHICAGO MERCANTILE EXCHANGE,13874+,1955058,136842,809503,1110696,183362,121150,545884,109347,50616,271914,160584,ES,2026-02-13 15:30:00-05:00,-424734,-21.724879773387798,1.3329303037637743,7.6923076923076925,-1.4829833868918325,927334,47.43255698807913,-0.5656107838915787,82.6923076923077,0.9909264664030452,-672661,-34.406191529867655,-0.6133820502932537,58731,3.0040540996737692,0.1013165807013352,111330,5.694460215502558,-0.2552540502802758,,,,,,EXTREME_SHORT,short,SPY
2026-02-17,S&P 500 Consolidated - CHICAGO MERCANTILE EXCHANGE,13874+,1987373,132457,793015,1162764,183396,117577,583942,74076,48216,283552,161858,ES,2026-02-20 15:30:00-05:00,-466365,-23.46640514890763,-1.7415253755198314,2.564102564102564,-1.9212862722605872,979368,49.279526289227036,1.846969301147908,98.07692307692307,1.2226136457471548,-660558,-33.237746512607345,1.1684450172603107,25860,1.3012152223060292,-1.70283887736774,121694,6.123359832301234,0.4288996167986756,,,,,,EXTREME_SHORT,short,SPY
2026-02-24,S&P 500 Consolidated - CHICAGO MERCANTILE EXCHANGE,13874+,2038108,138788,809945,1200221,185004,116481,593872,77475,58203,274087,160029,ES,2026-02-27 15:30:00-05:00,-477391,-23.42324351800788,0.04316163089974978,3.205128205128205,-1.87811646101133,1015217,49.81173716015049,0.532210870923457,98.07692307692307,1.2807445041162366,-671157,-32.93039426762468,0.3073522449826669,19272,0.9455828641072995,-0.3556323581987296,114058,5.5962686962614345,-0.5270911360397994,2026-03-01,650.3400268554688,663.6829956054687,-0.04836182426512473,1464.5236354239971,EXTREME_SHORT,short,SPY
2026-03-03,S&P 500 Consolidated - CHICAGO MERCANTILE EXCHANGE,13874+,2085416,133315,852546,1188827,180901,155834,567192,78778,44468,262633,174282,ES,2026-03-06 15:30:00-05:00,-411358,-19.72546484730145,3.6977786707064304,21.794871794871796,-0.9154649624899466,1007926,48.33213133494708,-1.4796058252034143,91.02564102564102,1.073999460631989,-719231,-34.48861042592941,-1.558216158304731,34310,1.645235291184109,0.6996524270768095,88351,4.236612742973104,-1.35965595328833,,,,,,UNWINDING_SHORT,short,SPY
2026-03-10,S&P 500 Consolidated - CHICAGO MERCANTILE EXCHANGE,13874+,2023096,139339,786355,1098358,197292,154685,512781,77536,45358,269215,197347,ES,2026-03-13 15:30:00-04:00,-358096,-17.70039582896709,2.02506901833436,31.41025641025641,-0.3975316251571731,901066,44.538964043228795,-3.7931672917182837,64.74358974358975,0.5524118318926816,-647016,-31.981477893288307,2.5071325326411014,32178,1.5905325303396378,-0.05470276084447123,71868,3.552377148686963,-0.6842355942861413,,,,,,UNWINDING_SHORT,short,SPY
2026-03-17,S&P 500 Consolidated - CHICAGO MERCANTILE EXCHANGE,13874+,2359720,140531,802355,1089306,199864,145042,492619,68264,35854,290138,202589,ES,2026-03-20 15:30:00-04:00,-347577,-14.72958656111742,2.9708092678496687,58.333333333333336,0.3619796813951905,889442,37.69269235333006,-6.846271689898735,30.76923076923077,-0.40574054168491347,-661824,-28.046717407150002,3.9347604861383054,32410,1.3734680385808486,-0.21706449175878917,87549,3.7101435763565167,0.15776642766955362,,,,,,UNWINDING_SHORT,short,SPY
2026-03-24,S&P 500 Consolidated - CHICAGO MERCANTILE EXCHANGE,13874+,1897311,122399,793708,1108167,227099,135058,476719,84240,33948,256119,174510,ES,2026-03-27 15:30:00-04:00,-341661,-18.007643449070816,-3.2780568879533956,30.128205128205128,-0.47897414769896574,881068,46.43772159651212,8.74502924318206,75.0,0.8115031381746486,-671309,-35.38212765329458,-7.33541024614458,50292,2.6506988047821363,1.2772307662012876,81609,4.301297994899096,0.5911544185425797,2026-04-01,718.6599731445312,673.7639953613282,0.05387727468783612,1618.3757312192117,NORMAL,,SPY
2026-03-31,S&P 500 Consolidated - CHICAGO MERCANTILE EXCHANGE,13874+,1966743,130907,950568,1142535,224168,161380,391772,94335,32807,250622,180464,ES,2026-04-03 15:30:00-04:00,-230392,-11.714392780348017,6.2932506687227985,89.1025641025641,1.1181000140908324,918367,46.694814726682644,0.2570931301705244,78.2051282051282,0.8461738022929407,-819661,-41.676060369860224,-6.293932716565642,61528,3.128420947729317,0.47772214294718074,70158,3.5672174757962782,-0.7340805191028181,,,,,,NORMAL,,SPY
2026-04-07,S&P 500 Consolidated - CHICAGO MERCANTILE EXCHANGE,13874+,1948342,116303,926032,1162742,218886,147347,388220,83539,34190,249070,191672,ES,2026-04-10 15:30:00-04:00,-240873,-12.362973235705025,-0.648580455357008,84.61538461538461,0.9442646748837986,943856,48.44406166884459,1.749246942161946,92.3076923076923,1.1024844728566463,-809729,-41.55990067452223,0.11615969533799131,49349,2.5328715389803227,-0.5955494087489943,57398,2.9459920280936305,-0.6212254477026478,,,,,,NORMAL,,SPY
2026-04-14,S&P 500 Consolidated - CHICAGO MERCANTILE EXCHANGE,13874+,1980961,133178,829910,1205193,198055,124232,538757,74200,33849,248873,185106,ES,2026-04-17 15:30:00-04:00,-414525,-20.925449819557276,-8.56247658385225,13.461538461538462,-1.3024641700962087,1007138,50.84087975482607,2.3968180859814794,99.35897435897436,1.4619181734293318,-696732,-35.17141427822153,6.388486396300699,40351,2.0369406565803163,-0.4959308824000064,63767,3.2189932058228306,0.2730011777292001,,,,,,NORMAL,,SPY
2026-04-21,S&P 500 Consolidated - CHICAGO MERCANTILE EXCHANGE,13874+,1985777,116135,840782,1213218,193890,126459,532386,68730,44683,258757,171559,ES,2026-04-24 15:30:00-04:00,-405927,-20.441721301032292,0.483728518524984,16.666666666666664,-1.191943328334735,1019328,51.33144356088322,0.49056380605715333,99.35897435897436,1.5284427167469883,-724647,-36.49186187572925,-1.320447597507716,24047,1.2109617545172495,-0.8259789020630668,87198,4.391127503239286,1.1721342974164553,2026-05-01,756.47998046875,686.2039916992187,0.09322660302740457,1703.543939127375,NORMAL,,SPY
2026-04-28,S&P 500 Consolidated - CHICAGO MERCANTILE EXCHANGE,13874+,1982697,121351,832311,1193825,195617,120816,521429,73727,48218,258889,171032,ES,2026-05-01 15:30:00-04:00,-400613,-20.205457515697052,0.23626378533523962,18.58974358974359,-1.1318171541046038,998208,50.34596814339256,-0.9854754174906617,97.43589743589743,1.3676289952919387,-710960,-35.858227454825425,0.6336344209038245,25509,1.2865808542606358,0.07561909974338632,87857,4.431186409219361,0.04005890598007511,2026-05-01,756.47998046875,686.2039916992187,0.09322660302740457,1703.543939127375,NORMAL,,SPY
2026-05-05,S&P 500 Consolidated - CHICAGO MERCANTILE EXCHANGE,13874+,2008969,123909,836184,1208863,195462,141127,539932,68168,50336,259984,180137,ES,2026-05-08 15:30:00-04:00,-398805,-19.851227171748295,0.35423034394875685,19.230769230769234,-1.0369844347060722,1013401,50.44383462363033,0.09786648023776934,98.07692307692307,1.377004674570178,-712275,-35.454753159456416,0.4034742953690085,17832,0.8876194704846118,-0.3989613837760241,79847,3.974526237089771,-0.45666017212959,,,,,,NORMAL,,SPY
2026-05-12,S&P 500 Consolidated - CHICAGO MERCANTILE EXCHANGE,13874+,2078428,138126,874160,1242976,184926,148141,577496,64306,46709,267996,178254,ES,2026-05-15 15:30:00-04:00,-429355,-20.65767974642374,-0.8064525746754434,14.743589743589745,-1.2574797156679256,1058050,50.90626184789658,0.46242722426624994,98.71794871794873,1.4458207133527718,-736034,-35.41301406640018,0.04173909305623624,17597,0.8466494870161487,-0.040969983468463034,89742,4.317782477911191,0.3432562408214199,,,,,,NORMAL,,SPY
2026-05-19,S&P 500 Consolidated - CHICAGO MERCANTILE EXCHANGE,13874+,2097761,137243,845802,1215000,206832,163924,566236,62750,54869,271195,176373,ES,2026-05-22 15:30:00-04:00,-402312,-19.178161859239445,1.4795178871842936,22.435897435897438,-0.8665732199950582,1008168,48.0592403043054,-2.8470215435911825,85.25641025641025,0.9799904407048662,-708559,-33.776917389540564,1.6360966768596157,7881,0.37568626740605815,-0.4709632196100906,94822,4.520152677068551,0.2023701991573601,,,,,,NORMAL,,SPY
2026-05-26,S&P 500 Consolidated - CHICAGO MERCANTILE EXCHANGE,13874+,2124493,166394,836810,1208046,201544,149204,608619,74259,54221,276082,172791,ES,2026-05-29 15:30:00-04:00,-459415,-21.624688808106217,-2.4465269488667722,8.333333333333332,-1.5222446779573948,1006502,47.37610338090076,-0.6831369234046392,75.64102564102564,0.8630464820964615,-670416,-31.556517249056597,2.2204001404839673,20038,0.9431897398579332,0.567503472451875,103291,4.861912936404121,0.34176025933556975,2026-06-01,746.77001953125,696.3759948730469,0.08860191863165369,1681.6777357494723,EXTREME_SHORT,short,SPY
2026-06-02,S&P 500 Consolidated - CHICAGO MERCANTILE EXCHANGE,13874+,2183680,162738,774056,1202632,217711,160224,663733,76569,49093,283012,180583,ES,2026-06-05 15:30:00-04:00,-503509,-23.05781982708089,-1.4331310189746738,3.8461538461538463,-1.8956147136237298,984921,45.10372398886284,-2.2723793920379194,62.17948717948718,0.47646572122849384,-611318,-27.994852725674093,3.561664523382504,27476,1.2582429660023446,0.31505322614441145,102429,4.690659803634232,-0.17125313276988852,,,,,,EXTREME_SHORT,short,SPY
2026-06-09,S&P 500 Consolidated - CHICAGO MERCANTILE EXCHANGE,13874+,2242004,168142,837420,1208185,221347,168403,628093,78132,42501,279109,172611,ES,2026-06-12 15:30:00-04:00,-459690,-20.50353166185252,2.554288165228371,15.384615384615385,-1.2129010584190891,986838,44.015889356129605,-1.0878346327332338,49.358974358974365,0.2788764164385294,-669278,-29.851775465164202,-1.856922739490109,35631,1.589247833634552,0.33100486763220727,106498,4.750125334299136,0.059465530664903454,,,,,,UNWINDING_SHORT,short,SPY
2026-06-16,S&P 500 Consolidated - CHICAGO MERCANTILE EXCHANGE,13874+,2624882,181854,791502,1202819,216242,156858,680740,69702,47005,301027,176772,ES,2026-06-19 15:30:00-04:00,-523882,-19.958306697215342,0.5452249646371783,18.58974358974359,-1.0594928060888766,986577,37.58557527538381,-6.430314080745795,22.435897435897438,-0.8764261088785243,-609648,-23.22572976613806,6.626045699026143,22697,0.8646864887640664,-0.7245613448704855,124255,4.733736602254882,-0.01638873204425373,,,,,,UNWINDING_SHORT,short,SPY
2026-06-23,S&P 500 Consolidated - CHICAGO MERCANTILE EXCHANGE,13874+,1997951,113017,868232,1174108,179116,184095,558664,62151,48090,267632,146902,ES,2026-06-26 15:30:00-04:00,-374569,-18.747656974570447,1.2106497226448951,25.64102564102564,-0.7335406534701382,994992,49.80062073594397,12.215045460560162,94.23076923076923,1.2941682827038588,-755215,-37.799475562714,-14.573745796575942,14061,0.7037710134032316,-0.16091547536083484,120730,6.042690736659708,1.3089541344048259,2026-07-01,747.030029296875,704.4609985351562,0.1486760747434274,1682.2632609078114,CONFIRMED_BULLISH,short,SPY
2026-06-30,S&P 500 Consolidated - CHICAGO MERCANTILE EXCHANGE,13874+,1986279,128378,874853,1152122,172624,147970,510569,65245,54900,272142,152911,ES,2026-07-03 15:30:00-04:00,-362599,-18.25518972913674,0.4924672454337049,28.205128205128204,-0.596147674547643,979498,49.313213299843575,-0.4874074361003977,93.58974358974359,1.1916874417036505,-746475,-37.58157841874178,0.21789714397222326,10345,0.5208231069250594,-0.18294790647817216,119231,6.002731741109884,-0.039958995549823406,,,,,,UNWINDING_SHORT,short,SPY
2026-07-07,S&P 500 Consolidated - CHICAGO MERCANTILE EXCHANGE,13874+,1987662,136480,861691,1161954,189255,133637,498596,66452,53438,262295,157839,ES,2026-07-10 15:30:00-04:00,-364959,-18.361220368452987,-0.1060306393162449,27.564102564102566,-0.6154706958879916,972699,48.93684137443891,-0.376371925404662,91.02564102564102,1.1099508684108912,-725211,-36.48562985054803,1.095948568193748,13014,0.6547390854179433,0.13391597849288395,104456,5.2552194487795205,-0.7475122923303639,,,,,,NORMAL,,SPY
2026-07-14,S&P 500 Consolidated - CHICAGO MERCANTILE EXCHANGE,13874+,1959749,143190,842971,1146844,203822,132631,503220,55528,55690,270392,142881,ES,2026-07-17 15:30:00-04:00,-370589,-18.910023681604123,-0.5488033131511365,25.0,-0.7512448155976464,943022,48.11952959282031,-0.8173117816186064,83.33333333333334,0.9505957173504006,-699781,-35.70768501476464,0.7779448357833871,-162,-0.008266364723237517,-0.6630054501411808,127511,6.506496495214438,1.2512770464349172,,,,,,NORMAL,,SPY
2026-07-21,S&P 500 Consolidated - CHICAGO MERCANTILE EXCHANGE,13874+,1958349,149182,874153,1145470,214564,141767,471081,52274,49406,271230,150719,ES,2026-07-24 15:30:00-04:00,-329314,-16.815899515357067,2.094124166247056,41.66666666666667,-0.19720710668122787,930906,47.535245249952894,-0.5842843428674129,74.35897435897436,0.8336241010771631,-724971,-37.01949958868414,-1.3118145739194986,2868,0.1464498922306494,0.1547162569538869,120511,6.1537039618576665,-0.3527925333567712,,,,,,NORMAL,,SPY
2026-07-28,S&P 500 Consolidated - CHICAGO MERCANTILE EXCHANGE,13874+,2007178,166249,915511,1160957,214663,150572,452944,49486,52711,265187,156622,ES,2026-07-31 15:30:00-04:00,-302372,-15.064533389664494,1.7513661256925737,55.769230769230774,0.2604844195132911,946294,47.14549481909427,-0.3897504308586264,71.15384615384616,0.7524000596669136,-749262,-37.32912576762001,-0.3096261789358721,-3225,-0.16067334337064276,-0.3071232356012922,108565,5.408837681560878,-0.7448662802967885,2026-08-01,767.0499877929688,712.9599975585937,0.06733367163431221,1727.3469112860662,NORMAL,,SPY
2026-08-04,S&P 500 Consolidated - CHICAGO MERCANTILE EXCHANGE,13874+,2140892,236360,945716,1164371,225287,201532,534631,53004,54744,272461,167349,ES,2026-08-07 15:30:00-04:00,-333099,-15.558888538048626,-0.4943551483841322,51.28205128205128,0.1287615422439743,939084,43.86414634647614,-3.2813484726181272,44.230769230769226,0.14853751884671418,-709356,-33.133665780431706,4.195459987188308,-1740,-0.08127453416613262,0.07939880920451015,105112,4.909729215672719,-0.4991084658881588,,,,,,NORMAL,,SPY
2026-08-11,S&P 500 Consolidated - CHICAGO MERCANTILE EXCHANGE,13874+,2146778,216544,987006,1156714,206446,197380,483885,52037,71600,280732,154470,ES,2026-08-14 15:30:00-04:00,-286505,-13.345814052501003,2.2130744855476223,74.35897435897436,0.7111140746868058,950268,44.264847133704556,0.4007007872284163,46.794871794871796,0.21183997629521373,-770462,-35.88922562090724,-2.7555598404755344,-19563,-0.9112726141221869,-0.8299980799560542,126262,5.881465153825873,0.9717359381531541,,,,,,NORMAL,,SPY
2026-08-18,S&P 500 Consolidated - CHICAGO MERCANTILE EXCHANGE,13874+,2099170,220311,993943,1167721,205018,162166,451601,54755,73498,277032,157924,ES,2026-08-21 15:30:00-04:00,-289435,-13.788068617596478,-0.44225456509547456,67.3076923076923,0.5969022133747495,962703,45.861126064111055,1.5962789304064984,62.17948717948718,0.49534360717104514,-773632,-36.85418522558916,-0.9649596046819227,-18743,-0.8928767084133252,0.018395905708861626,119108,5.6740521253638345,-0.2074130284620388,,,,,,NORMAL,,SPY
2026-08-25,S&P 500 Consolidated - CHICAGO MERCANTILE EXCHANGE,13874+,2074931,207772,952263,1168355,213379,138765,467297,60277,69431,279372,152171,ES,2026-08-28 15:30:00-04:00,-328532,-15.83339397792023,-2.0453253603237513,47.43589743589743,0.059340240326900995,954976,46.02447021129859,0.1633441471875372,62.82051282051282,0.5156988783573022,-744491,-35.88027746464822,0.9739077609409392,-9154,-0.44117129678047123,0.451705411632854,127201,6.13037252805033,0.45632040268649554,2026-09-01,773.1699829101562,721.9379943847656,0.022062715302874708,1741.12874406228,NORMAL,,SPY
2026-09-01,S&P 500 Consolidated - CHICAGO MERCANTILE EXCHANGE,13874+,2079148,202607,903840,1159145,222834,150561,484997,57147,63178,265218,159829,ES,2026-09-04 15:30:00-04:00,-334436,-16.08524260899176,-0.25184863107153,45.51282051282051,-0.005298553816396077,936311,45.03339829584041,-0.9910719154581784,56.41025641025641,0.32006099134435273,-701233,-33.726940073530116,2.1533373911181073,-6031,-0.29007074051486476,0.15110055626560648,105389,5.068855127196333,-1.0615174008539974,2026-09-04,770.1900024414062,730.7649963378906,0.031361707483727116,1734.4180209799438,NORMAL,,SPY
2006-06-13,NASDAQ-100 STOCK INDEX (MINI) - CHICAGO MERCANTILE EXCHANGE,209742,598465,305538,95367,17444,51983,92551,233860,15845,15306,56461,91323,NQ,2006-06-16 15:30:00-04:00,-141309,-23.611907129071877,,,,-34539,-5.771264819162357,,,,210171,35.118344431169746,,539,0.09006374641791917,,-34862,-5.825236229353429,,,,,,,NORMAL,,QQQ
2006-06-20,NASDAQ-100 STOCK INDEX (MINI) - CHICAGO MERCANTILE EXCHANGE,209742,331256,208946,54232,16929,57607,28929,164327,14832,8242,39594,24822,NQ,2006-06-23 15:30:00-04:00,-135398,-40.87412756297245,-17.26222043390057,,,-40678,-12.279928514502378,-6.508663695340021,,,154714,46.70526722534837,11.586922794178626,6590,1.9893979278865892,1.89933418146867,14772,4.459390924239862,10.284627153593291,,,,,,NORMAL,,QQQ
2006-06-27,NASDAQ-100 STOCK INDEX (MINI) - CHICAGO MERCANTILE EXCHANGE,209742,352844,222563,61031,14021,59702,36427,175983,12581,8838,40697,20735,NQ,2006-06-30 15:30:00-04:00,-139556,-39.55175658364603,1.322370979326415,,,-45681,-12.9465146070218,-0.666586092519422,,,161532,45.78000476131095,-0.9252624640374236,3743,1.0608087426738162,-0.928589185212773,19962,5.657457686683067,1.1980667624432044,2006-07-01,37.099998474121094,40.20899963378906,-0.11519202947533674,69.06340611820099,NORMAL,,QQQ
2006-07-03,NASDAQ-100 STOCK INDEX (MINI) - CHICAGO MERCANTILE EXCHANGE,209742,325610,166594,80999,22566,59460,32152,130671,8991,5507,63456,17122,NQ,2006-07-06 15:30:00-04:00,-98519,-30.25674887134916,9.295007712296872,,,-36894,-11.330733085593195,1.6157815214286053,,,85595,26.287583305181045,-19.492421456129904,3484,1.0699917078713799,0.009182965197563675,46334,14.22990694388993,8.572449257206863,,,,,,NORMAL,,QQQ
2006-07-11,NASDAQ-100 STOCK INDEX (MINI) - CHICAGO MERCANTILE EXCHANGE,209742,342671,171295,73224,16175,55117,64085,152630,16445,5343,38642,20328,NQ,2006-07-14 15:30:00-04:00,-88545,-25.83965377869735,4.4170950926518096,,,-38942,-11.364253175786688,-0.03352009019349289,,,98071,28.619579713486115,2.33199640830507,11102,3.239842297714134,2.1698505898427545,18314,5.344484943283791,-8.885422000606138,,,,,,NORMAL,,QQQ
2006-07-18,NASDAQ-100 STOCK INDEX (MINI) - CHICAGO MERCANTILE EXCHANGE,209742,426672,247907,98254,13578,60731,62502,183722,15685,9834,35507,22638,NQ,2006-07-21 15:30:00-04:00,-121220,-28.410582367720405,-2.5709285890230547,,,-47153,-11.051346233172085,0.31290694261460317,,,149653,35.07448344395695,6.454903730470836,5851,1.3713109836127049,-1.8685313141014293,12869,3.0161341733228335,-2.3283507699609576,,,,,,NORMAL,,QQQ
2006-07-25,NASDAQ-100 STOCK INDEX (MINI) - CHICAGO MERCANTILE EXCHANGE,209742,418976,241097,96638,13361,63631,60120,173832,15195,10042,37553,23183,NQ,2006-07-28 15:30:00-04:00,-113712,-27.14045673260521,1.2701256351151962,,,-50270,-11.998300618651188,-0.9469543854791027,,,144459,34.47906323989918,-0.595420204057767,5153,1.2299033834873596,-0.14140760012534526,14370,3.4297907278698543,0.41365655454702077,2006-08-01,38.869998931884766,40.20899963378906,-0.07120668221957234,72.35834588832533,NORMAL,,QQQ
2006-08-01,NASDAQ-100 STOCK INDEX (MINI) - CHICAGO MERCANTILE EXCHANGE,209742,420045,265176,99202,14040,61166,73040,186685,11221,9725,20527,27226,NQ,2006-08-04 15:30:00-04:00,-113645,-27.05543453677582,0.08502219582938864,,,-47126,-11.219274125391328,0.7790264932598596,,,165974,39.51338547060434,5.034322230705158,1496,0.3561523170136533,-0.8737510664737063,-6699,-1.5948291254508447,-5.024619853320699,,,,,,NORMAL,,QQQ
2006-08-08,NASDAQ-100 STOCK INDEX (MINI) - CHICAGO MERCANTILE EXCHANGE,209742,435921,258607,102765,17429,61750,80735,181351,14402,12566,26889,39630,NQ,2006-08-11 15:30:00-04:00,-100616,-23.081246372622562,3.974188164153258,,,-44321,-10.16720919616169,1.0520649292296387,,,155842,35.75005562934568,-3.7633298412586598,1836,0.4211772316543594,0.06502491464070609,-12741,-2.9227772922157915,-1.3279481667649469,,,,,,NORMAL,,QQQ
2006-08-15,NASDAQ-100 STOCK INDEX (MINI) - CHICAGO MERCANTILE EXCHANGE,209742,436324,219034,117370,17918,56418,101633,180376,12821,15664,40388,21966,NQ,2006-08-18 15:30:00-04:00,-78743,-18.04691009433357,5.034336278288993,,,-38500,-8.823718154399025,1.3434910417626647,,,101664,23.30011642724214,-12.44993920210354,-2843,-0.6515800185183488,-1.072757250172708,18422,4.222091840008801,7.144869132224592,,,,,,NORMAL,,QQQ
2006-08-22,NASDAQ-100 STOCK INDEX (MINI) - CHICAGO MERCANTILE EXCHANGE,209742,413528,195067,125825,16885,53175,94532,151506,9730,15564,54822,24966,NQ,2006-08-25 15:30:00-04:00,-56974,-13.777543479522548,4.269366614811021,,,-36290,-8.77570563541042,0.048012518988604924,,,69242,16.744210791046797,-6.5559056361953445,-5834,-1.4107871776518155,-0.7592071591334667,29856,7.2198255015379855,2.9977336615291845,2006-09-01,40.650001525878906,40.14999961853027,0.047140696688327835,75.67190510925684,NORMAL,,QQQ
2006-08-29,NASDAQ-100 STOCK INDEX (MINI) - CHICAGO MERCANTILE EXCHANGE,209742,401969,190683,130884,18102,53246,99943,159068,16051,11922,53696,23355,NQ,2006-09-01 15:30:00-04:00,-59125,-14.708845707007256,-0.9313022274847089,,,-35144,-8.742962765785421,0.032742869624998505,,,59799,14.876520328682062,-1.8676904623647346,4129,1.0271936393104941,2.43798081696231,30341,7.548094504800122,0.32826900326213604,2006-09-01,40.650001525878906,40.14999961853027,0.047140696688327835,75.67190510925684,NORMAL,,QQQ
2006-09-05,NASDAQ-100 STOCK INDEX (MINI) - CHICAGO MERCANTILE EXCHANGE,209742,410662,190808,130859,16275,53379,109368,161031,9547,12790,61506,29445,NQ,2006-09-08 15:30:00-04:00,-51663,-12.580418933332034,2.1284267736752227,,,-37104,-9.03516760742411,-0.2922048416386893,,,59949,14.598136667137451,-0.2783836615446109,-3243,-0.7897005323112438,-1.816894171621738,32061,7.807150405929938,0.25905590112981614,,,,,,NORMAL,,QQQ
2006-09-12,NASDAQ-100 STOCK INDEX (MINI) - CHICAGO MERCANTILE EXCHANGE,209742,554206,193681,121440,20315,51569,121649,178294,14165,18053,66809,47263,NQ,2006-09-15 15:30:00-04:00,-56645,-10.220928679949333,2.3594902533827007,,,-31254,-5.639419277308438,3.395748330115673,,,72241,13.035044730659719,-1.5630919364777327,-3888,-0.7015441911491395,0.08815634116210436,19546,3.5268474177471916,-4.280302988182746,,,,,,NORMAL,,QQQ
2006-09-19,NASDAQ-100 STOCK INDEX (MINI) - CHICAGO MERCANTILE EXCHANGE,209742,383393,182417,110147,22811,50675,109834,113322,12267,18691,24965,59459,NQ,2006-09-22 15:30:00-04:00,-3488,-0.9097714355765494,9.311157244372783,,,-27864,-7.267738325947526,-1.6283190486390886,,,72270,18.850109417751497,5.815064687091779,-6424,-1.675565281577911,-0.9740210904287715,-34494,-8.99703437464951,-12.523881792396702,,,,,,NORMAL,,QQQ
2006-09-26,NASDAQ-100 STOCK INDEX (MINI) - CHICAGO MERCANTILE EXCHANGE,209742,430416,200023,123041,25881,50495,126782,152936,15930,29270,26485,39359,NQ,2006-09-29 15:30:00-04:00,-26154,-6.0764469722315155,-5.166675536654966,,,-24614,-5.71865358165124,1.5490847442962865,,,76982,17.885487528344672,-0.9646218894068248,-13340,-3.0993271625590126,-1.4237618809811017,-12874,-2.991059811902903,6.005974562746608,2006-10-01,42.58000183105469,40.366999816894534,0.09827189394649762,79.26469218113729,NORMAL,,QQQ
2006-10-03,NASDAQ-100 STOCK INDEX (MINI) - CHICAGO MERCANTILE EXCHANGE,209742,430732,196998,124331,26182,51135,149391,154194,11200,39728,22981,37364,NQ,2006-10-06 15:30:00-04:00,-4803,-1.1150785175004412,4.961368454731074,,,-24953,-5.793161408950345,-0.07450782729910532,,,72667,16.870583100396534,-1.0149044279481387,-28528,-6.6231438574333925,-3.52381669487438,-14383,-3.3391993165123557,-0.34813950460945264,,,,,,NORMAL,,QQQ
2006-10-10,NASDAQ-100 STOCK INDEX (MINI) - CHICAGO MERCANTILE EXCHANGE,209742,463295,195332,154807,36241,50758,153379,157088,5074,49772,46158,23759,NQ,2006-10-13 15:30:00-04:00,-3709,-0.8005698313169795,0.3145086861834617,,,-14517,-3.1334247077995663,2.659736701150779,,,40525,8.747126560830573,-8.12345653956596,-44698,-9.647848563010609,-3.024704705577216,22399,4.834716541296582,8.173915857808938,,,,,,NORMAL,,QQQ
2006-10-17,NASDAQ-100 STOCK INDEX (MINI) - CHICAGO MERCANTILE EXCHANGE,209742,486123,177134,188417,32015,50721,161579,106983,6656,60240,79881,50904,NQ,2006-10-20 15:30:00-04:00,54596,11.230902467071092,12.03147229838807,,,-18706,-3.8479973175513194,-0.7145726097517531,,,-11283,-2.321017520257219,-11.068144081087791,-53584,-11.02272470136159,-1.3748761383509809,28977,5.960837072099037,1.1261205308024547,,,,,,NORMAL,,QQQ
2006-10-24,NASDAQ-100 STOCK INDEX (MINI) - CHICAGO MERCANTILE EXCHANGE,209742,431235,155882,151740,28915,53217,136917,100855,5867,60677,62974,24066,NQ,2006-10-27 15:30:00-04:00,36062,8.362493767899172,-2.868408699171919,,,-24302,-5.635442392199149,-1.7874450746478296,,,4142,0.960497176713393,3.281514696970612,-54810,-12.710007304601898,-1.687282603240309,38908,9.022458752188482,3.061621680089446,2006-11-01,44.040000915527344,40.57099990844726,0.18706206810890333,81.98254969731676,NORMAL,,QQQ
2006-10-31,NASDAQ-100 STOCK INDEX (MINI) - CHICAGO MERCANTILE EXCHANGE,209742,430345,98538,138373,28989,53825,140927,102887,5200,66665,113145,25049,NQ,2006-11-03 15:30:00-05:00,38040,8.839419535488968,0.47692576758979577,,,-24836,-5.771183585262986,-0.13574119306383725,,,-39835,-9.256526740173582,-10.217023916886975,-61465,-14.282726649548618,-1.5727193449467194,88096,20.47101743949622,11.448558687307736,,,,,,NORMAL,,QQQ
2006-11-07,NASDAQ-100 STOCK INDEX (MINI) - CHICAGO MERCANTILE EXCHANGE,209742,473590,97225,147393,32068,52435,173438,125495,3928,72603,115176,23909,NQ,2006-11-10 15:30:00-05:00,47943,10.123313414556895,1.2838938790679268,,,-20367,-4.3005553326717205,1.4706282525912657,,,-50168,-10.593129077894382,-1.3366023377207998,-68675,-14.500939631326675,-0.21821298177805737,91267,19.271310627335883,-1.1997068121603363,,,,,,NORMAL,,QQQ
2006-11-14,NASDAQ-100 STOCK INDEX (MINI) - CHICAGO MERCANTILE EXCHANGE,209742,492403,94129,171847,33198,50882,190145,128211,4056,72902,125286,22972,NQ,2006-11-17 15:30:00-05:00,61934,12.577908745478805,2.4545953309219097,,,-17684,-3.591367233749591,0.7091880989221293,,,-77718,-15.783413179854712,-5.19028410196033,-68846,-13.981636992463491,0.5193026388631843,102314,20.77850866058899,1.5071980332531076,,,,,,NORMAL,,QQQ
2006-11-21,NASDAQ-100 STOCK INDEX (MINI) - CHICAGO MERCANTILE EXCHANGE,209742,542633,101536,232419,28513,46890,208577,123835,6416,73676,153355,21577,NQ,2006-11-24 15:30:00-05:00,84742,15.61681652240096,3.038907776922155,,,-18377,-3.3866351659408847,0.20473206780870656,,,-130883,-24.119985330785262,-8.33657215093055,-67260,-12.39511787893475,1.586519113528741,131778,24.284921853259938,3.506413192670948,2006-12-01,43.15999984741211,40.77700004577637,0.11036791956297916,80.34438598703825,NORMAL,,QQQ
2006-11-28,NASDAQ-100 STOCK INDEX (MINI) - CHICAGO MERCANTILE EXCHANGE,209742,511004,105874,212056,30014,47328,180558,112644,4593,71247,145166,22930,NQ,2006-12-01 15:30:00-05:00,67914,13.290306925190409,-2.326509597210551,,,-17314,-3.3882317946630556,-0.001596628722170923,,,-106182,-20.779093705724417,3.340891625060845,-66654,-13.043733512849215,-0.6486156339144653,122236,23.920752088046278,-0.36416976521365996,2006-12-01,43.15999984741211,40.77700004577637,0.11036791956297916,80.34438598703825,NORMAL,,QQQ
2006-12-05,NASDAQ-100 STOCK INDEX (MINI) - CHICAGO MERCANTILE EXCHANGE,209742,532332,114410,228910,32918,49238,176706,96356,6515,74943,154231,35333,NQ,2006-12-08 15:30:00-05:00,80350,15.093963917254646,1.8036569920642371,,,-16320,-3.0657559568089088,0.3224758378541468,,,-114500,-21.50913339795466,-0.7300396922302426,-68428,-12.854384106159314,0.1893494066899013,118898,22.335309543668238,-1.58544254437804,,,,,,NORMAL,,QQQ
2006-12-12,NASDAQ-100 STOCK INDEX (MINI) - CHICAGO MERCANTILE EXCHANGE,209742,607635,105400,219202,35294,44485,161471,105717,7244,76825,179411,42591,NQ,2006-12-15 15:30:00-05:00,55754,9.175574152246003,-5.9183897650086426,,,-9191,-1.5125856805483555,1.5531702762605533,,,-113802,-18.72867757782221,2.780455820132449,-69581,-11.451117858582867,1.4032662475764468,136820,22.51680696470743,0.18149742103919309,,,,,,NORMAL,,QQQ
2006-12-19,NASDAQ-100 STOCK INDEX (MINI) - CHICAGO MERCANTILE EXCHANGE,209742,311209,46059,111911,35385,38678,167611,86070,5873,10008,30063,38324,NQ,2006-12-22 15:30:00-05:00,81541,26.20136307111941,17.025788918873406,,,-3293,-1.0581313522423836,0.4544543283059719,,,-65852,-21.160056425103388,-2.4313788472811773,-4135,-1.3286890803286537,10.122428778254214,-8261,-2.654486213444984,-25.171293178152414,,,,,,NORMAL,,QQQ
2006-12-26,NASDAQ-100 STOCK INDEX (MINI) - CHICAGO MERCANTILE EXCHANGE,209742,320899,58629,100736,31037,38768,166119,94346,6952,13275,31685,47297,NQ,2006-12-29 15:30:00-05:00,71773,22.36622737995444,-3.835135691164968,,,-7731,-2.409169240165909,-1.3510378879235252,,,-42107,-13.12157407782511,8.038482347278277,-6323,-1.97040190215613,-0.6417128218274764,-15612,-4.865082159807291,-2.2105959463623073,2007-01-01,44.06999969482422,40.99099998474121,0.08413279312592517,82.03839384725858,NORMAL,,QQQ
2007-01-03,NASDAQ-100 STOCK INDEX (MINI) - CHICAGO MERCANTILE EXCHANGE,209742,359107,78983,95645,38097,38533,173048,105594,7954,16873,31139,72576,NQ,2007-01-06 15:30:00-05:00,67454,18.783816522652025,-3.582410857302417,,,-436,-0.12141228101930622,2.2877569591466025,,,-16662,-4.639842720971743,8.481731356853366,-8919,-2.4836608587412665,-0.5132589565851364,-41437,-11.538900661919707,-6.6738185021124155,,,,,,NORMAL,,QQQ
2007-01-09,NASDAQ-100 STOCK INDEX (MINI) - CHICAGO MERCANTILE EXCHANGE,209742,338155,72958,109553,27142,39414,161918,72077,8596,23473,33262,59359,NQ,2007-01-12 15:30:00-05:00,89841,26.567993967263533,7.784177444611508,,,-12272,-3.6291049962295396,-3.5076927152102333,,,-36595,-10.821960343629401,-6.182117622657658,-14877,-4.3994617852759825,-1.915800926534716,-26097,-7.7174668421286094,3.821433819791097,,,,,,NORMAL,,QQQ
2007-01-16,NASDAQ-100 STOCK INDEX (MINI) - CHICAGO MERCANTILE EXCHANGE,209742,377805,70196,154492,32386,30746,198387,100876,7284,27809,34823,29153,NQ,2007-01-19 15:30:00-05:00,97511,25.80987546485621,-0.7581185024073243,,,1640,0.4340863673058853,4.063191363535425,,,-84296,-22.312039279522505,-11.490078935893104,-20525,-5.432696761556888,-1.0332349762809052,5670,1.5007742089172986,9.218241051045908,,,,,,NORMAL,,QQQ
2007-01-23,NASDAQ-100 STOCK INDEX (MINI) - CHICAGO MERCANTILE EXCHANGE,209742,385115,71924,166557,34354,31369,202367,97123,8596,28640,37886,31438,NQ,2007-01-26 15:30:00-05:00,105244,27.32794100463498,1.518065539778771,,,2985,0.7750931539929632,0.3410067866870779,,,-94633,-24.57266011451125,-2.260620834988746,-20044,-5.204679121820755,0.22801763973613287,6448,1.6743050777040624,0.17353086878676383,2007-02-01,43.33000183105469,41.13900032043457,0.017613902483512946,80.66085273960151,NORMAL,,QQQ
2007-01-30,NASDAQ-100 STOCK INDEX (MINI) - CHICAGO MERCANTILE EXCHANGE,209742,330592,89269,121044,40575,28340,132214,92816,9140,34469,35985,30514,NQ,2007-02-02 15:30:00-05:00,39398,11.917408769722195,-15.410532234912784,,,12235,3.7009365017907268,2.9258433477977634,,,-31775,-9.611545348949763,14.961114765561488,-25329,-7.661709902235989,-2.4570307804152343,5471,1.6549099796728293,-0.019395098031233182,,,,,,NORMAL,,QQQ
2007-02-06,NASDAQ-100 STOCK INDEX (MINI) - CHICAGO MERCANTILE EXCHANGE,209742,335224,119677,95294,35630,28212,106487,111422,8771,39402,38149,34384,NQ,2007-02-09 15:30:00-05:00,-4935,-1.4721499653962724,-13.389558735118468,,,7418,2.2128487220485407,-1.488087779742186,,,24383,7.2736438918454525,16.885189240795214,-30631,-9.137472257356276,-1.4757623551202865,3765,1.1231296088585543,-0.531780370814275,,,,,,NORMAL,,QQQ
2007-02-13,NASDAQ-100 STOCK INDEX (MINI) - CHICAGO MERCANTILE EXCHANGE,209742,358493,138712,102512,37048,31296,108518,114808,8698,39399,33579,38540,NQ,2007-02-16 15:30:00-05:00,-6290,-1.7545670347817113,-0.28241706938543887,,,5752,1.6044943694855966,-0.608354352562944,,,36200,10.097826177917003,2.824182286071551,-30701,-8.563905013487014,0.5735672438692614,-4961,-1.3838484991338742,-2.5069781079924285,,,,,,NORMAL,,QQQ
2007-02-20,NASDAQ-100 STOCK INDEX (MINI) - CHICAGO MERCANTILE EXCHANGE,209742,366428,118743,117652,37076,26870,137684,114558,8409,47641,36202,31393,NQ,2007-02-23 15:30:00-05:00,23126,6.311198925846278,8.065765960627989,,,10206,2.785267501391815,1.1807731319062182,,,1091,0.2977392557337321,-9.80008692218327,-39232,-10.706605390417764,-2.1427003769307493,4809,1.3123997074459375,2.6962482065798117,2007-03-01,43.529998779296875,41.61000022888184,-0.011580429737244975,81.03315654086678,NORMAL,,QQQ
2007-02-27,NASDAQ-100 STOCK INDEX (MINI) - CHICAGO MERCANTILE EXCHANGE,209742,379075,138162,105844,38189,26644,107686,131741,11988,36109,42492,38179,NQ,2007-03-02 15:30:00-05:00,-24055,-6.345709951856493,-12.65690887770277,,,11545,3.0455714568357184,0.2603039554439035,,,32318,8.525489678823451,8.227750423089718,-24121,-6.363120754468113,4.34348463594965,4313,1.1377695706654356,-0.17463013678050188,,,,,,NORMAL,,QQQ
2007-03-06,NASDAQ-100 STOCK INDEX (MINI) - CHICAGO MERCANTILE EXCHANGE,209742,438592,218609,110467,32326,30366,86464,133604,10208,19430,47174,100914,NQ,2007-03-09 15:30:00-05:00,-47140,-10.748030059827812,-4.4023201079713195,,,1960,0.44688457609805926,-2.598686880737659,,,108142,24.656628483875675,16.131138805052224,-9222,-2.1026375310083174,4.260483223459795,-53740,-12.252845469137604,-13.39061503980304,,,,,,NORMAL,,QQQ
2007-03-13,NASDAQ-100 STOCK INDEX (MINI) - CHICAGO MERCANTILE EXCHANGE,209742,599120,275765,108344,29831,23791,84067,173003,8228,24792,63616,131577,NQ,2007-03-16 15:30:00-04:00,-88936,-14.844438509814394,-4.096408449986582,,,6040,1.008145279743624,0.5612607036455646,,,167421,27.944485245026037,3.287856761150362,-16564,-2.7647215916677794,-0.662084060659462,-67961,-11.343470423287489,0.9093750458501155,,,,,,NORMAL,,QQQ
2007-03-20,NASDAQ-100 STOCK INDEX (MINI) - CHICAGO MERCANTILE EXCHANGE,209742,329880,202421,67135,32897,26481,45810,147357,3863,26274,17387,35131,NQ,2007-03-23 15:30:00-04:00,-101547,-30.783012004365222,-15.938573494550829,,,6416,1.9449496786710319,0.936804398927408,,,135286,41.010670546865526,13.06618530183949,-22411,-6.79368255123075,-4.028960959562971,-17744,-5.3789256699405845,5.964544753346904,,,,,,NORMAL,,QQQ
2007-03-27,NASDAQ-100 STOCK INDEX (MINI) - CHICAGO MERCANTILE EXCHANGE,209742,331474,175738,86795,35785,19391,60070,138025,5217,34858,19220,16961,NQ,2007-03-30 15:30:00-04:00,-77955,-23.51768162812166,7.265330376243561,,,16394,4.945787603250934,3.000837924579902,,,88943,26.832572087101855,-14.178098459763671,-29641,-8.942179477123394,-2.148496925892644,2259,0.6815014148922691,6.060427084832853,2007-04-01,45.959999084472656,42.329000091552736,0.06487486670434814,85.55671731839006,NORMAL,,QQQ
2007-04-03,NASDAQ-100 STOCK INDEX (MINI) - CHICAGO MERCANTILE EXCHANGE,209742,350189,160321,85386,33935,20876,82073,150214,5947,38578,31957,19179,NQ,2007-04-06 15:30:00-04:00,-68141,-19.458349634054752,4.059331994066909,,,13059,3.7291291274140534,-1.2166584758368804,,,74935,21.398444839786514,-5.434127247315342,-32631,-9.31811107716119,-0.375931600037795,12778,3.6488867440153747,2.967385329123106,,,,,,NORMAL,,QQQ
2007-04-10,NASDAQ-100 STOCK INDEX (MINI) - CHICAGO MERCANTILE EXCHANGE,209742,379259,187220,104849,41308,17724,73775,160215,3187,45077,42147,19772,NQ,2007-04-13 15:30:00-04:00,-86440,-22.791812455340544,-3.333462821285792,,,23584,6.218441750887916,2.4893126234738623,,,82371,21.718930862550394,0.3204860227638804,-41890,-11.045222394194996,-1.7271113170338062,22375,5.899662236097232,2.250775492081857,,,,,,NORMAL,,QQQ
2007-04-17,NASDAQ-100 STOCK INDEX (MINI) - CHICAGO MERCANTILE EXCHANGE,209742,392546,180013,109047,41831,20143,85918,155642,7485,54976,47202,22641,NQ,2007-04-20 15:30:00-04:00,-69724,-17.761994772587162,5.029817682753382,,,21688,5.524957584588813,-0.6934841662991031,,,70966,18.078390812796464,-3.6405400497539304,-47491,-12.098199956183478,-1.0529775619884827,24561,6.256846331385367,0.3571840952881349,,,,,,NORMAL,,QQQ
2007-04-24,NASDAQ-100 STOCK INDEX (MINI) - CHICAGO MERCANTILE EXCHANGE,209742,429952,164223,118222,41713,22877,124051,154541,4094,68191,62599,32849,NQ,2007-04-27 15:30:00-04:00,-30490,-7.091489282524561,10.6705054900626,,,18836,4.380954153021733,-1.1440034315670795,,,46001,10.699101295028282,-7.379289517768182,-64097,-14.907943212265556,-2.8097432560820774,29750,6.9193770467401015,0.6625307153547348,2007-05-01,47.40999984741211,43.36000022888184,0.07578852225361271,88.25596248500219,NORMAL,,QQQ
2007-05-01,NASDAQ-100 STOCK INDEX (MINI) - CHICAGO MERCANTILE EXCHANGE,209742,459779,133310,152917,41779,24587,177312,144057,7873,65711,62940,35942,NQ,2007-05-04 15:30:00-04:00,33255,7.232822725700826,14.324312008225387,,,17192,3.739187740196921,-0.6417664128248122,,,-19607,-4.264440089695267,-14.963541384723548,-57838,-12.579521900739268,2.328421311526288,26998,5.871951524536788,-1.047425522203313,,,,,,NORMAL,,QQQ
2007-05-08,NASDAQ-100 STOCK INDEX (MINI) - CHICAGO MERCANTILE EXCHANGE,209742,473906,139802,171148,42389,20027,180692,147672,8632,68184,62484,26968,NQ,2007-05-11 15:30:00-04:00,33020,6.967626491329504,-0.2651962343713219,,,22362,4.718657286466092,0.9794695462691712,,,-31346,-6.61439188362249,-2.3499517939272234,-59552,-12.566205112406259,0.0133167883330092,35516,7.4943132182331516,1.6223616936963632,,,,,,NORMAL,,QQQ
2007-05-15,NASDAQ-100 STOCK INDEX (MINI) - CHICAGO MERCANTILE EXCHANGE,209742,458310,144920,152959,39349,21551,174862,152787,6530,71092,57142,24414,NQ,2007-05-18 15:30:00-04:00,22075,4.816608845541228,-2.1510176457882766,,,17798,3.883397700246558,-0.835259586219534,,,-8039,-1.7540529336038926,4.860338950018598,-64562,-14.086971700377473,-1.520766587971215,32728,7.141018088193581,-0.35329513003957036,,,,,,NORMAL,,QQQ
2007-05-22,NASDAQ-100 STOCK INDEX (MINI) - CHICAGO MERCANTILE EXCHANGE,209742,472751,143906,175849,46353,20855,175495,151203,8211,63500,58540,21098,NQ,2007-05-25 15:30:00-04:00,24292,5.138434397811956,0.3218255522707283,,,25498,5.393536978240131,1.5101392779935727,,,-31943,-6.756833935835144,-5.002781002231251,-55289,-11.695162992780554,2.391808707596919,37442,7.920025552563612,0.7790074643700304,2007-06-01,47.599998474121094,44.23300018310547,0.09854596036518264,88.60965393670011,NORMAL,,QQQ
2007-05-29,NASDAQ-100 STOCK INDEX (MINI) - CHICAGO MERCANTILE EXCHANGE,209742,455492,175268,152590,46040,25546,141879,153354,7921,61578,47621,25661,NQ,2007-06-01 15:30:00-04:00,-11475,-2.5192539056668393,-7.657688303478795,,,20494,4.499310635532567,-0.8942263427075634,,,22678,4.978792163199354,11.735626099034498,-53657,-11.780009308615739,-0.08484631583518443,21960,4.821160415550657,-3.0988651370129547,2007-06-01,47.599998474121094,44.23300018310547,0.09854596036518264,88.60965393670011,NORMAL,,QQQ
2007-06-05,NASDAQ-100 STOCK INDEX (MINI) - CHICAGO MERCANTILE EXCHANGE,209742,477255,178403,146492,46754,20719,158211,179067,6191,65537,45155,22899,NQ,2007-06-08 15:30:00-04:00,-20856,-4.369990885375742,-1.8507369797089028,,,26035,5.455155000995275,0.955844365462708,,,31911,6.686362636326492,1.707570473127138,-59346,-12.434861866297892,-0.6548525576821529,22256,4.663335114351867,-0.15782530119879024,,,,,,NORMAL,,QQQ
2007-06-12,NASDAQ-100 STOCK INDEX (MINI) - CHICAGO MERCANTILE EXCHANGE,209742,605929,214927,152500,48355,25499,153445,202471,8362,56338,60314,48595,NQ,2007-06-15 15:30:00-04:00,-49026,-8.09104697084972,-3.721056085473977,40.38461538461539,-0.21949851229974784,22856,3.772059102634137,-1.6830958983611386,82.6923076923077,1.0913372335757878,62427,10.302692229617662,3.6163295932911703,-47976,-7.917759341440994,4.517102524856898,11719,1.9340549800389155,-2.729280134312951,,,,,,NORMAL,,QQQ
2007-06-19,NASDAQ-100 STOCK INDEX (MINI) - CHICAGO MERCANTILE EXCHANGE,209742,357164,113163,148649,48218,29493,137840,105713,7286,21914,22166,22904,NQ,2007-06-22 15:30:00-04:00,32127,8.995027494372334,17.086074465222055,73.58490566037736,0.7336549603964218,18725,5.24268963277374,1.4706305301396028,92.45283018867924,1.3226788324146714,-35486,-9.935491818884323,-20.238184048501985,-14628,-4.095597540625595,3.8221618008153992,-738,-0.20662776763615595,-2.1406827476750716,,,,,,NORMAL,,QQQ
2007-06-26,NASDAQ-100 STOCK INDEX (MINI) - CHICAGO MERCANTILE EXCHANGE,209742,368787,125518,155497,58781,22017,118643,112000,11911,16834,25253,33758,NQ,2007-06-29 15:30:00-04:00,6643,1.8013107837315308,-7.193716710640803,59.25925925925925,0.3210979996787375,36764,9.968898035993677,4.726208403219937,100.0,2.0992385362901533,-29979,-8.12908264119939,1.806409177684932,-4923,-1.3349169032530974,2.7606806373724972,-8505,-2.3062092752727184,-2.0995815076365623,2007-07-01,47.529998779296875,44.920999908447264,0.09189065270322093,88.47934618600931,NORMAL,,QQQ
2007-07-03,NASDAQ-100 STOCK INDEX (MINI) - CHICAGO MERCANTILE EXCHANGE,209742,395201,131434,180851,54344,18833,145456,125037,14217,16801,23292,27221,NQ,2007-07-06 15:30:00-04:00,20419,5.166737938416148,3.365427154684617,63.63636363636363,0.507661492275743,35511,8.985554186350743,-0.9833438496429334,98.18181818181819,1.836858487834458,-49417,-12.50426997907394,-4.375187337874548,-2584,-0.6538444993813275,0.6810724038717699,-3929,-0.9941776463116238,1.3120316289610945,,,,,,NORMAL,,QQQ
2007-07-10,NASDAQ-100 STOCK INDEX (MINI) - CHICAGO MERCANTILE EXCHANGE,209742,395988,127109,159351,51878,19617,143398,139035,12671,20034,25148,22167,NQ,2007-07-13 15:30:00-04:00,4363,1.1018010646787277,-4.06493687373742,57.14285714285714,0.271260581174025,32261,8.146964049415638,-0.838590136935105,96.42857142857143,1.6306648286700574,-32242,-8.142165924219926,4.362104054854013,-7363,-1.8593997797913069,-1.2055552804099794,2981,0.7528005899168662,1.74697823622849,,,,,,NORMAL,,QQQ
2007-07-17,NASDAQ-100 STOCK INDEX (MINI) - CHICAGO MERCANTILE EXCHANGE,209742,416450,131453,171611,50395,20402,147653,157665,13176,7400,40438,26037,NQ,2007-07-20 15:30:00-04:00,-10012,-2.404130147676792,-3.5059312123555197,47.368421052631575,0.06804509817944433,29993,7.202065073838396,-0.9448989755772423,94.73684210526315,1.4277290222344574,-40158,-9.642934325849442,-1.5007684016295162,5776,1.3869612198343138,3.2463609996256206,14401,3.458038179853524,2.7052375899366576,,,,,,NORMAL,,QQQ
2007-07-24,NASDAQ-100 STOCK INDEX (MINI) - CHICAGO MERCANTILE EXCHANGE,209742,442654,114953,214222,61644,16211,166959,153680,12457,7500,54503,18903,NQ,2007-07-27 15:30:00-04:00,13279,2.9998599357511737,5.403990083427965,60.3448275862069,0.3795440352800624,45433,10.26377260795113,3.0617075341127347,100.0,1.8783619017251216,-99269,-22.425867607657448,-12.782933281808006,4957,1.1198362603749203,-0.2671249594593934,35600,8.042398803580223,4.584360623726699,2007-08-01,48.869998931884766,45.54999961853027,0.06331592483419429,90.97382000118165,NORMAL,,QQQ
2007-07-31,NASDAQ-100 STOCK INDEX (MINI) - CHICAGO MERCANTILE EXCHANGE,209742,450054,128308,211714,62951,22854,156999,158164,18331,4929,50304,19232,NQ,2007-08-03 15:30:00-04:00,-1165,-0.2588578259497749,-3.2587177617009484,55.932203389830505,0.1863038951213658,40097,8.909375319406116,-1.3543972885450142,94.91525423728814,1.5972645048787235,-83406,-18.53244277353384,3.893424834123607,13402,2.97786487843681,1.8580286180618895,31072,6.904060401640692,-1.1383384019395315,,,,,,NORMAL,,QQQ
2007-08-07,NASDAQ-100 STOCK INDEX (MINI) - CHICAGO MERCANTILE EXCHANGE,209742,450183,147355,199575,55991,24303,125056,160176,30542,4022,52953,23821,NQ,2007-08-10 15:30:00-04:00,-35120,-7.801271927194052,-7.542414101244277,36.666666666666664,-0.25775353703013604,31688,7.038915285561649,-1.8704600338444672,90.0,1.2629538770359967,-52220,-11.599727222040814,6.932715551493027,26520,5.890937685341295,2.913072806904485,29132,6.471146178331923,-0.43291422330876905,,,,,,NORMAL,,QQQ
2007-08-14,NASDAQ-100 STOCK INDEX (MINI) - CHICAGO MERCANTILE EXCHANGE,209742,429354,156436,181914,55232,26342,93439,165582,37589,4074,52859,17643,NQ,2007-08-17 15:30:00-04:00,-72143,-16.802684963922545,-9.001413036728493,24.59016393442623,-0.7877495042241329,28890,6.728713369387498,-0.31020191617415094,88.52459016393442,1.1888666400267118,-25478,-5.9340311258308995,5.665696096209914,33515,7.805913069401939,1.9149753840606438,35216,8.202089650964007,1.7309434726320845,,,,,,NORMAL,,QQQ
2007-08-21,NASDAQ-100 STOCK INDEX (MINI) - CHICAGO MERCANTILE EXCHANGE,209742,418030,163957,151495,44322,17037,86133,185056,39558,5847,42826,17361,NQ,2007-08-24 15:30:00-04:00,-98923,-23.664091093940627,-6.861406130018082,12.903225806451612,-1.184523217714627,27285,6.527043513623424,-0.2016698557640746,87.09677419354838,1.1351588834416655,12462,2.9811257565246514,8.91515688235555,33711,8.064253761691745,0.2583406922898064,25465,6.091668062100807,-2.1104215888632005,,,,,,NORMAL,,QQQ
2007-08-28,NASDAQ-100 STOCK INDEX (MINI) - CHICAGO MERCANTILE EXCHANGE,209742,410512,168329,143357,42210,23086,95718,184431,29843,4918,37302,17610,NQ,2007-08-31 15:30:00-04:00,-88713,-21.61033051408972,2.0537605798509055,20.634920634920633,-1.0407084786316474,19124,4.658572709202167,-1.868470804421257,74.60317460317461,0.8299360184936392,24972,6.083135206766185,3.1020094502415336,24925,6.0716860895662,-1.9925676721255448,19692,4.79693650855517,-1.2947315535456365,2007-09-01,51.40999984741211,46.28699951171875,0.08437038626605989,95.70215213014471,NORMAL,,QQQ
2007-09-04,NASDAQ-100 STOCK INDEX (MINI) - CHICAGO MERCANTILE EXCHANGE,209742,438432,168552,180291,59496,23850,82489,156241,18866,8201,62885,23705,NQ,2007-09-07 15:30:00-04:00,-73752,-16.8217648346836,4.788565679406123,26.5625,-0.7408868401097459,35646,8.130337201664112,3.4717644924619453,92.1875,1.34959565607493,-11739,-2.6774961681629077,-8.760631374929092,10665,2.432532296912634,-3.639153792653566,39180,8.93639150426976,4.1394549957145905,,,,,,NORMAL,,QQQ
2007-09-11,NASDAQ-100 STOCK INDEX (MINI) - CHICAGO MERCANTILE EXCHANGE,209742,488863,172477,207878,58163,26158,104116,159036,15682,8800,71277,19843,NQ,2007-09-14 15:30:00-04:00,-54920,-11.234231267246653,5.587533567436946,35.38461538461539,-0.4006843591818072,32005,6.546823956814077,-1.5835132448500353,86.15384615384616,1.0801761100212197,-35401,-7.241497106551324,-4.564000938388416,6882,1.4077563652802523,-1.024775931632382,51434,10.521148051703648,1.5847565474338872,,,,,,NORMAL,,QQQ
2007-09-18,NASDAQ-100 STOCK INDEX (MINI) - CHICAGO MERCANTILE EXCHANGE,209742,573788,187786,236221,62482,24563,115700,156753,15515,17120,79181,26007,NQ,2007-09-21 15:30:00-04:00,-41053,-7.154733107001192,4.0794981602454605,42.42424242424242,-0.15362675020575972,37919,6.608538345172781,0.061714388358704575,86.36363636363636,1.0719539063539576,-48435,-8.441270992073727,-1.1997738855224034,-1605,-0.27972003597147377,-1.687476401251726,53174,9.267185789873611,-1.2539622618300363,,,,,,NORMAL,,QQQ
2007-09-25,NASDAQ-100 STOCK INDEX (MINI) - CHICAGO MERCANTILE EXCHANGE,209742,325577,54843,105182,61867,24109,104927,122237,16702,16922,48816,18705,NQ,2007-09-28 15:30:00-04:00,-17310,-5.3167146327904,1.8380184742107923,47.76119402985074,-0.04190579347622618,37758,11.5972565629636,4.98871821779082,100.0,1.8109386235782163,-50339,-15.461473015599996,-7.020202023526268,-220,-0.06757234079802935,0.21214769517344442,30111,9.248503426224826,-0.018682363648785838,2007-10-01,55.029998779296875,47.473999404907225,0.15609244838978897,102.44095177065154,NORMAL,,QQQ
2007-10-02,NASDAQ-100 STOCK INDEX (MINI) - CHICAGO MERCANTILE EXCHANGE,209742,376929,48245,135441,64119,26686,132580,125629,19855,26992,69177,19228,NQ,2007-10-05 15:30:00-04:00,6951,1.8441138782104853,7.160828511000885,64.70588235294117,0.39238248971286865,37433,9.93104802230659,-1.6662085406570117,95.58823529411765,1.506907624737279,-87196,-23.133269130260604,-7.671796114660609,-7137,-1.8934600415462859,-1.8258877007482566,49949,13.251567271289819,4.003063845064993,,,,,,NORMAL,,QQQ
2007-10-09,NASDAQ-100 STOCK INDEX (MINI) - CHICAGO MERCANTILE EXCHANGE,209742,406680,55468,158624,64848,9460,140592,129428,21808,41631,76678,20251,NQ,2007-10-12 15:30:00-04:00,11164,2.7451558965279825,0.9010420183174972,65.21739130434783,0.44408212343641174,55388,13.619553457263697,3.688505434957108,100.0,2.0167048338246127,-103156,-25.365397855808006,-2.232128725547401,-19823,-4.874348382020262,-2.9808883404739763,56427,13.87503688403659,0.6234696127467707,,,,,,NORMAL,,QQQ
2007-10-16,NASDAQ-100 STOCK INDEX (MINI) - CHICAGO MERCANTILE EXCHANGE,209742,421054,55972,199446,82781,6166,153861,116883,20170,50440,76865,16714,NQ,2007-10-19 15:30:00-04:00,36978,8.782246457699012,6.037090561171029,77.14285714285715,0.8106668986366659,76615,18.19600336298907,4.576449905725374,100.0,2.6078043142686806,-143474,-34.074964256366165,-8.70956640055816,-30270,-7.189101635419685,-2.314753253399423,60151,14.285816071097768,0.4107791870611788,,,,,,NORMAL,,QQQ
2007-10-23,NASDAQ-100 STOCK INDEX (MINI) - CHICAGO MERCANTILE EXCHANGE,209742,429715,66570,202345,89597,2414,162954,131079,15563,50258,71356,19944,NQ,2007-10-26 15:30:00-04:00,31875,7.417707084928383,-1.3645393727706292,74.64788732394366,0.7173464205747043,87183,20.28856335012741,2.0925599871383405,100.0,2.763321663556345,-135775,-31.596523277055724,2.4784409793104416,-34695,-8.073955994089106,-0.8848543586694211,51412,11.964208836089036,-2.3216072350087327,2007-11-01,51.310001373291016,48.19799957275391,0.07952877532243141,95.51600022951207,NORMAL,,QQQ
2007-10-30,NASDAQ-100 STOCK INDEX (MINI) - CHICAGO MERCANTILE EXCHANGE,209742,432608,74785,209173,94178,5056,148010,116499,15744,61781,77695,17903,NQ,2007-11-02 15:30:00-04:00,31511,7.283961461646571,-0.13374562328181128,73.61111111111111,0.7015957063284818,89122,20.601098454027664,0.3125351039002524,100.0,2.6492599180804395,-134388,-31.06461276721651,0.5319105098392143,-46037,-10.641735705303647,-2.5677797112145413,59792,13.821288556845921,1.8570797207568859,,,,,,NORMAL,,QQQ
2007-11-06,NASDAQ-100 STOCK INDEX (MINI) - CHICAGO MERCANTILE EXCHANGE,209742,448210,72398,211356,98323,4984,152503,122080,15988,70918,87551,17425,NQ,2007-11-09 15:30:00-05:00,30423,6.787666495615895,-0.4962949660306766,69.86301369863014,0.6637315953660422,93339,20.824836572142523,0.22373811811485922,100.0,2.5403310485007693,-138958,-31.002878115169228,0.06173465204728146,-54930,-12.25541598804132,-1.613680282737672,70126,15.645791035452131,1.8245024786062096,,,,,,NORMAL,,QQQ
2007-11-13,NASDAQ-100 STOCK INDEX (MINI) - CHICAGO MERCANTILE EXCHANGE,209742,438287,86621,179608,91237,5922,126391,131645,15374,49864,73933,26517,NQ,2007-11-16 15:30:00-05:00,-5254,-1.1987578915185713,-7.986424387134466,51.35135135135135,0.16073148386010586,85315,19.465555674706298,-1.359280897436225,95.94594594594594,2.2508491364991543,-92987,-21.216006863082868,9.78687125208636,-34490,-7.869272873710605,4.386143114330714,47416,10.818481953605742,-4.827309081846389,,,,,,NORMAL,,QQQ
2007-11-20,NASDAQ-100 STOCK INDEX (MINI) - CHICAGO MERCANTILE EXCHANGE,209742,432349,106833,150816,89481,8009,110846,139958,15706,58123,59958,25918,NQ,2007-11-23 15:30:00-05:00,-29112,-6.733449134842454,-5.534691243323882,40.0,-0.1867825491201528,81472,18.84403572114195,-0.6215199535643485,94.66666666666667,2.0884135501438754,-43983,-10.173031509266819,11.042975353816049,-42417,-9.810824125879787,-1.941551252169182,34040,7.873269048847112,-2.9452129047586304,,,,,,NORMAL,,QQQ
2007-11-27,NASDAQ-100 STOCK INDEX (MINI) - CHICAGO MERCANTILE EXCHANGE,209742,428044,109380,129747,74333,18820,118250,149929,16950,60894,60745,20268,NQ,2007-11-30 15:30:00-05:00,-31679,-7.400874676435133,-0.6674255415926789,36.84210526315789,-0.22756981233854864,55513,12.968993841754585,-5.875041879387364,90.78947368421053,1.325487987265601,-20367,-4.758155703619254,5.414875805647565,-43944,-10.266234312360412,-0.45541018648062526,40477,9.456270850660212,1.5830018018131007,2007-12-01,51.220001220703125,48.98699951171875,0.04808680867977516,95.34846067844677,NORMAL,,QQQ
2007-12-04,NASDAQ-100 STOCK INDEX (MINI) - CHICAGO MERCANTILE EXCHANGE,209742,417364,116553,133861,71966,16695,100581,140028,14285,60323,64534,17012,NQ,2007-12-07 15:30:00-05:00,-39447,-9.451462033141334,-2.0505873567062016,33.76623376623377,-0.356027872734291,55271,13.242876721518867,0.2738828797642814,90.9090909090909,1.3340824526567714,-17308,-4.146979614916476,0.611176088702778,-46038,-11.030659088948735,-0.7644247765883225,47522,11.386224015487679,1.9299531648274666,,,,,,NORMAL,,QQQ
2007-12-11,NASDAQ-100 STOCK INDEX (MINI) - CHICAGO MERCANTILE EXCHANGE,209742,443585,131263,129252,71787,19389,86090,151215,10513,58080,80297,22014,NQ,2007-12-14 15:30:00-05:00,-65125,-14.681515380366784,-5.23005334722545,26.923076923076923,-0.6869389946190281,52398,11.812392213442745,-1.4304845080761215,88.46153846153845,1.1438086510862027,2011,0.4533516687895217,4.600331283705998,-47567,-10.723311203038877,0.3073478859098575,58283,13.139082701173393,1.7528586856857142,,,,,,NORMAL,,QQQ
2007-12-18,NASDAQ-100 STOCK INDEX (MINI) - CHICAGO MERCANTILE EXCHANGE,209742,545657,131436,134713,74585,7139,86753,140503,10899,60752,77013,37579,NQ,2007-12-21 15:30:00-05:00,-53750,-9.85051048552479,4.831004894841994,34.177215189873415,-0.3714987126690968,67446,12.360512189892185,0.5481199764494402,88.60759493670885,1.1909963440298812,-3277,-0.6005604253221346,-1.0539120941116562,-49853,-9.136325567160322,1.5869856358785555,39434,7.226884288115062,-5.912198413058332,,,,,,NORMAL,,QQQ
2007-12-24,NASDAQ-100 STOCK INDEX (MINI) - CHICAGO MERCANTILE EXCHANGE,209742,282512,75378,63288,71189,9218,53884,130471,9201,23202,36656,20129,NQ,2007-12-27 15:30:00-05:00,-76587,-27.109290932774538,-17.258780447249748,7.5,-1.4791484168370883,61971,21.935705385965907,9.575193196073721,100.0,2.284371413182074,12090,4.279464235147533,4.880024660469668,-14001,-4.955895678767628,4.180429888392694,16527,5.850016990428725,-1.3768672976863368,2008-01-01,45.130001068115234,49.146999740600585,-0.1221551993374106,84.01163665966769,EXTREME_SHORT,short,QQQ
2007-12-31,NASDAQ-100 STOCK INDEX (MINI) - CHICAGO MERCANTILE EXCHANGE,209742,283298,68645,62341,79686,9933,62599,138254,9878,26253,27980,12007,NQ,2008-01-03 15:30:00-05:00,-75655,-26.70509498831619,0.4041959444583476,9.876543209876543,-1.424586307561391,69753,24.621776362699347,2.68607097673344,100.0,2.5037180139013566,6304,2.2252186743287985,-2.054245560818735,-16375,-5.780132581239543,-0.824236902471915,15973,5.638232532527586,-0.21178445790113898,,,,,,EXTREME_SHORT,short,QQQ
2008-01-08,NASDAQ-100 STOCK INDEX (MINI) - CHICAGO MERCANTILE EXCHANGE,209742,334132,81407,77830,68595,15325,95562,171437,12927,12544,38113,19468,NQ,2008-01-11 15:30:00-05:00,-75875,-22.708091412974515,3.997003575341676,18.29268292682927,-1.1448500513472137,53270,15.942801048687345,-8.678975314012002,90.2439024390244,1.4455232725962772,3577,1.0705349981444459,-1.1546836761843526,383,0.11462535764308716,5.89475793888263,18645,5.580130008499635,-0.058102524027950686,,,,,,UNWINDING_SHORT,short,QQQ
2008-01-15,NASDAQ-100 STOCK INDEX (MINI) - CHICAGO MERCANTILE EXCHANGE,209742,358574,100497,86582,62496,17520,108056,174488,12628,14598,32050,22539,NQ,2008-01-18 15:30:00-05:00,-66432,-18.526719728703142,4.181371684271372,21.686746987951807,-0.8640849750612644,44976,12.543017619793961,-3.399783428893384,85.54216867469879,1.048396508951582,13915,3.8806494614779656,2.8101144633335196,-1970,-0.54939845052904,-0.6640238081721271,9511,2.652451097960254,-2.9276789105393815,,,,,,UNWINDING_SHORT,short,QQQ
2008-01-22,NASDAQ-100 STOCK INDEX (MINI) - CHICAGO MERCANTILE EXCHANGE,209742,376145,82714,108017,53085,20271,113341,133391,17646,15304,66645,56448,NQ,2008-01-25 15:30:00-05:00,-20050,-5.330391205519148,13.196328523183993,48.80952380952381,-0.017669901004934114,32814,8.723763442289542,-3.819254177504419,75.0,0.6193461901821765,-25303,-6.7269271158728685,-10.607576577350834,2342,0.6226322295923115,1.1720306801213516,10197,2.710922649510162,0.05847155154990835,2008-02-01,42.95000076293945,48.84599990844727,-0.21951659611706373,79.95346273496583,UNWINDING_SHORT,short,QQQ
2008-01-29,NASDAQ-100 STOCK INDEX (MINI) - CHICAGO MERCANTILE EXCHANGE,209742,363387,117902,113164,51544,15293,100908,142743,19566,25429,36492,29783,NQ,2008-02-01 15:30:00-05:00,-41835,-11.5125197103914,-6.182128504872252,32.94117647058823,-0.41225978820860376,36251,9.975865950075264,1.2521025077857217,80.0,0.7512334610889336,4738,1.3038441110991863,8.030771226972055,-5863,-1.613431410589812,-2.2360636401821234,6709,1.8462410598067625,-0.8646815897033997,2008-02-01,42.95000076293945,48.84599990844727,-0.21951659611706373,79.95346273496583,NORMAL,,QQQ
2008-02-05,NASDAQ-100 STOCK INDEX (MINI) - CHICAGO MERCANTILE EXCHANGE,209742,385806,125424,113411,50242,19191,122632,156734,13119,24695,36337,33723,NQ,2008-02-08 15:30:00-05:00,-34102,-8.839157504030522,2.6733622063608777,39.53488372093023,-0.23795492137478208,31051,8.048345541541604,-1.9275204085336597,70.93023255813954,0.5331409255850336,12013,3.113741103041425,1.8098969919422385,-11576,-3.0004717396826384,-1.3870403290928264,2614,0.6775425991301327,-1.1686984606766297,,,,,,NORMAL,,QQQ
2008-02-12,NASDAQ-100 STOCK INDEX (MINI) - CHICAGO MERCANTILE EXCHANGE,209742,408292,165614,113591,50453,19034,89125,168618,21680,22519,39678,42788,NQ,2008-02-15 15:30:00-05:00,-79493,-19.469644274195918,-10.630486770165396,19.54022988505747,-0.9223370347462861,31419,7.69522792511242,-0.35311761642918427,70.11494252873564,0.4903580413241239,52023,12.741616294220803,9.627875191179378,-839,-0.20549018839458036,2.794981551288058,-3110,-0.7617097567427233,-1.439252355872856,,,,,,NORMAL,,QQQ
2008-02-19,NASDAQ-100 STOCK INDEX (MINI) - CHICAGO MERCANTILE EXCHANGE,209742,441283,195484,120302,51080,24617,104018,192631,20237,22962,29756,40063,NQ,2008-02-22 15:30:00-05:00,-88613,-20.080764498065868,-0.6111202238699498,19.318181818181817,-0.9521520144005491,26463,5.996831964974858,-1.698395960137562,61.36363636363637,0.2991365002829124,75182,17.03713943206514,4.295523137844336,-2725,-0.6175175567606276,-0.41202736836604725,-10307,-2.3356893422135,-1.5739795854707768,,,,,,NORMAL,,QQQ
2008-02-26,NASDAQ-100 STOCK INDEX (MINI) - CHICAGO MERCANTILE EXCHANGE,209742,414057,174067,120842,48046,25843,102870,171713,18825,21430,25486,29466,NQ,2008-02-29 15:30:00-05:00,-68843,-16.626454811777123,3.4543096862887452,28.08988764044944,-0.7188216063542853,22203,5.362305189865164,-0.6345267751096939,57.30337078651685,0.22679511796738255,53225,12.854510369345283,-4.182629062719856,-2605,-0.6291404323559316,-0.01162287559530406,-3980,-0.9612203150773927,1.3744690271361075,2008-03-01,43.720001220703125,48.477000045776364,-0.14792438022694734,81.38685509380454,NORMAL,,QQQ
2008-03-04,NASDAQ-100 STOCK INDEX (MINI) - CHICAGO MERCANTILE EXCHANGE,209742,451704,185083,124651,52582,32195,113701,192863,32340,21236,23208,35969,NQ,2008-03-07 15:30:00-05:00,-79162,-17.525193489541824,-0.8987386777647011,25.555555555555554,-0.7710244088099024,20387,4.513353877760657,-0.8489513121045063,52.22222222222223,0.1306172589616165,60432,13.37867275915201,0.5241623898067278,11104,2.4582469936064326,3.087387425962364,-12761,-2.825080140977277,-1.8638598258998846,,,,,,NORMAL,,QQQ
2008-03-11,NASDAQ-100 STOCK INDEX (MINI) - CHICAGO MERCANTILE EXCHANGE,209742,441298,156296,125905,49977,35811,128485,170191,31974,20782,32494,46537,NQ,2008-03-14 15:30:00-04:00,-41706,-9.450756631573222,8.074436857968601,41.75824175824176,-0.23996419452562842,14166,3.2100757311385957,-1.3032781466220618,43.956043956043956,-0.016539480810480477,30391,6.886729602218908,-6.491943156933102,11192,2.536154707249976,0.07790771364354354,-14043,-3.182203409034258,-0.3571232680569807,,,,,,NORMAL,,QQQ
2008-03-18,NASDAQ-100 STOCK INDEX (MINI) - CHICAGO MERCANTILE EXCHANGE,209742,579724,175109,126626,48170,13876,111220,191448,42955,20595,61574,86483,NQ,2008-03-21 15:30:00-04:00,-80228,-13.838999247917975,-4.388242616344753,32.608695652173914,-0.5250479328479788,34294,5.9155736177905345,2.705497886651939,61.95652173913043,0.289215732312651,48483,8.363117621488847,1.4763880192699386,22360,3.8570078175131615,1.3208531102631853,-24909,-4.296699808874568,-1.1144963998403097,,,,,,NORMAL,,QQQ
2008-03-25,NASDAQ-100 STOCK INDEX (MINI) - CHICAGO MERCANTILE EXCHANGE,209742,309092,123035,79448,51176,19749,69239,163514,12241,14984,42527,20523,NQ,2008-03-28 15:30:00-04:00,-94275,-30.500627644843608,-16.661628396925632,3.225806451612903,-1.6134179337316565,31427,10.167522938154336,4.251949320363802,81.72043010752688,0.7703392035200578,43587,14.101626700141058,5.738509078652211,-2743,-0.8874380443363141,-4.744445861849476,22004,7.118916050884526,11.415615859759093,2008-04-01,47.209999084472656,48.43800010681152,-0.07828977041510936,87.8836515824971,EXTREME_SHORT,short,QQQ
2008-04-01,NASDAQ-100 STOCK INDEX (MINI) - CHICAGO MERCANTILE EXCHANGE,209742,309395,127765,84462,55689,20280,54078,156915,8121,13133,53263,24126,NQ,2008-04-04 15:30:00-04:00,-102837,-33.2380936989932,-2.737466054149589,2.127659574468085,-1.7608073261249304,35409,11.444593480825482,1.2770705426711455,82.97872340425532,0.9091721621688539,43303,13.9960244994263,-0.1056022007147579,-5012,-1.6199356809256775,-0.7324976365893634,29137,9.417411399667092,2.2984953487825655,,,,,,EXTREME_SHORT,short,QQQ
2008-04-08,NASDAQ-100 STOCK INDEX (MINI) - CHICAGO MERCANTILE EXCHANGE,209742,312236,137813,92981,57718,18190,44841,144718,5337,22787,54225,21258,NQ,2008-04-11 15:30:00-04:00,-99877,-31.98766317785265,1.2504305211405473,3.1578947368421053,-1.6430352808693236,39528,12.659654876439616,1.2150613956141338,87.36842105263159,1.0388826599937246,44832,14.35836995093455,0.3623454515082507,-17450,-5.588721351797999,-3.9687856708723217,32967,10.558359702276483,1.1409483026093916,,,,,,EXTREME_SHORT,short,QQQ
2008-04-15,NASDAQ-100 STOCK INDEX (MINI) - CHICAGO MERCANTILE EXCHANGE,209742,313185,137930,93910,59356,23188,45835,138441,5792,22167,48252,19459,NQ,2008-04-18 15:30:00-04:00,-92606,-29.569104522885834,2.418558654966816,7.291666666666667,-1.4576748009397897,36168,11.548445806791513,-1.111209069648103,82.29166666666666,0.9011601324599208,44020,14.055590146399092,-0.30277980453545794,-16375,-5.228539042419017,0.360182309378982,28793,9.193607612114246,-1.3647520901622379,,,,,,EXTREME_SHORT,short,QQQ
2008-04-22,NASDAQ-100 STOCK INDEX (MINI) - CHICAGO MERCANTILE EXCHANGE,209742,320206,128097,106847,65404,19954,42983,113344,4111,33394,53048,20104,NQ,2008-04-25 15:30:00-04:00,-70361,-21.973666951899716,7.5954375709861175,20.618556701030926,-0.9531509635567422,45450,14.193987620469322,2.6455418136778093,90.72164948453609,1.1943381478668416,21250,6.6363528478541935,-7.419237298544899,-29283,-9.145050373821853,-3.9165113314028357,32944,10.28837685739805,1.0947692452838051,2008-05-01,50.0099983215332,48.68600006103516,0.10813199951075854,93.0959829138489,UNWINDING_SHORT,short,QQQ
2008-04-29,NASDAQ-100 STOCK INDEX (MINI) - CHICAGO MERCANTILE EXCHANGE,209742,339755,131137,129691,66544,20691,55501,96331,4536,42532,54937,23410,NQ,2008-05-02 15:30:00-04:00,-40830,-12.01748318641374,9.956183765485976,38.775510204081634,-0.31272031834067127,45853,13.49590145840385,-0.6980861620654721,88.77551020408163,1.1002453659846156,1446,0.42560080057688626,-6.210752047277308,-37996,-11.183352710041058,-2.038302336219205,31527,9.279333637474062,-1.0090432199239885,,,,,,UNWINDING_SHORT,short,QQQ
2008-05-06,NASDAQ-100 STOCK INDEX (MINI) - CHICAGO MERCANTILE EXCHANGE,209742,369548,138009,155112,76806,20750,73057,107207,4685,41849,55645,23284,NQ,2008-05-09 15:30:00-04:00,-34150,-9.241018758050375,2.776464428363365,46.464646464646464,-0.13416087114912384,56056,15.168800805308106,1.6728993469042557,90.9090909090909,1.2781230382027202,-17103,-4.628086202604263,-5.053687003181149,-37164,-10.056609696169375,1.1267430138716836,32361,8.756913851515906,-0.5224197859581565,,,,,,UNWINDING_SHORT,short,QQQ
2008-05-13,NASDAQ-100 STOCK INDEX (MINI) - CHICAGO MERCANTILE EXCHANGE,209742,380316,132293,168631,76214,17307,88558,107362,3945,42918,57300,22092,NQ,2008-05-16 15:30:00-04:00,-18804,-4.944309468967911,4.296709289082464,57.99999999999999,0.14154835835825652,58907,15.488961810704783,0.32016100539667747,91.0,1.2976824840570669,-36338,-9.554686103135287,-4.926599900531024,-38973,-10.247531000536396,-0.1909213043670217,35208,9.257564761934812,0.5006509104189067,,,,,,UNWINDING_SHORT,short,QQQ
2008-05-20,NASDAQ-100 STOCK INDEX (MINI) - CHICAGO MERCANTILE EXCHANGE,209742,372819,140405,153282,74421,19313,71698,116266,3790,37588,56723,20588,NQ,2008-05-23 15:30:00-04:00,-44568,-11.954326362122103,-7.010016893154192,38.613861386138616,-0.3100861641238323,55108,14.781435495508545,-0.7075263151962385,89.10891089108911,1.200687912733051,-12877,-3.4539548681800016,6.100731234955285,-33798,-9.065525093946393,1.1820059065900033,36135,9.692370828739952,0.4348060668051392,,,,,,NORMAL,,QQQ
2008-05-27,NASDAQ-100 STOCK INDEX (MINI) - CHICAGO MERCANTILE EXCHANGE,209742,382400,138820,186518,74023,19284,100701,95809,5010,38466,42452,20929,NQ,2008-05-30 15:30:00-04:00,4892,1.2792887029288702,13.233615065050973,69.6078431372549,0.5466709672961448,54739,14.314592050209205,-0.4668434452993395,88.23529411764706,1.133812115868838,-47698,-12.473326359832637,-9.019371491652635,-33456,-8.748953974895397,0.31657111905099633,21523,5.628399581589958,-4.063971247149993,2008-06-01,45.16999816894531,48.31599998474121,0.051687947999326765,84.08609315917684,NORMAL,,QQQ
2008-06-03,NASDAQ-100 STOCK INDEX (MINI) - CHICAGO MERCANTILE EXCHANGE,209742,372626,143291,159396,74065,20904,75799,107811,4629,35008,50069,24734,NQ,2008-06-06 15:30:00-04:00,-32012,-8.590919581564357,-9.870208284493227,47.57281553398058,-0.0967431772715642,53161,14.26658365224112,-0.04800839796808454,87.37864077669903,1.1159028430602234,-16105,-4.32202798516475,8.151298374667887,-30379,-8.152678557051843,0.5962754178435539,25335,6.7990424715398285,1.1706428899498702,,,,,,NORMAL,,QQQ
2008-06-10,NASDAQ-100 STOCK INDEX (MINI) - CHICAGO MERCANTILE EXCHANGE,209742,391735,129723,164426,66415,21027,90748,108039,7290,32633,66650,34701,NQ,2008-06-13 15:30:00-04:00,-17291,-4.413953310273527,4.17696627129083,58.65384615384615,0.17586959783818384,45388,11.586404074182802,-2.6801795780583184,76.92307692307693,0.8027104314045507,-34703,-8.858794848558336,-4.536766863393586,-25343,-6.469424483388004,1.6832540736638384,31949,8.155768568037066,1.3567260964972379,,,,,,NORMAL,,QQQ
2008-06-17,NASDAQ-100 STOCK INDEX (MINI) - CHICAGO MERCANTILE EXCHANGE,209742,473192,133142,162244,66644,22901,105266,129099,5831,27985,77729,46383,NQ,2008-06-20 15:30:00-04:00,-23833,-5.036644744627973,-0.6226914343544463,57.14285714285714,0.13425084390040568,43743,9.244239124921808,-2.3421649492609937,69.52380952380952,0.5327677535977319,-29102,-6.150146240849381,2.7086486077089553,-22154,-4.681820487244079,1.7876039961439254,31346,6.624372347799625,-1.5313962202374416,,,,,,NORMAL,,QQQ
2008-06-24,NASDAQ-100 STOCK INDEX (MINI) - CHICAGO MERCANTILE EXCHANGE,209742,269503,45990,98876,64870,16851,95528,85079,5919,18091,34157,27567,NQ,2008-06-27 15:30:00-04:00,10449,3.8771368036719442,8.913781548299918,74.52830188679245,0.7198545042127019,48019,17.81761241989885,8.573373294977042,92.45283018867924,1.4980813557944128,-52886,-19.62352923715135,-13.473382996301968,-12172,-4.516461783356772,0.165358703887307,6590,2.4452417969373252,-4.1791305508623,2008-07-01,45.459999084472656,47.72099990844727,0.03979866914883741,84.62594361274724,NORMAL,,QQQ
2008-07-01,NASDAQ-100 STOCK INDEX (MINI) - CHICAGO MERCANTILE EXCHANGE,209742,298622,56121,109603,55235,25215,117346,87977,7660,16055,28812,26324,NQ,2008-07-04 15:30:00-04:00,29369,9.834841371365806,5.957704567693862,87.85046728971963,1.10749992894044,30020,10.052842724246707,-7.764769695652143,71.96261682242991,0.6034317764797141,-53482,-17.909598087213936,1.7139311499374124,-8395,-2.8112463247851798,1.7052154585715922,2488,0.8331603163866025,-1.6120814805507226,,,,,,NORMAL,,QQQ
2008-07-08,NASDAQ-100 STOCK INDEX (MINI) - CHICAGO MERCANTILE EXCHANGE,209742,306726,75038,97546,49165,32364,118462,92955,7361,19398,20773,28536,NQ,2008-07-11 15:30:00-04:00,25507,8.31589105586093,-1.5189503155048758,82.4074074074074,0.9961152867589623,16801,5.4775271740902305,-4.575315550156477,51.85185185185185,0.08418511200255888,-22508,-7.338145445772448,10.571452641441489,-12037,-3.9243494193514734,-1.1131030945662936,-7763,-2.53092336482724,-3.3640836812138426,,,,,,NORMAL,,QQQ
2008-07-15,NASDAQ-100 STOCK INDEX (MINI) - CHICAGO MERCANTILE EXCHANGE,209742,303235,73799,93282,45625,32763,119241,95594,8002,20634,19848,24242,NQ,2008-07-18 15:30:00-04:00,23647,7.798242287334905,-0.5176487685260254,81.65137614678899,0.9529619775346915,12862,4.241594802710769,-1.2359323713794614,42.201834862385326,-0.0560852965894192,-19483,-6.425049878806866,0.9130955669655823,-12632,-4.165746038550959,-0.24139661919948585,-4394,-1.4490411726878494,1.0818821921393906,,,,,,NORMAL,,QQQ
2008-07-22,NASDAQ-100 STOCK INDEX (MINI) - CHICAGO MERCANTILE EXCHANGE,209742,324721,97927,86124,49529,22860,111862,130035,7410,28180,28074,27603,NQ,2008-07-25 15:30:00-04:00,-18173,-5.596496684846376,-13.394738972181282,52.72727272727272,0.06216718640865821,26669,8.212896609704947,3.9713018069941777,65.45454545454545,0.3957145988427273,11803,3.6348126545557573,10.059862533362622,-20770,-6.396260174118705,-2.230514135567746,471,0.14504759470437698,1.5940887673922264,2008-08-01,46.119998931884766,46.829999923706055,-0.023088332423763826,85.85456462014616,NORMAL,,QQQ
2008-07-29,NASDAQ-100 STOCK INDEX (MINI) - CHICAGO MERCANTILE EXCHANGE,209742,326574,92756,88530,43072,22980,125916,132140,6960,30427,30791,25418,NQ,2008-08-01 15:30:00-04:00,-6224,-1.9058467606116838,3.6906499242346924,60.36036036036037,0.30616972702211115,20092,6.152357505496457,-2.0605391042084893,54.95495495495496,0.15847140193603262,4226,1.2940405543613391,-2.3407721001944184,-23467,-7.185813934973391,-0.7895537608546856,5373,1.6452626357272777,1.5002150410229007,2008-08-01,46.119998931884766,46.829999923706055,-0.023088332423763826,85.85456462014616,NORMAL,,QQQ
2008-08-05,NASDAQ-100 STOCK INDEX (MINI) - CHICAGO MERCANTILE EXCHANGE,209742,308577,85790,78944,40226,26013,123395,120328,6598,34587,29213,25350,NQ,2008-08-08 15:30:00-04:00,3067,0.9939172394572505,2.8997640000689344,66.96428571428571,0.4974061584649814,14213,4.605981651257222,-1.5463758542392352,44.642857142857146,-0.019535023823370225,6846,2.2185710535781995,0.9245304992168604,-27989,-9.070345489132372,-1.8845315541589809,3863,1.2518755448396996,-0.39338709088757806,,,,,,NORMAL,,QQQ
2008-08-12,NASDAQ-100 STOCK INDEX (MINI) - CHICAGO MERCANTILE EXCHANGE,209742,334779,100360,97292,44706,23751,120045,128143,5066,33454,37830,25367,NQ,2008-08-15 15:30:00-04:00,-8098,-2.41890919083933,-3.4128264302965805,58.4070796460177,0.2670843287182723,20955,6.259353185235633,1.6533715339784107,56.63716814159292,0.17095503630909975,3068,0.9164254627679753,-1.3021455908102242,-28388,-8.4796238712703,0.5907216178620711,12463,3.722754414106022,2.4708788692663224,,,,,,NORMAL,,QQQ
2008-08-19,NASDAQ-100 STOCK INDEX (MINI) - CHICAGO MERCANTILE EXCHANGE,209742,342299,95383,119827,44275,25482,126054,111857,3913,32226,50073,30306,NQ,2008-08-22 15:30:00-04:00,14197,4.14754352189168,6.56645271273101,73.68421052631578,0.7055427277578061,18793,5.49022930245195,-0.769123882783683,51.75438596491229,0.08123201186648919,-24444,-7.141125156661282,-8.057550619429257,-28313,-8.27142352154111,0.2082003497291911,19767,5.774775853858761,2.0520214397527385,,,,,,NORMAL,,QQQ
2008-08-26,NASDAQ-100 STOCK INDEX (MINI) - CHICAGO MERCANTILE EXCHANGE,209742,322022,94063,107780,43473,26973,108139,102462,6542,32490,44546,27058,NQ,2008-08-29 15:30:00-04:00,5677,1.7629230301035332,-2.3846204917881466,68.69565217391305,0.5409305972357208,16500,5.123873524169156,-0.3663557782827942,46.95652173913044,0.038320581527359066,-13717,-4.259646856425959,2.8814783002353233,-25948,-8.057834557887348,0.2135889636537609,17488,5.430684860040619,-0.344090993818142,2008-09-01,38.90999984741211,45.589999771118165,-0.22195558581616026,72.43280948907432,NORMAL,,QQQ
2008-09-02,NASDAQ-100 STOCK INDEX (MINI) - CHICAGO MERCANTILE EXCHANGE,209742,323205,91825,95037,41961,26872,108972,112586,5316,32658,38262,19183,NQ,2008-09-05 15:30:00-04:00,-3614,-1.118175770795625,-2.8810988008991583,62.06896551724138,0.343975218746978,15089,4.668554013706471,-0.4553195104626848,44.827586206896555,-0.01496774013710292,-3212,-0.9937965068609705,3.265850349564988,-27342,-8.459646354480903,-0.40181179659355415,19079,5.903064618431027,0.47237975839040836,,,,,,NORMAL,,QQQ
2008-09-09,NASDAQ-100 STOCK INDEX (MINI) - CHICAGO MERCANTILE EXCHANGE,209742,356462,114338,95363,34460,39924,131024,140915,8523,18024,18124,12243,NQ,2008-09-12 15:30:00-04:00,-9891,-2.7747698211871112,-1.6565940503914862,55.55555555555556,0.23039185159958162,-5464,-1.5328422103898873,-6.201396224096358,23.931623931623932,-0.7415847454363366,18975,5.323148049441455,6.316944556302426,-9501,-2.665361244676852,5.794285109804051,5881,1.6498252268123952,-4.2532393916186315,,,,,,NORMAL,,QQQ
2008-09-16,NASDAQ-100 STOCK INDEX (MINI) - CHICAGO MERCANTILE EXCHANGE,209742,434630,107135,107634,27616,39906,132746,126273,6214,7380,45993,38511,NQ,2008-09-19 15:30:00-04:00,6473,1.48931274877482,4.264082569961931,68.64406779661016,0.5186994694668838,-12290,-2.827692520074546,-1.2948503096846586,22.88135593220339,-0.8887596219033851,-499,-0.11481029841474358,-5.437958347856199,-1166,-0.2682741642316453,2.397087080445207,7482,1.721464233946115,0.07163900713371985,,,,,,NORMAL,,QQQ
2008-09-23,NASDAQ-100 STOCK INDEX (MINI) - CHICAGO MERCANTILE EXCHANGE,209742,282666,106801,81796,32360,51879,80386,97062,5340,6340,23358,11168,NQ,2008-09-26 15:30:00-04:00,-16676,-5.899542215901453,-7.3888549646762725,48.739495798319325,0.013027316415531853,-19519,-6.905322889912476,-4.07763036983793,10.92436974789916,-1.3612904217916886,25005,8.846129354078665,8.960939652493408,-1000,-0.35377441927929076,-0.08550025504764547,12190,4.312510171014554,2.591045937068439,2008-10-01,32.88999938964844,43.7569995880127,-0.27186183920944806,61.22629322098604,NORMAL,,QQQ
2008-09-30,NASDAQ-100 STOCK INDEX (MINI) - CHICAGO MERCANTILE EXCHANGE,209742,304584,104567,99923,26151,49137,81799,85616,7286,6611,55270,33786,NQ,2008-10-03 15:30:00-04:00,-3817,-1.2531846715520185,4.646357544349434,60.83333333333333,0.33056241552816973,-22986,-7.546686628319281,-0.6413637384068052,10.0,-1.4203269182329499,4644,1.5247025451107084,-7.321426808967956,675,0.22161374202190529,0.5753881613011961,21484,7.053555012738686,2.7410448417241318,,,,,,NORMAL,,QQQ
2008-10-07,NASDAQ-100 STOCK INDEX (MINI) - CHICAGO MERCANTILE EXCHANGE,209742,381376,100540,135994,29947,95479,140885,72809,21414,6667,25328,7165,NQ,2008-10-10 15:30:00-04:00,68076,17.850100688034907,19.103285359586927,95.0413223140496,1.639686252646171,-65532,-17.18304245678805,-9.63635582846877,0.0,-2.52654242662062,-35454,-9.296337472730324,-10.821040017841032,14747,3.866787632153046,3.6451738901311406,18163,4.762491609330424,-2.2910634034082618,,,,,,EXTREME_LONG,long,QQQ
2008-10-14,NASDAQ-100 STOCK INDEX (MINI) - CHICAGO MERCANTILE EXCHANGE,209742,387668,124846,119647,48066,69911,114345,118710,16540,7298,27605,15836,NQ,2008-10-17 15:30:00-04:00,-4365,-1.1259634532641332,-18.97606414129904,61.47540983606557,0.3221327699144025,-21845,-5.63497631994387,11.54806613684418,18.0327868852459,-1.1343792318181245,5199,1.3410959893517134,10.637433462082036,9242,2.3839986792822723,-1.4827889528707736,11769,3.035845104574017,-1.726646504756407,,,,,,UNWINDING_LONG,long,QQQ
2008-10-21,NASDAQ-100 STOCK INDEX (MINI) - CHICAGO MERCANTILE EXCHANGE,209742,407292,118260,119631,45397,72327,145953,145160,15626,6520,46166,27764,NQ,2008-10-24 15:30:00-04:00,793,0.19470060791766103,1.3206640611817941,65.85365853658537,0.41101773726027924,-26930,-6.611963898136963,-0.9769875781930937,13.008130081300814,-1.23526457074654,-1371,-0.33661353525234966,-1.677709524604063,9106,2.235742415760683,-0.14825626352158938,18402,4.518134409710969,1.482289305136952,,,,,,NORMAL,,QQQ
2008-10-28,NASDAQ-100 STOCK INDEX (MINI) - CHICAGO MERCANTILE EXCHANGE,209742,409077,99047,136729,46802,70745,147850,115020,14101,7872,49538,26972,NQ,2008-10-31 15:30:00-04:00,32830,8.025383974166234,7.830683366248572,83.06451612903226,0.9464664523604505,-23943,-5.852932333032657,0.7590315651043067,13.709677419354838,-1.1364004231320028,-37682,-9.211468745492903,-8.874855210240554,6229,1.5226962161157924,-0.7130461996448905,22566,5.516320888243533,0.9981864785325643,2008-11-01,29.1200008392334,42.15599956512451,-0.35943683621455147,54.20826217891034,NORMAL,,QQQ
2008-11-04,NASDAQ-100 STOCK INDEX (MINI) - CHICAGO MERCANTILE EXCHANGE,209742,351396,100321,131812,47021,53752,97555,98142,13700,7139,55265,23017,NQ,2008-11-07 15:30:00-05:00,-587,-0.16704800282302587,-8.19243197698926,64.8,0.376862450020242,-6731,-1.9155027376521077,3.937429595380549,28.000000000000004,-0.6785935165795756,-31491,-8.961684253662535,0.24978449183036844,6561,1.8671242700542978,0.3444280539385054,32248,9.17711072408337,3.6607898358398367,,,,,,UNWINDING_LONG,long,QQQ
2008-11-11,NASDAQ-100 STOCK INDEX (MINI) - CHICAGO MERCANTILE EXCHANGE,209742,363166,100779,134132,38926,60264,114904,92075,15326,8016,54656,30104,NQ,2008-11-14 15:30:00-05:00,22829,6.286106078212168,6.453154081035193,76.98412698412699,0.8197367524109825,-21338,-5.875550023955987,-3.9600472863038796,13.492063492063492,-1.1256666483003217,-33353,-9.183954445074704,-0.22227019141216964,7310,2.012853626165445,0.14572935611114723,24552,6.760544764653079,-2.416565959430291,,,,,,NORMAL,,QQQ
2008-11-18,NASDAQ-100 STOCK INDEX (MINI) - CHICAGO MERCANTILE EXCHANGE,209742,363973,101653,132632,44635,66776,111443,87908,11681,8119,46946,20923,NQ,2008-11-21 15:30:00-05:00,23535,6.466138971846813,0.18003289363464514,77.95275590551181,0.8267793592050011,-22141,-6.0831435298772165,-0.2075935059212295,13.385826771653544,-1.1392830251622617,-30979,-8.511345621790626,0.6726088232840777,3562,0.978644020298209,-1.034209605867236,26023,7.149706159522822,0.38916139486974277,,,,,,NORMAL,,QQQ
2008-11-25,NASDAQ-100 STOCK INDEX (MINI) - CHICAGO MERCANTILE EXCHANGE,209742,363610,103255,98793,28078,74790,114603,92259,5285,8047,55226,32558,NQ,2008-11-28 15:30:00-05:00,22344,6.145045515799896,-0.32109345604691697,75.78125,0.7991829762528072,-46712,-12.846731388025631,-6.763587858148415,1.5625,-1.8977218884953475,4462,1.2271389675751492,9.738484589365775,-2762,-0.7596050713676742,-1.738249091665883,22668,6.2341519760182615,-0.9155541835045602,2008-12-01,29.739999771118164,40.83499946594238,-0.35516044102599476,55.36241958556028,NORMAL,,QQQ
2008-12-02,NASDAQ-100 STOCK INDEX (MINI) - CHICAGO MERCANTILE EXCHANGE,209742,347268,105125,115269,30089,71718,112324,84607,6762,8183,34481,9004,NQ,2008-12-05 15:30:00-05:00,27717,7.981443726459104,1.8363982106592083,82.94573643410853,0.9211490919025818,-41629,-11.987571558565719,0.8591598294599123,3.875968992248062,-1.767694163158936,-10144,-2.9210868839052258,-4.148225851480375,-1421,-0.4091940518562033,0.3504110195114709,25477,7.336408767868044,1.1022567918497828,,,,,,NORMAL,,QQQ
2008-12-09,NASDAQ-100 STOCK INDEX (MINI) - CHICAGO MERCANTILE EXCHANGE,209742,350273,128065,111818,17831,72664,103419,86069,2804,8414,41109,14263,NQ,2008-12-12 15:30:00-05:00,17350,4.953279299289411,-3.028164427169693,73.07692307692307,0.7050359636085947,-54833,-15.654361026970392,-3.666789468404673,0.7692307692307693,-2.14923700598793,16247,4.6383820619916465,7.559468945896873,-5610,-1.6016078887039538,-1.1924138368477504,26846,7.664307554393288,0.3278987865252434,,,,,,NORMAL,,QQQ
2008-12-16,NASDAQ-100 STOCK INDEX (MINI) - CHICAGO MERCANTILE EXCHANGE,209742,397431,109797,121787,24950,66879,100838,80114,5402,6744,57450,22913,NQ,2008-12-19 15:30:00-05:00,20724,5.214490062425931,0.2612107631365195,74.80916030534351,0.7191360401421265,-41929,-10.550007422672111,5.1043536042982804,8.396946564885496,-1.5420218124112777,-11990,-3.016875885373813,-7.65525794736546,-1342,-0.3376686770785369,1.263939211625417,34537,8.690061922698531,1.0257543683052432,,,,,,NORMAL,,QQQ
2008-12-22,NASDAQ-100 STOCK INDEX (MINI) - CHICAGO MERCANTILE EXCHANGE,209742,222702,98508,48343,32636,60755,32269,59413,19907,3283,12531,24057,NQ,2008-12-25 15:30:00-05:00,-27144,-12.188485060753832,-17.402975123179765,28.78787878787879,-0.49409354090664004,-28119,-12.626289840234932,-2.0762824175628207,3.0303030303030303,-1.7498854362898917,50165,22.525617192481434,25.542493077855248,16624,7.464683747788524,7.8023524248670615,-11526,-5.175526039281192,-13.865587961979724,2009-01-01,29.059999465942383,39.368999290466306,-0.25314830172441766,54.09656677778687,NORMAL,,QQQ
2008-12-30,NASDAQ-100 STOCK INDEX (MINI) - CHICAGO MERCANTILE EXCHANGE,209742,229980,92103,56831,29944,61315,44498,57996,21004,2628,16656,25435,NQ,2009-01-02 15:30:00-05:00,-13498,-5.8692060179146015,6.319279042839231,45.11278195488722,-0.05148025333372284,-31371,-13.64075136968432,-1.0144615294493882,1.5037593984962405,-1.8337390227253774,35272,15.336985824854334,-7.188631367627099,18376,7.990260022610662,0.5255762748221375,-8779,-3.8172884598660755,1.3582375794151167,,,,,,NORMAL,,QQQ
2009-01-06,NASDAQ-100 STOCK INDEX (MINI) - CHICAGO MERCANTILE EXCHANGE,209742,221422,95396,55564,29362,57921,42216,54899,12608,2305,17812,26705,NQ,2009-01-09 15:30:00-05:00,-12683,-5.727976443171862,0.14122957474273967,45.52238805970149,-0.041411106407949476,-28559,-12.897995682452512,0.7427556872318082,2.9850746268656714,-1.7242314850162546,39832,17.989179033700356,2.652193208846022,10303,4.653105834108625,-3.337154188502037,-8893,-4.016312742184607,-0.19902428231853175,,,,,,NORMAL,,QQQ
2009-01-13,NASDAQ-100 STOCK INDEX (MINI) - CHICAGO MERCANTILE EXCHANGE,209742,246708,116625,57092,27521,58226,42895,60252,18001,3901,16860,42431,NQ,2009-01-16 15:30:00-05:00,-17357,-7.035442709600013,-1.3074662664281513,41.48148148148148,-0.1330454287641269,-30705,-12.445887445887445,0.45210823656506705,5.185185185185185,-1.6507681629792366,59533,24.13095643432722,6.141777400626864,14100,5.715258524247289,1.0621526901386638,-25571,-10.364884803087051,-6.348572060902444,,,,,,NORMAL,,QQQ
2009-01-20,NASDAQ-100 STOCK INDEX (MINI) - CHICAGO MERCANTILE EXCHANGE,209742,268252,139523,57247,25545,66286,48052,65737,16593,4969,17549,53023,NQ,2009-01-23 15:30:00-05:00,-17685,-6.59268150843237,0.4427612011676434,42.64705882352941,-0.10135377501200658,-40741,-15.18758480831457,-2.741697362427125,1.4705882352941175,-1.919852989208052,82276,30.671159954073037,6.540203519745816,11624,4.333238894770589,-1.3820196294766998,-35474,-13.224132532096686,-2.8592477290096348,,,,,,NORMAL,,QQQ
2009-01-27,NASDAQ-100 STOCK INDEX (MINI) - CHICAGO MERCANTILE EXCHANGE,209742,248360,124204,56398,25682,68486,49246,58480,13569,3703,17076,42710,NQ,2009-01-30 15:30:00-05:00,-9234,-3.7179900144950877,2.874691493937282,51.82481751824818,0.10230721241419864,-42804,-17.234659365437267,-2.0470745571226967,0.0,-2.1030082533355436,67806,27.301497825736835,-3.369662128336202,9866,3.972459333225962,-0.36077956154462676,-25634,-10.32130777903044,2.9028247530662465,2009-02-01,27.530000686645508,37.40099945068359,-0.16296743090514915,51.248401510916594,NORMAL,,QQQ
2009-02-03,NASDAQ-100 STOCK INDEX (MINI) - CHICAGO MERCANTILE EXCHANGE,209742,257135,114051,59392,33546,61513,56772,70293,14092,3318,14097,38042,NQ,2009-02-06 15:30:00-05:00,-13521,-5.2583273377797655,-1.5403373232846778,48.55072463768116,-0.007388786415493901,-27967,-10.87638788962996,6.358271475807307,12.318840579710146,-1.4010935027516256,54659,21.25692729500068,-6.044570530736156,10774,4.190016917183581,0.21755758395761848,-23945,-9.312228984774535,1.0090787942559043,,,,,,NORMAL,,QQQ
2009-02-10,NASDAQ-100 STOCK INDEX (MINI) - CHICAGO MERCANTILE EXCHANGE,209742,266329,107795,74994,44765,55953,56766,66365,14779,3894,18019,40918,NQ,2009-02-13 15:30:00-05:00,-9599,-3.6041888040731576,1.654138533706608,52.51798561151079,0.11046567751898892,-11188,-4.200819287422699,6.675568602207261,28.05755395683453,-0.6943187226100794,32801,12.315970097135498,-8.940957197865181,10885,4.087050227350383,-0.10296668983319801,-22899,-8.598012232990024,0.7142167517845106,,,,,,NORMAL,,QQQ
2009-02-17,NASDAQ-100 STOCK INDEX (MINI) - CHICAGO MERCANTILE EXCHANGE,209742,295777,130304,76817,46840,58279,57397,83689,14579,3838,23789,50286,NQ,2009-02-20 15:30:00-05:00,-26292,-8.88912931025739,-5.284940506184233,35.0,-0.26773473279221566,-11439,-3.8674406732098845,0.33337861421281456,28.57142857142857,-0.6560353920258607,53487,18.083556192672184,5.767586095536686,10741,3.631452073690652,-0.45559815365973044,-26497,-8.95843828289556,-0.36042604990553606,,,,,,NORMAL,,QQQ
2009-02-24,NASDAQ-100 STOCK INDEX (MINI) - CHICAGO MERCANTILE EXCHANGE,209742,299235,126002,91552,51413,54755,57278,77027,15240,4262,23184,45521,NQ,2009-02-27 15:30:00-05:00,-19749,-6.599829565391749,2.289299744865641,41.843971631205676,-0.10252197100891684,-3342,-1.116847962303875,2.7505927109060098,37.5886524822695,-0.3664919938027445,34450,11.512690694604576,-6.570865498067608,10978,3.668688488980233,0.03723641528958099,-22337,-7.464701655889184,1.4937366270063768,2009-03-01,30.31999969482422,35.431999588012694,0.041208750721396306,56.44211694208115,NORMAL,,QQQ
2009-03-03,NASDAQ-100 STOCK INDEX (MINI) - CHICAGO MERCANTILE EXCHANGE,209742,312091,138670,97271,46946,59203,65981,84579,17239,2728,16038,41093,NQ,2009-03-06 15:30:00-05:00,-18598,-5.9591593477543405,0.6406702176374086,44.36619718309859,-0.05604488115355743,-12257,-3.9273801551470564,-2.8105321928431817,28.169014084507044,-0.658401869382608,41399,13.265041286035164,1.752350591430588,14511,4.649605403552169,0.9809169145719356,-25055,-8.028107186685935,-0.5634055307967509,,,,,,NORMAL,,QQQ
2009-03-10,NASDAQ-100 STOCK INDEX (MINI) - CHICAGO MERCANTILE EXCHANGE,209742,330184,161125,84196,42175,63509,54036,92794,16126,2813,26751,56901,NQ,2009-03-13 15:30:00-04:00,-38758,-11.73830349138662,-5.77914414363228,28.671328671328673,-0.4732889745305401,-21334,-6.461245850798343,-2.5338656956512864,19.58041958041958,-0.9201331988672622,76929,23.298827320524314,10.03378603448915,13313,4.03199428197611,-0.6176111215760587,-30150,-9.13127226031546,-1.1031650736295262,,,,,,NORMAL,,QQQ
2009-03-17,NASDAQ-100 STOCK INDEX (MINI) - CHICAGO MERCANTILE EXCHANGE,209742,398815,165317,77232,33160,66950,57827,95901,14560,2668,29776,57889,NQ,2009-03-20 15:30:00-04:00,-38074,-9.54678234269022,2.191521148696401,32.63888888888889,-0.3125550105617755,-33790,-8.472600077730275,-2.0113542269319327,16.666666666666664,-1.1247400358214164,88085,22.086681794817146,-1.212145525707168,11892,2.9818336822837654,-1.0501605996923447,-28113,-7.049133056680415,2.0821392036350455,,,,,,NORMAL,,QQQ
2009-03-24,NASDAQ-100 STOCK INDEX (MINI) - CHICAGO MERCANTILE EXCHANGE,209742,236219,104114,47454,31597,60768,46347,69632,4754,6842,13061,15177,NQ,2009-03-27 15:30:00-04:00,-23285,-9.857378110990226,-0.310595768300006,31.724137931034484,-0.3339443646493148,-29171,-12.34913364293304,-3.876533565202765,6.896551724137931,-1.521307692942462,56660,23.986216180747526,1.8995343859303802,-2088,-0.8839255098023444,-3.86575919208611,-2116,-0.8957789170219161,6.153354139658499,2009-04-01,34.279998779296875,34.342999649047854,0.15265632290245362,63.8138429864747,NORMAL,,QQQ
2009-03-31,NASDAQ-100 STOCK INDEX (MINI) - CHICAGO MERCANTILE EXCHANGE,209742,241100,69976,56418,31004,61936,71418,55222,6136,7787,24398,21569,NQ,2009-04-03 15:30:00-04:00,16196,6.717544587308171,16.574922698298398,80.13698630136986,0.8753224515145008,-30932,-12.829531314807134,-0.4803976718740941,5.47945205479452,-1.5541729678561624,13558,5.623392783077561,-18.362823397669963,-1651,-0.6847781003732891,0.1991474094290553,2829,1.173372044794691,2.0691509618166073,,,,,,NORMAL,,QQQ
2009-04-07,NASDAQ-100 STOCK INDEX (MINI) - CHICAGO MERCANTILE EXCHANGE,209742,239199,71108,54950,44308,57095,60009,62032,4849,9246,19989,16940,NQ,2009-04-10 15:30:00-04:00,-2023,-0.8457393216526825,-7.5632839089608535,63.26530612244898,0.31840698083643126,-12787,-5.345758134440361,7.483773180366773,28.57142857142857,-0.7609654116661648,16158,6.755044962562552,1.1316521794849912,-4397,-1.8382183872006155,-1.1534402868273264,3049,1.2746708807311067,0.10129883593641575,,,,,,NORMAL,,QQQ
2009-04-14,NASDAQ-100 STOCK INDEX (MINI) - CHICAGO MERCANTILE EXCHANGE,209742,245377,81168,67091,47282,56856,56024,58836,4850,10175,18214,14580,NQ,2009-04-17 15:30:00-04:00,-2812,-1.1459916781116404,-0.30025235645895787,60.13513513513513,0.29525941833479974,-9574,-3.9017511828737006,1.4440069515666605,31.08108108108108,-0.6071077536487518,14077,5.736886505255179,-1.018158457307373,-5325,-2.1701300447882237,-0.3319116575876082,3634,1.480986400518386,0.20631551978727924,,,,,,NORMAL,,QQQ
2009-04-21,NASDAQ-100 STOCK INDEX (MINI) - CHICAGO MERCANTILE EXCHANGE,209742,265772,68378,86295,49320,54567,85852,59045,4616,8554,19348,19053,NQ,2009-04-24 15:30:00-04:00,26807,10.08646509037822,11.23245676848986,90.60402684563759,1.1185590442902926,-5247,-1.9742486040666436,1.927502578807057,38.25503355704698,-0.4039276345015863,-17917,-6.741492708035459,-12.478379213290637,-3938,-1.4817211745405836,0.6884088702476401,295,0.1109973962644673,-1.3699890042539187,2009-05-01,35.380001068115234,33.33499984741211,0.21748113277082956,65.86154939963278,EXTREME_LONG,long,QQQ
2009-04-28,NASDAQ-100 STOCK INDEX (MINI) - CHICAGO MERCANTILE EXCHANGE,209742,274769,81918,78543,36656,53713,89597,68194,4224,8394,21431,24982,NQ,2009-05-01 15:30:00-04:00,21403,7.789452230782949,-2.29701285959527,83.33333333333334,0.9417526090225676,-17057,-6.20775997292271,-4.233511368856066,21.333333333333336,-0.8437660045453211,3375,1.2283045030552937,7.969797211090753,-4170,-1.517638452663874,-0.035917278123290375,-3551,-1.2923583082516588,-1.403355704516126,2009-05-01,35.380001068115234,33.33499984741211,0.21748113277082956,65.86154939963278,UNWINDING_LONG,long,QQQ
2009-05-05,NASDAQ-100 STOCK INDEX (MINI) - CHICAGO MERCANTILE EXCHANGE,209742,283463,95309,81219,45992,48542,80609,80652,5793,9809,19208,26689,NQ,2009-05-08 15:30:00-04:00,-43,-0.015169528298225871,-7.804621759081175,64.90066225165563,0.36332965886893737,-2550,-0.8995883060575807,5.308171666865129,42.384105960264904,-0.2850109887488492,14090,4.970666365627966,3.742361862572672,-4016,-1.4167633871087233,0.10087506555515069,-7481,-2.639145144163436,-1.3467868359117772,,,,,,UNWINDING_LONG,long,QQQ
2009-05-12,NASDAQ-100 STOCK INDEX (MINI) - CHICAGO MERCANTILE EXCHANGE,209742,286699,86023,67620,48059,48483,78006,76024,4395,6308,22531,40579,NQ,2009-05-15 15:30:00-04:00,1982,0.691317374668206,0.7064869029664318,65.78947368421053,0.41396084078791406,-424,-0.14789029609451027,0.7516980099630703,42.76315789473684,-0.20531102455291877,18403,6.418927167517152,1.4482608018891865,-1913,-0.6672503217660334,0.7495130653426899,-18048,-6.295103924324814,-3.655958780161378,,,,,,NORMAL,,QQQ
2009-05-19,NASDAQ-100 STOCK INDEX (MINI) - CHICAGO MERCANTILE EXCHANGE,209742,291426,58540,73580,39464,52415,109252,67488,4208,4732,19464,32713,NQ,2009-05-22 15:30:00-04:00,41764,14.330910762938105,13.6395933882699,94.11764705882352,1.4186426008044664,-12951,-4.444009800086471,-4.296119503991961,28.75816993464052,-0.655774024834972,-15040,-5.160829850459465,-11.579757017976618,-524,-0.17980550808781645,0.4874448136782169,-13249,-4.5462656043043514,1.7488383200204627,,,,,,EXTREME_LONG,long,QQQ
2009-05-26,NASDAQ-100 STOCK INDEX (MINI) - CHICAGO MERCANTILE EXCHANGE,209742,302106,73846,77270,40126,47160,109902,75852,5221,5022,18343,42134,NQ,2009-05-29 15:30:00-04:00,34050,11.270878433397549,-3.0600323295405563,91.55844155844156,1.1798295485787387,-7034,-2.3283218472986302,2.115687952787841,38.311688311688314,-0.43014166361112954,-3424,-1.1333770266065553,4.02745282385291,199,0.06587091947859361,0.24567642756641006,-23791,-7.875050478970957,-3.3287848746666056,2009-06-01,36.380001068115234,32.361000061035156,0.32146749584945566,67.7230968109184,EXTREME_LONG,long,QQQ
2009-06-02,NASDAQ-100 STOCK INDEX (MINI) - CHICAGO MERCANTILE EXCHANGE,209742,282867,84490,70044,39843,52167,92086,72325,3275,6456,17824,36526,NQ,2009-06-05 15:30:00-04:00,19761,6.985968670788745,-4.2849097626088035,80.0,0.8560623518259994,-12324,-4.35681786846822,-2.02849602116959,29.03225806451613,-0.6424946737087339,14446,5.106993746177532,6.240370772784088,-3181,-1.1245567704963817,-1.1904276899749753,-18702,-6.611587778001676,1.2634627009692814,,,,,,UNWINDING_LONG,long,QQQ
2009-06-09,NASDAQ-100 STOCK INDEX (MINI) - CHICAGO MERCANTILE EXCHANGE,209742,281986,87212,68249,39428,43545,83554,77953,3484,6683,17870,35118,NQ,2009-06-12 15:30:00-04:00,5601,1.9862688218564042,-4.999699848932341,69.23076923076923,0.48380189402016105,-4117,-1.4600015603611527,2.8968163081070677,41.66666666666667,-0.3334187385155668,18963,6.7248019405218695,1.6178081943443372,-3199,-1.1344534835062734,-0.0098967130098917,-17248,-6.116615718510848,0.494972059490828,,,,,,UNWINDING_LONG,long,QQQ
2009-06-16,NASDAQ-100 STOCK INDEX (MINI) - CHICAGO MERCANTILE EXCHANGE,209742,389999,86181,74487,44233,58764,105749,81887,3479,6683,21204,39025,NQ,2009-06-19 15:30:00-04:00,23862,6.118477226864684,4.13220840500828,75.0,0.7798883498952043,-14531,-3.725906989505101,-2.2659054291439484,32.69230769230769,-0.5767868368218907,11694,2.9984692268441715,-3.726332713677698,-3204,-0.8215405680527386,0.31291291545353483,-17821,-4.569498896151016,1.5471168223598317,,,,,,NORMAL,,QQQ
2009-06-23,NASDAQ-100 STOCK INDEX (MINI) - CHICAGO MERCANTILE EXCHANGE,209742,235355,73522,66994,37994,56925,78008,63790,3055,8967,19931,15834,NQ,2009-06-26 15:30:00-04:00,14218,6.041086868772705,-0.07739035809197858,74.35897435897436,0.7687657484942162,-18931,-8.043593720124917,-4.317686730619816,16.666666666666664,-1.0460308222657024,6528,2.7736823097023646,-0.22478691714180687,-5912,-2.5119500329289797,-1.690409464876241,4097,1.7407745745788277,6.310273470729843,2009-07-01,39.45000076293945,32.41500015258789,0.30112141029057377,73.43804679546611,UNWINDING_LONG,long,QQQ
2009-06-30,NASDAQ-100 STOCK INDEX (MINI) - CHICAGO MERCANTILE EXCHANGE,209742,240885,68391,66483,35800,51023,81613,70376,2387,9751,24478,15036,NQ,2009-07-03 15:30:00-04:00,11237,4.664881582497872,-1.3762052862748329,70.51282051282051,0.656910084894445,-15223,-6.3196130933848105,1.723980626740107,19.871794871794872,-0.8695942330611862,1908,0.7920792079207921,-1.9816031017815725,-7364,-3.0570604230234344,-0.5451103900944547,9442,3.91971272598958,2.1789381514107524,,,,,,NORMAL,,QQQ
2009-07-07,NASDAQ-100 STOCK INDEX (MINI) - CHICAGO MERCANTILE EXCHANGE,209742,247976,91017,60419,35692,53835,62318,76891,3238,7506,24008,17622,NQ,2009-07-10 15:30:00-04:00,-14573,-5.876778397909475,-10.541659980407347,41.02564102564102,-0.17700366700871692,-18143,-7.3164338484369456,-0.9968207550521351,16.666666666666664,-0.9835609690066911,30598,12.339097331999872,11.547018124079079,-4268,-1.7211343033196762,1.3359261197037582,6386,2.575249217666226,-1.3444635083233543,,,,,,NORMAL,,QQQ
2009-07-14,NASDAQ-100 STOCK INDEX (MINI) - CHICAGO MERCANTILE EXCHANGE,209742,253455,94015,53715,32345,53372,68865,87887,2893,6585,23047,19606,NQ,2009-07-17 15:30:00-04:00,-19022,-7.505079797202659,-1.6283013992931838,33.33333333333333,-0.31747282191983545,-21027,-8.29614724507309,-0.9797133966361447,14.743589743589745,-1.095279730855434,40300,15.900258428517883,3.5611610965180116,-3692,-1.456668836677122,0.2644654666425541,3441,1.3576374504349884,-1.2176117672312374,,,,,,NORMAL,,QQQ
2009-07-21,NASDAQ-100 STOCK INDEX (MINI) - CHICAGO MERCANTILE EXCHANGE,209742,279908,94214,49871,33184,50110,74572,108332,2950,9599,32955,19963,NQ,2009-07-24 15:30:00-04:00,-33760,-12.061105791903055,-4.556025994700396,21.153846153846153,-0.6965116077872545,-16926,-6.04698686711348,2.24916037795961,21.153846153846153,-0.856826361383849,44343,15.841990939880246,-0.058267488637637754,-6649,-2.3754233533875415,-0.9187545167104194,12992,4.641525072523829,3.283887622088841,,,,,,NORMAL,,QQQ
2009-07-28,NASDAQ-100 STOCK INDEX (MINI) - CHICAGO MERCANTILE EXCHANGE,209742,305032,80835,62795,40420,45931,107808,125668,3202,13114,33158,17915,NQ,2009-07-31 15:30:00-04:00,-17860,-5.855123396889507,6.205982395013548,41.66666666666667,-0.21006485133305014,-5511,-1.806695690943901,4.240291176169579,39.743589743589745,-0.4048453681651663,18040,5.9141335990977995,-9.927857340782445,-9912,-3.2494951349366623,-0.8740717815491208,15243,4.9971806236722704,0.35565555114844116,2009-08-01,40.029998779296875,33.12900009155273,0.1677362953546155,74.51774060136708,NORMAL,,QQQ
2009-08-04,NASDAQ-100 STOCK INDEX (MINI) - CHICAGO MERCANTILE EXCHANGE,209742,315907,82593,85444,42273,42478,118856,116483,3095,15557,32709,19564,NQ,2009-08-07 15:30:00-04:00,2373,0.7511704394014694,6.606293836290976,62.17948717948718,0.3165003397259031,-205,-0.06489251583535662,1.7418031751085443,44.871794871794876,-0.22365564234304197,-2851,-0.902480793398057,-6.816614392495857,-12462,-3.9448318650742147,-0.6953367301375524,13145,4.161034734906159,-0.8361458887661115,,,,,,NORMAL,,QQQ
2009-08-11,NASDAQ-100 STOCK INDEX (MINI) - CHICAGO MERCANTILE EXCHANGE,209742,336208,83766,87831,46395,42797,134477,131161,3073,15213,36599,27308,NQ,2009-08-14 15:30:00-04:00,3316,0.9862941988292961,0.2351237594278267,62.17948717948718,0.3259679199917575,3598,1.0701708466187598,1.1350633624541164,47.43589743589743,-0.10734396041789591,-4065,-1.2090729548374815,-0.30659216143942447,-12140,-3.6108599438442868,0.3339719212299279,9291,2.7634678532337125,-1.3975668816724465,,,,,,NORMAL,,QQQ
2009-08-18,NASDAQ-100 STOCK INDEX (MINI) - CHICAGO MERCANTILE EXCHANGE,209742,325375,94693,87255,45237,39932,125809,136325,3308,14638,25998,16895,NQ,2009-08-21 15:30:00-04:00,-10516,-3.231963119477526,-4.218257318306822,47.43589743589743,-0.03209799277634515,5305,1.6304264310411065,0.5602555844223467,48.07692307692308,-0.053015511618250875,7438,2.285977718017672,3.4950506728551534,-11330,-3.482135996926623,0.12872394691766376,9103,2.797694967345371,0.03422711411165835,,,,,,NORMAL,,QQQ
2009-08-25,NASDAQ-100 STOCK INDEX (MINI) - CHICAGO MERCANTILE EXCHANGE,209742,332249,99011,74585,47897,35525,109859,147717,3344,13062,28449,17671,NQ,2009-08-28 15:30:00-04:00,-37858,-11.394466198543864,-8.162503079066337,21.153846153846153,-0.715900387376983,12372,3.7237132391670102,2.093286808125904,51.92307692307693,0.1714152751604396,24426,7.3517151293156635,5.065737411297992,-9718,-2.924914747674184,0.5572212492524389,10778,3.243952577735373,0.4462576103900022,2009-09-01,42.25,34.442000007629396,0.19417746536124525,78.65037812681791,NORMAL,,QQQ
2009-09-01,NASDAQ-100 STOCK INDEX (MINI) - CHICAGO MERCANTILE EXCHANGE,209742,347853,129337,57863,44839,46210,91375,154165,2132,12866,22450,19029,NQ,2009-09-04 15:30:00-04:00,-62790,-18.05072832489586,-6.656262126351997,10.897435897435898,-1.2725681395911361,-1371,-0.3941320040361877,-4.117845243203198,41.02564102564102,-0.2953599895670772,71474,20.547185161548125,13.19547003223246,-10734,-3.0857862372898897,-0.16087148961570552,3421,0.9834614046738134,-2.2604911730615598,,,,,,NORMAL,,QQQ
2009-09-08,NASDAQ-100 STOCK INDEX (MINI) - CHICAGO MERCANTILE EXCHANGE,209742,364640,120299,57656,47384,58488,113580,165410,2533,11228,28388,19402,NQ,2009-09-11 15:30:00-04:00,-51830,-14.214019306713471,3.8367090181823897,16.025641025641026,-0.9475316603414904,-11104,-3.045195261079421,-2.651063257043233,32.69230769230769,-0.5997386317432707,62643,17.179409828872313,-3.367775332675812,-8695,-2.3845436594997804,0.7012425777901092,8986,2.46434839842036,1.4808869937465468,,,,,,NORMAL,,QQQ
2009-09-15,NASDAQ-100 STOCK INDEX (MINI) - CHICAGO MERCANTILE EXCHANGE,209742,414100,125728,63719,50140,56728,107348,176214,2268,11725,42334,19432,NQ,2009-09-18 15:30:00-04:00,-68866,-16.630282540449166,-2.4162632337356946,14.102564102564102,-1.1439247924586062,-6588,-1.5909200676165178,1.454275193462903,36.53846153846153,-0.4394349350585596,62009,14.974402318280609,-2.205007510591704,-9457,-2.28374788698382,0.10079577251596028,22902,5.530548176768896,3.066199778348536,,,,,,NORMAL,,QQQ
2009-09-22,NASDAQ-100 STOCK INDEX (MINI) - CHICAGO MERCANTILE EXCHANGE,209742,288165,94471,46510,39214,55654,96910,142910,2310,9398,38906,17339,NQ,2009-09-25 15:30:00-04:00,-46000,-15.963076709524058,0.6672058309251074,15.384615384615385,-1.0759203823831107,-16440,-5.705064806621206,-4.114144739004688,19.871794871794872,-0.9074963088809993,47961,16.643589610119204,1.669187291838595,-7088,-2.45970190689362,-0.17595401990979997,21567,7.484253812919682,1.9537056361507856,2009-10-01,40.959999084472656,35.56399993896484,0.12589328977154704,76.24898026196189,NORMAL,,QQQ
2009-09-29,NASDAQ-100 STOCK INDEX (MINI) - CHICAGO MERCANTILE EXCHANGE,209742,314232,89780,63512,45655,56194,119198,149435,2046,9883,42131,19786,NQ,2009-10-02 15:30:00-04:00,-30237,-9.622508210494157,6.340568499029901,25.64102564102564,-0.5458679844829891,-10539,-3.3538913923470557,2.3511734142741507,30.128205128205128,-0.6431467855371248,26268,8.35942870236004,-8.284160907759164,-7837,-2.494017159296316,-0.03431525240269595,22345,7.1109880597774895,-0.3732657531421921,,,,,,NORMAL,,QQQ
2009-10-06,NASDAQ-100 STOCK INDEX (MINI) - CHICAGO MERCANTILE EXCHANGE,209742,332087,94561,66098,43820,57914,131892,164170,3634,8949,38989,15765,NQ,2009-10-09 15:30:00-04:00,-32278,-9.719742115770867,-0.09723390527670972,25.64102564102564,-0.5488969637342273,-14094,-4.244068572392174,-0.8901771800451184,23.076923076923077,-0.7460289649591567,28463,8.57094676997293,0.21151806761288938,-5315,-1.6004842104629209,0.8935329488333952,23224,6.993348128653034,-0.11763993112445537,,,,,,NORMAL,,QQQ
2009-10-13,NASDAQ-100 STOCK INDEX (MINI) - CHICAGO MERCANTILE EXCHANGE,209742,314609,98958,47282,46946,56226,102720,169814,2306,8529,47416,16495,NQ,2009-10-16 15:30:00-04:00,-67094,-21.32615405153699,-11.606411935766122,8.333333333333332,-1.4959609251152783,-9280,-2.949693111131595,1.2943754612605791,32.05128205128205,-0.5991552142393639,51676,16.425467802891845,7.854521032918916,-6223,-1.9780108007081807,-0.3775265902452598,30921,9.82839016048492,2.835042031831886,,,,,,EXTREME_SHORT,short,QQQ
2009-10-20,NASDAQ-100 STOCK INDEX (MINI) - CHICAGO MERCANTILE EXCHANGE,209742,322237,117612,49261,51962,54812,81260,171593,2981,10613,49705,17241,NQ,2009-10-23 15:30:00-04:00,-90333,-28.03309365467032,-6.706939603133332,3.205128205128205,-2.0238049319133657,-2850,-0.8844421962716882,2.0652509148599068,40.38461538461539,-0.3675473435678949,68351,21.211406511356547,4.785938708464702,-7632,-2.368443102437026,-0.39043230172884535,32464,10.074572442022486,0.24618228153756583,,,,,,EXTREME_SHORT,short,QQQ
2009-10-27,NASDAQ-100 STOCK INDEX (MINI) - CHICAGO MERCANTILE EXCHANGE,209742,326953,122576,56709,47527,66053,93111,159150,2467,12630,44372,15511,NQ,2009-10-30 15:30:00-04:00,-66039,-20.198315965903355,7.834777688766966,9.615384615384617,-1.3500482643726972,-18526,-5.66625784134111,-4.781815645069422,19.230769230769234,-0.9113275127688373,65867,20.145709016280627,-1.06569749507592,-10163,-3.1083978431150654,-0.7399547406780393,28861,8.827262634078904,-1.2473098079435818,2009-11-01,43.560001373291016,37.01400012969971,0.1041825229623981,81.08900779204843,EXTREME_SHORT,short,QQQ
2009-11-03,NASDAQ-100 STOCK INDEX (MINI) - CHICAGO MERCANTILE EXCHANGE,209742,316078,123961,50356,40057,78323,95219,150438,1979,7327,36234,11006,NQ,2009-11-06 15:30:00-05:00,-55219,-17.47005485987636,2.728261106026995,14.743589743589745,-1.1111364969163775,-38266,-12.10650535627282,-6.440247514931709,7.051282051282051,-1.6381732245649234,73605,23.286973468574214,3.141264452293587,-5348,-1.6919874208265049,1.4164104222885605,25228,7.981574168401471,-0.8456884656774335,,,,,,UNWINDING_SHORT,short,QQQ
2009-11-09,NASDAQ-100 STOCK INDEX (MINI) - CHICAGO MERCANTILE EXCHANGE,209742,301986,122011,45971,45607,61451,89947,147723,2381,8155,21506,18152,NQ,2009-11-12 15:30:00-05:00,-57776,-19.132012742312558,-1.661957882436198,12.179487179487179,-1.2313421998527656,-15844,-5.2466008358003355,6.859904520472484,21.153846153846153,-0.8526970403881291,76040,25.17997523063983,1.8930017620656159,-5774,-1.9120091659878273,-0.22002174516132245,3354,1.1106475134608889,-6.870926654940582,,,,,,NORMAL,,QQQ
2009-11-17,NASDAQ-100 STOCK INDEX (MINI) - CHICAGO MERCANTILE EXCHANGE,209742,329448,124455,72718,46065,53226,109511,155750,2522,6738,25523,19644,NQ,2009-11-20 15:30:00-05:00,-46239,-14.035295403219932,5.096717339092626,21.153846153846153,-0.8037489969274132,-7161,-2.1736359000509946,3.072964935749341,33.33333333333333,-0.5066305936638171,51737,15.704147543770185,-9.475827686869644,-4216,-1.2797163740559967,0.6322927919318306,5879,1.7845001335567374,0.6738526200958486,,,,,,UNWINDING_SHORT,short,QQQ
2009-11-24,NASDAQ-100 STOCK INDEX (MINI) - CHICAGO MERCANTILE EXCHANGE,209742,354093,133084,85685,48251,55075,118116,166123,1984,8724,28489,14317,NQ,2009-11-27 15:30:00-05:00,-48007,-13.557737656491375,0.4775577467285572,22.435897435897438,-0.754460831649386,-6824,-1.9271773234715173,0.24645857657947734,33.97435897435898,-0.4801453512183995,47399,13.386031353345025,-2.31811619042516,-6740,-1.903454742115772,-0.6237383680597752,14172,4.002338368733637,2.2178382351768997,2009-12-01,45.75,38.83600006103516,0.14289286522940026,85.16579406631763,CONFIRMED_BULLISH,short,QQQ
2009-12-01,NASDAQ-100 STOCK INDEX (MINI) - CHICAGO MERCANTILE EXCHANGE,209742,364089,138151,87543,44616,54974,127143,174265,2822,8646,26970,14274,NQ,2009-12-04 15:30:00-05:00,-47122,-12.942439897937042,0.6152977585543322,23.076923076923077,-0.6937441528072872,-10358,-2.8449087997714844,-0.9177314762999671,30.128205128205128,-0.5843594059042047,50608,13.899898101837737,0.5138667484927115,-5824,-1.5996088868381082,0.3038458552776637,12696,3.487059482708898,-0.5152788860247393,,,,,,NORMAL,,QQQ
2009-12-08,NASDAQ-100 STOCK INDEX (MINI) - CHICAGO MERCANTILE EXCHANGE,209742,349639,142917,72347,51589,54877,104414,166273,2779,10305,21763,19660,NQ,2009-12-11 15:30:00-05:00,-61859,-17.692248290379506,-4.749808392442464,14.743589743589745,-1.0749823526687712,-3288,-0.9403985253361324,1.904510274435352,39.1025641025641,-0.37105587453677136,70570,20.18367516209576,6.283777060258023,-7526,-2.1525058703405513,-0.5528969835024431,2103,0.6014775239604278,-2.88558195874847,,,,,,NORMAL,,QQQ
2009-12-15,NASDAQ-100 STOCK INDEX (MINI) - CHICAGO MERCANTILE EXCHANGE,209742,443515,142438,90162,55820,53003,123622,168685,2333,12651,27666,27378,NQ,2009-12-18 15:30:00-05:00,-45063,-10.160422984566475,7.531825305813031,30.128205128205128,-0.4406026486397429,2817,0.6351532642638918,1.5755517896000244,44.230769230769226,-0.1948617644145579,52276,11.786749038927658,-8.396926123168102,-10318,-2.3264151156105206,-0.17390924526996931,288,0.06493579698544581,-0.5365417269749819,,,,,,NORMAL,,QQQ
2009-12-22,NASDAQ-100 STOCK INDEX (MINI) - CHICAGO MERCANTILE EXCHANGE,209742,274954,63820,69633,35380,58274,120474,81274,1519,21016,25516,16512,NQ,2009-12-25 15:30:00-05:00,39200,14.256930250150935,24.41735323471741,95.51282051282051,1.625001438352461,-22894,-8.326483702728456,-8.961636966992348,10.256410256410255,-1.2013787788814383,-5813,-2.1141718251052906,-13.900920864032948,-19497,-7.091004313448795,-4.764589197838275,9004,3.2747295911316074,3.2097937941461616,2010-01-01,42.790000915527344,40.08300018310547,0.012781086758043639,79.65561543320972,EXTREME_LONG,long,QQQ
2009-12-29,NASDAQ-100 STOCK INDEX (MINI) - CHICAGO MERCANTILE EXCHANGE,209742,294737,72509,80114,37690,55441,128724,93026,1527,23125,26289,15033,NQ,2010-01-01 15:30:00-05:00,35698,12.111814940099139,-2.1451153100517963,95.51282051282051,1.461534380818779,-17751,-6.02265748786206,2.3038262148663966,17.94871794871795,-0.935235616402426,-7605,-2.5802664748572455,-0.4660946497519549,-21598,-7.327888931488072,-0.2368846180392774,11256,3.818997954108239,0.5442683629766316,2010-01-01,42.790000915527344,40.08300018310547,0.012781086758043639,79.65561543320972,EXTREME_LONG,long,QQQ
2010-01-05,NASDAQ-100 STOCK INDEX (MINI) - CHICAGO MERCANTILE EXCHANGE,209742,309733,75356,88761,39653,48384,134757,104979,2117,23991,28363,14131,NQ,2010-01-08 15:30:00-05:00,29778,9.614086971682061,-2.4977279684170774,92.94871794871796,1.26114666652759,-8731,-2.8188794865254914,3.2037780013365684,32.05128205128205,-0.5715012084407779,-13405,-4.327921144986165,-1.7476546701289197,-21874,-7.0622116468054745,0.26567728468259766,14232,4.594925306635069,0.7759273525268302,,,,,,EXTREME_LONG,long,QQQ
2010-01-12,NASDAQ-100 STOCK INDEX (MINI) - CHICAGO MERCANTILE EXCHANGE,209742,307193,87533,68961,45865,49160,110501,117804,2397,23063,27736,15044,NQ,2010-01-15 15:30:00-05:00,-7303,-2.3773328168285084,-11.99141978851057,58.333333333333336,0.2503092486429041,-3295,-1.0726155869437128,1.7462638995817785,38.46153846153847,-0.3775594654243628,18572,6.045710677001104,10.373631821987269,-20666,-6.727366834530735,0.3348448122747394,12692,4.131604561301852,-0.4633207453332169,,,,,,UNWINDING_LONG,long,QQQ
2010-01-19,NASDAQ-100 STOCK INDEX (MINI) - CHICAGO MERCANTILE EXCHANGE,209742,340412,83174,79718,45222,48356,145831,137851,3036,25019,28790,15109,NQ,2010-01-22 15:30:00-05:00,7980,2.344218182672761,4.72155099950127,74.35897435897436,0.6938141363098804,-3134,-0.9206490958015581,0.15196649114215477,39.743589743589745,-0.3594224874976944,3456,1.0152403558041432,-5.030470321196961,-21983,-6.457762946077106,0.2696038884536289,13681,4.01895350340176,-0.11265105790009233,,,,,,NORMAL,,QQQ
2010-01-26,NASDAQ-100 STOCK INDEX (MINI) - CHICAGO MERCANTILE EXCHANGE,209742,361261,122991,46779,40760,122043,133523,112810,1960,26031,24454,16025,NQ,2010-01-29 15:30:00-05:00,20713,5.733527837214646,3.3893096545418846,81.41025641025641,1.0379771180701425,-81283,-22.499799314069328,-21.57915021826777,0.0,-2.7628545052239493,76212,21.09610503209591,20.080864676291768,-24071,-6.663049706444925,-0.20528676036781857,8429,2.3332161512037004,-1.6857373521980596,2010-02-01,44.7599983215332,41.1310001373291,0.09277342094719605,83.32285900459934,NORMAL,,QQQ
2010-02-02,NASDAQ-100 STOCK INDEX (MINI) - CHICAGO MERCANTILE EXCHANGE,209742,410873,153197,38195,36221,169958,148363,115377,3264,24451,30620,23684,NQ,2010-02-05 15:30:00-05:00,32986,8.028271509687908,2.2947436724732624,92.94871794871796,1.2580227947686338,-133737,-32.5494739250328,-10.049674610963471,0.0,-3.77321177674376,115002,27.98967077418083,6.89356574208492,-21187,-5.15658123069659,1.5064684757483349,6936,1.688112871860648,-0.6451032793430524,,,,,,EXTREME_LONG,long,QQQ
2010-02-09,NASDAQ-100 STOCK INDEX (MINI) - CHICAGO MERCANTILE EXCHANGE,209742,386282,149481,39867,34511,131442,137776,126078,4099,25574,18153,21059,NQ,2010-02-12 15:30:00-05:00,11698,3.028357521189183,-4.999913988498725,75.64102564102564,0.7883122012767536,-96931,-25.093325601503565,7.456148323529234,0.641025641025641,-2.8120794075149282,109614,28.376678178118578,0.3870074039377478,-21475,-5.5594099647407855,-0.4028287340441956,-2906,-0.7523001330634096,-2.4404130049240575,,,,,,UNWINDING_LONG,long,QQQ
2010-02-16,NASDAQ-100 STOCK INDEX (MINI) - CHICAGO MERCANTILE EXCHANGE,209742,397418,150192,43293,34549,133546,156163,135712,3571,25321,17537,24140,NQ,2010-02-19 15:30:00-05:00,20451,5.1459672183947385,2.1176096972055554,79.48717948717949,0.9780612099229573,-98997,-24.910044336190108,0.18328126531345745,1.282051282051282,-2.7073865163548967,106899,26.89837903668178,-1.4782991414367963,-21750,-5.472827098923552,0.08658286581723385,-6603,-1.6614748199628602,-0.9091746868994506,,,,,,NORMAL,,QQQ
2010-02-23,NASDAQ-100 STOCK INDEX (MINI) - CHICAGO MERCANTILE EXCHANGE,209742,413304,147519,48756,32242,142419,178261,142063,4016,25830,17449,20419,NQ,2010-02-26 15:30:00-05:00,36198,8.758202194994483,3.612234976599745,93.58974358974359,1.310291721730862,-110177,-26.657617637380717,-1.7475733011906094,0.641025641025641,-2.802004355297203,98763,23.89597003658324,-3.0024090000985417,-21814,-5.277955209724561,0.1948718891989909,-2970,-0.7185993844724464,0.9428754354904137,2010-03-01,48.15999984741211,42.40900001525879,0.10560143087923778,89.6521230434664,EXTREME_LONG,long,QQQ
2010-03-02,NASDAQ-100 STOCK INDEX (MINI) - CHICAGO MERCANTILE EXCHANGE,209742,404426,125103,54218,35041,141935,183886,128906,3787,25542,20764,17980,NQ,2010-03-05 15:30:00-05:00,54980,13.594576016378769,4.836373821384285,98.07692307692307,1.734912335312946,-106894,-26.431040536464025,0.2265771009166926,1.282051282051282,-2.693864047712431,70885,17.52731031140431,-6.368659725178929,-21755,-5.379228832963261,-0.1012736232387006,2784,0.6883830416442068,1.4069824261166533,,,,,,EXTREME_LONG,long,QQQ
2010-03-09,NASDAQ-100 STOCK INDEX (MINI) - CHICAGO MERCANTILE EXCHANGE,209742,411761,123189,62879,34806,98321,193365,170133,3718,27825,19290,15210,NQ,2010-03-12 15:30:00-05:00,23232,5.64210792182844,-7.952468094550329,80.12820512820514,0.9875684623173806,-63515,-15.425210255463728,11.005830281000296,5.769230769230769,-1.5742721626541534,60310,14.646846107329251,-2.880464204075059,-24107,-5.854609834345652,-0.4753810013823907,4080,0.9908660606516887,0.30248301900748187,,,,,,UNWINDING_LONG,long,QQQ
2010-03-16,NASDAQ-100 STOCK INDEX (MINI) - CHICAGO MERCANTILE EXCHANGE,209742,416112,100580,80236,32981,51754,173310,159845,3937,32332,31899,18540,NQ,2010-03-19 15:30:00-04:00,13465,3.235907640250702,-2.4062002815777377,73.71794871794873,0.7579232532572703,-18773,-4.511525743069174,10.913684512394553,27.564102564102566,-0.5261047624727802,20344,4.8890683277579114,-9.75777777957134,-28395,-6.8238839543199905,-0.9692741199743384,13359,3.2104337293805516,2.219567668728863,,,,,,UNWINDING_LONG,long,QQQ
2010-03-23,NASDAQ-100 STOCK INDEX (MINI) - CHICAGO MERCANTILE EXCHANGE,209742,287475,33891,83345,38051,45100,150650,96664,4355,13951,36983,24870,NQ,2010-03-26 15:30:00-04:00,53986,18.779372119314722,15.54346447906402,100.0,2.174994940794453,-7049,-2.452039307765893,2.059486435303281,37.17948717948718,-0.32833503732496827,-49454,-17.202887207583267,-22.091955535341178,-9596,-3.3380293938603356,3.485854560459655,12113,4.2135837898947734,1.0031500605142218,2010-04-01,49.2400016784668,43.695000076293944,0.07628418969326332,91.66259765625,EXTREME_LONG,long,QQQ
2010-03-30,NASDAQ-100 STOCK INDEX (MINI) - CHICAGO MERCANTILE EXCHANGE,209742,292716,32292,85531,50456,45409,152483,105130,5362,15011,26337,15849,NQ,2010-04-02 15:30:00-04:00,47353,16.1771136528239,-2.6022584664908237,98.71794871794873,1.9009614973360576,5047,1.7241968324246026,4.176236140190495,51.28205128205128,0.06836062009746986,-53239,-18.187936429850094,-0.9850492222668272,-9649,-3.2963691769496712,0.04166021691066435,10488,3.5829951215512645,-0.6305886683435089,,,,,,EXTREME_LONG,long,QQQ
2010-04-06,NASDAQ-100 STOCK INDEX (MINI) - CHICAGO MERCANTILE EXCHANGE,209742,300667,37276,93187,54270,46956,155425,101626,5203,16807,23379,16977,NQ,2010-04-09 15:30:00-04:00,53799,17.893217413284464,1.716103760460566,99.35897435897436,2.0253220151119256,7314,2.4325915381468537,0.708394705722251,51.92307692307693,0.13613411434331182,-55911,-18.59565565891834,-0.4077192290682454,-11604,-3.8594192245906602,-0.563050047640989,6402,2.1292659320776806,-1.453729189473584,,,,,,EXTREME_LONG,long,QQQ
2010-04-13,NASDAQ-100 STOCK INDEX (MINI) - CHICAGO MERCANTILE EXCHANGE,209742,308541,43714,95103,57413,45133,153674,108260,5176,16969,22179,16691,NQ,2010-04-16 15:30:00-04:00,45414,14.718951452157087,-3.174265961127377,97.43589743589743,1.7070287925445744,12280,3.980022104031555,1.5474305658847012,55.769230769230774,0.2839980346190109,-51389,-16.655485008475374,1.9401706504429654,-11793,-3.82218246521532,0.037236759375340434,5488,1.77869391750205,-0.3505720145756306,,,,,,EXTREME_LONG,long,QQQ
2010-04-20,NASDAQ-100 STOCK INDEX (MINI) - CHICAGO MERCANTILE EXCHANGE,209742,328384,46845,100179,68483,45840,151083,121883,3736,18828,30575,13992,NQ,2010-04-23 15:30:00-04:00,29200,8.892028844279867,-5.82692260787722,91.02564102564102,1.1570050216670191,22643,6.8952811342818165,2.9152590302502617,71.15384615384616,0.5591982665294476,-53334,-16.24135158838433,0.41413342009104426,-15092,-4.595839017735334,-0.7736565525200141,16583,5.049880627557981,3.2711867100559306,,,,,,EXTREME_LONG,long,QQQ
2010-04-27,NASDAQ-100 STOCK INDEX (MINI) - CHICAGO MERCANTILE EXCHANGE,209742,372309,51210,122656,88607,47310,156673,131608,4335,21202,38885,16934,NQ,2010-04-30 15:30:00-04:00,25065,6.732311064196676,-2.1597177800831915,81.41025641025641,0.9498041253030414,41297,11.092130461525239,4.196849327243422,82.05128205128204,0.9517480236464936,-71446,-19.189973919513093,-2.948622331128764,-16867,-4.530376649503504,0.06546236823183005,21951,5.895909043294683,0.8460284157367024,2010-05-01,45.599998474121094,44.30999984741211,0.06566949049945164,84.88655911412886,UNWINDING_LONG,long,QQQ
2010-05-04,NASDAQ-100 STOCK INDEX (MINI) - CHICAGO MERCANTILE EXCHANGE,209742,373149,54809,117477,84837,49920,152419,136544,4777,21759,45438,16580,NQ,2010-05-07 15:30:00-04:00,15875,4.254332719637464,-2.4779783445592116,71.7948717948718,0.7283968449057538,34917,9.357388067501185,-1.7347423940240532,77.56410256410257,0.782175329853066,-62668,-16.794363645621456,2.395610273891638,-16982,-4.550997054795806,-0.020620405292302024,28858,7.73363991327861,1.8377308699839272,,,,,,UNWINDING_LONG,long,QQQ
2010-05-11,NASDAQ-100 STOCK INDEX (MINI) - CHICAGO MERCANTILE EXCHANGE,209742,348508,20110,97429,79447,54959,126662,121245,3926,21589,81368,16291,NQ,2010-05-14 15:30:00-04:00,5417,1.5543402160065192,-2.699992503630945,64.74358974358975,0.48875869851331527,24488,7.026524498720259,-2.3308635687809263,69.87179487179486,0.5600257815778064,-77319,-22.18571740103527,-5.391353755413814,-17663,-5.068176340284872,-0.5171792854890658,65077,18.673029026593365,10.939389113314755,,,,,,UNWINDING_LONG,long,QQQ
2010-05-18,NASDAQ-100 STOCK INDEX (MINI) - CHICAGO MERCANTILE EXCHANGE,209742,344011,25969,91872,81626,59297,121188,121144,3683,22093,78493,16553,NQ,2010-05-21 15:30:00-04:00,44,0.012790288682629335,-1.5415499273238897,59.61538461538461,0.3527912094644096,22329,6.490780818055237,-0.5357436806650222,66.02564102564102,0.5076059773900251,-65903,-19.15723625116639,3.028481149868881,-18410,-5.351573060163774,-0.283396719878902,61940,18.005238204592295,-0.66779082200107,,,,,,UNWINDING_LONG,long,QQQ
2010-05-25,NASDAQ-100 STOCK INDEX (MINI) - CHICAGO MERCANTILE EXCHANGE,209742,350891,33630,97883,74198,69107,122998,104718,3874,21336,71448,13104,NQ,2010-05-28 15:30:00-04:00,18280,5.209595002436654,5.196804713754024,76.28205128205127,0.823852952083739,5091,1.450877907954322,-5.039902910100915,50.641025641025635,0.035647215263432404,-64253,-18.31138444702201,0.8458518041443774,-17462,-4.976474175741185,0.3750988844225889,58344,16.627385712372217,-1.3778524922200788,2010-06-01,42.709999084472656,44.577999877929685,-0.04579980594133155,79.50668823171175,NORMAL,,QQQ
2010-06-01,NASDAQ-100 STOCK INDEX (MINI) - CHICAGO MERCANTILE EXCHANGE,209742,347424,54899,82103,76944,71844,98943,114756,3654,20132,72751,18356,NQ,2010-06-04 15:30:00-04:00,-15813,-4.5514990328820115,-9.761094035318665,46.794871794871796,-0.058564285933531975,5100,1.467946946670351,0.01706903871602905,51.28205128205128,0.0390825420993447,-27204,-7.830201713180436,10.481182733841575,-16478,-4.74290780141844,0.23356637432274496,54395,15.656661600810537,-0.9707241115616796,,,,,,NORMAL,,QQQ
2010-06-08,NASDAQ-100 STOCK INDEX (MINI) - CHICAGO MERCANTILE EXCHANGE,209742,368180,73309,72584,72559,94075,98535,122260,3272,19889,76660,15527,NQ,2010-06-11 15:30:00-04:00,-23725,-6.443858982019664,-1.8923599491376528,39.1025641025641,-0.2283300396593411,-21516,-5.843880710522027,-7.311827657192378,24.358974358974358,-0.6426387258027499,725,0.1969145526644576,8.027116265844894,-16617,-4.513281547069369,0.22962625434907125,61133,16.6041066869466,0.9474450861360637,,,,,,NORMAL,,QQQ
2010-06-15,NASDAQ-100 STOCK INDEX (MINI) - CHICAGO MERCANTILE EXCHANGE,209742,458495,72788,64774,73333,109589,98248,115131,4171,20322,80820,19544,NQ,2010-06-18 15:30:00-04:00,-16883,-3.68226480114287,2.7615941808767945,48.717948717948715,0.01862611841517601,-36256,-7.907610770019303,-2.063730059497275,16.666666666666664,-0.8290516728952534,8014,1.7478925615328411,1.5509780088683836,-16151,-3.5226120241224006,0.990669522946968,61276,13.364595033751732,-3.239511653194869,,,,,,NORMAL,,QQQ
2010-06-22,NASDAQ-100 STOCK INDEX (MINI) - CHICAGO MERCANTILE EXCHANGE,209742,289227,92635,85725,62087,91618,83269,57453,5221,11865,21010,17561,NQ,2010-06-25 15:30:00-04:00,25816,8.925861001911993,12.608125803054863,91.66666666666666,1.1631002345220112,-29531,-10.21031923022401,-2.302708460204708,14.102564102564102,-1.0346635780089914,6910,2.389126879579016,0.6412343180461748,-6644,-2.2971575959367554,1.2254544281856452,3449,1.1924889446697577,-12.172106089081973,2010-07-01,45.810001373291016,44.93400001525879,-0.04879564953419267,85.2774894674411,EXTREME_LONG,long,QQQ
2010-06-29,NASDAQ-100 STOCK INDEX (MINI) - CHICAGO MERCANTILE EXCHANGE,209742,298025,101673,89066,68913,95875,76919,56826,4404,11659,23501,21984,NQ,2010-07-02 15:30:00-04:00,20093,6.7420518412884824,-2.183809160623511,82.6923076923077,0.958703028489291,-26962,-9.046892039258452,1.1634271909655585,14.743589743589745,-0.9130716932134131,12607,4.2301820317087495,1.8410551521297336,-7255,-2.434359533596175,-0.13720193765941957,1517,0.5090176998573945,-0.6834712448123632,,,,,,UNWINDING_LONG,long,QQQ
2010-07-06,NASDAQ-100 STOCK INDEX (MINI) - CHICAGO MERCANTILE EXCHANGE,209742,305231,115796,63788,74617,102057,67167,79037,4636,18056,20219,19497,NQ,2010-07-09 15:30:00-04:00,-11870,-3.8888579469319957,-10.630909788220478,48.07692307692308,0.0023651940991592946,-27440,-8.98991255802982,0.05697948122863217,15.384615384615385,-0.8963326964484614,52008,17.038898408090922,12.808716376382172,-13420,-4.396670063001465,-1.9623105294052898,722,0.23654215987235896,-0.2724755399850356,,,,,,UNWINDING_LONG,long,QQQ
2010-07-13,NASDAQ-100 STOCK INDEX (MINI) - CHICAGO MERCANTILE EXCHANGE,209742,316016,119344,43685,80742,100724,65427,99515,5952,16942,21233,31832,NQ,2010-07-16 15:30:00-04:00,-34088,-10.786795605285809,-6.897937658353813,25.64102564102564,-0.6146013051408342,-19982,-6.323097564680269,2.6668149933495506,22.435897435897438,-0.6371027518489305,75659,23.941509290668826,6.902610882577903,-10990,-3.4776720166067543,0.9189980463947105,-10599,-3.353944104095995,-3.590486263968354,,,,,,UNWINDING_LONG,long,QQQ
2010-07-20,NASDAQ-100 STOCK INDEX (MINI) - CHICAGO MERCANTILE EXCHANGE,209742,315026,116519,59341,78431,103275,70708,76181,5292,19954,19683,31882,NQ,2010-07-23 15:30:00-04:00,-5473,-1.7373169198732803,9.049478685412529,54.48717948717948,0.2031732463829874,-24844,-7.886333191546095,-1.5632356268658256,19.230769230769234,-0.7744718408499338,57178,18.150247916045025,-5.791261374623801,-14662,-4.654219016843054,-1.1765470002363,-12199,-3.872378787782596,-0.5184346836866007,,,,,,NORMAL,,QQQ
2010-07-27,NASDAQ-100 STOCK INDEX (MINI) - CHICAGO MERCANTILE EXCHANGE,209742,323932,119963,74250,83094,101260,73387,78876,5190,22671,20547,25124,NQ,2010-07-30 15:30:00-04:00,-5489,-1.6944914364743218,0.04282548339895853,55.12820512820513,0.20998311531219227,-18166,-5.607967104207056,2.2783660873390392,30.76923076923077,-0.5521019942287355,45713,14.111912376671647,-4.038335539373378,-17481,-5.396502969759085,-0.742283952916031,-4577,-1.4129508662311843,2.459427921551412,2010-08-01,43.459999084472656,45.18400001525879,-0.11738428913421017,80.90284879017598,NORMAL,,QQQ
2010-08-03,NASDAQ-100 STOCK INDEX (MINI) - CHICAGO MERCANTILE EXCHANGE,209742,347797,119487,98392,74726,108122,102368,78165,5853,20783,23911,20883,NQ,2010-08-06 15:30:00-04:00,24203,6.9589444417289394,8.653435878203261,83.33333333333334,0.9886283029328786,-33396,-9.602152980042955,-3.9941858758358997,14.743589743589745,-0.9164177473363204,21095,6.065319712360946,-8.046592664310701,-14930,-4.292733979879068,1.1037689898800176,3028,0.8706228058321377,2.283573672063322,,,,,,NORMAL,,QQQ
2010-08-10,NASDAQ-100 STOCK INDEX (MINI) - CHICAGO MERCANTILE EXCHANGE,209742,362373,122227,104411,77064,105909,113755,88090,5934,20164,22296,22702,NQ,2010-08-13 15:30:00-04:00,25665,7.0824813106936775,0.12353686896473803,83.97435897435898,0.9885150250393726,-28845,-7.960030134695466,1.6421228453474894,19.230769230769234,-0.7523580736002777,17816,4.916481084407502,-1.1488386279534435,-14230,-3.926893008033159,0.3658409718459086,-406,-0.11203925237255535,-0.982662058204693,,,,,,NORMAL,,QQQ
2010-08-17,NASDAQ-100 STOCK INDEX (MINI) - CHICAGO MERCANTILE EXCHANGE,209742,347043,131785,73429,59402,110689,107082,90719,7965,22763,19033,27667,NQ,2010-08-20 15:30:00-04:00,16363,4.714977682880796,-2.367503627812882,72.43589743589743,0.7635196433215222,-51287,-14.778283959048302,-6.818253824352836,7.051282051282051,-1.3776076271693243,58356,16.81520733741928,11.898726253011779,-14798,-4.264024919102244,-0.3371319110690849,-8634,-2.487876142149532,-2.3758368897769766,,,,,,NORMAL,,QQQ
2010-08-24,NASDAQ-100 STOCK INDEX (MINI) - CHICAGO MERCANTILE EXCHANGE,209742,352705,154355,54232,60031,117789,90407,105097,7281,22177,17846,30625,NQ,2010-08-27 15:30:00-04:00,-14690,-4.164953714860861,-8.879931397741657,46.794871794871796,-0.05015648321586465,-57758,-16.375724755815767,-1.597440796767465,5.128205128205128,-1.5062376056083153,100123,28.387179087339277,11.571971749919996,-14896,-4.223359464708468,0.04066545439377656,-12779,-3.6231411519541825,-1.1352650098046504,2010-09-01,49.06999969482422,45.73499984741211,0.07609652054423685,91.34613090368674,NORMAL,,QQQ
2010-08-31,NASDAQ-100 STOCK INDEX (MINI) - CHICAGO MERCANTILE EXCHANGE,209742,357315,173081,55105,54054,121266,85215,104096,7244,23795,15275,30607,NQ,2010-09-03 15:30:00-04:00,-18881,-5.2841330478709265,-1.1191793330100657,42.94871794871795,-0.16299374012909681,-67212,-18.810293438562613,-2.4345686827468462,3.8461538461538463,-1.7079402264647208,117976,33.01736562976645,4.630186542427175,-16551,-4.6320473531757695,-0.408687888467302,-15332,-4.290891790157144,-0.6677506382029619,,,,,,NORMAL,,QQQ
2010-09-07,NASDAQ-100 STOCK INDEX (MINI) - CHICAGO MERCANTILE EXCHANGE,209742,349561,164808,49289,56972,116934,81569,105853,5760,23063,16377,30347,NQ,2010-09-10 15:30:00-04:00,-24284,-6.946999236184815,-1.6628661883138882,33.97435897435898,-0.3231040284657066,-59962,-17.1535154093277,1.6567780292349141,5.769230769230769,-1.5284183057585505,115519,33.046878799408404,0.02951316964195172,-17303,-4.949922903298709,-0.3178755501229391,-13970,-3.9964412505971776,0.2944505395599668,,,,,,NORMAL,,QQQ
2010-09-14,NASDAQ-100 STOCK INDEX (MINI) - CHICAGO MERCANTILE EXCHANGE,209742,472288,146996,70114,88406,113345,102607,127276,6383,23649,28119,38127,NQ,2010-09-17 15:30:00-04:00,-24669,-5.223295955010502,1.7237032811743127,43.58974358974359,-0.1677139658013968,-24939,-5.280464462361949,11.873050946965751,35.8974358974359,-0.4276327320462174,76882,16.278626600718205,-16.7682521986902,-17266,-3.655820177518802,1.2941027257799065,-10008,-2.119046005826953,1.8773952447702245,,,,,,NORMAL,,QQQ
2010-09-21,NASDAQ-100 STOCK INDEX (MINI) - CHICAGO MERCANTILE EXCHANGE,209742,346065,85736,128011,99150,87654,99311,75139,6223,15906,31813,15523,NQ,2010-09-24 15:30:00-04:00,24172,6.984814991403349,12.20811094641385,82.6923076923077,0.9528893033736746,11496,3.3219192926184387,8.602383754980387,64.1025641025641,0.36040478264588965,-42275,-12.215913195497956,-28.49453979621616,-9683,-2.79802927195758,0.8577909055612221,16290,4.707208183433748,6.826254189260701,2010-10-01,52.18000030517578,46.37799987792969,0.22172796590262564,97.13554448898343,NORMAL,,QQQ
2010-09-28,NASDAQ-100 STOCK INDEX (MINI) - CHICAGO MERCANTILE EXCHANGE,209742,412807,79097,175019,99272,89164,166837,92968,7109,17448,35380,13096,NQ,2010-10-01 15:30:00-04:00,73869,17.89431865254223,10.90950366113888,99.35897435897436,1.9426721772480415,10108,2.448601889018355,-0.8733174036000837,63.46153846153846,0.28691950395125987,-95922,-23.236524574437933,-11.020611378939977,-10339,-2.5045602424377496,0.29346902951983056,22284,5.398164275315099,0.6909560918813513,2010-10-01,52.18000030517578,46.37799987792969,0.22172796590262564,97.13554448898343,EXTREME_LONG,long,QQQ
2010-10-05,NASDAQ-100 STOCK INDEX (MINI) - CHICAGO MERCANTILE EXCHANGE,209742,459878,82192,205991,102346,89420,203595,111893,6722,16345,41497,12703,NQ,2010-10-08 15:30:00-04:00,91702,19.940505960276422,2.0461873077341934,100.0,2.0969489443763987,12926,2.8107454585781446,0.36214356955978966,64.1025641025641,0.3252119897059353,-123799,-26.919965730041447,-3.6834411556035143,-9623,-2.0925114921783603,0.41204875025938925,28794,6.261225803365241,0.8630615280501415,,,,,,EXTREME_LONG,long,QQQ
2010-10-12,NASDAQ-100 STOCK INDEX (MINI) - CHICAGO MERCANTILE EXCHANGE,209742,443019,92887,194785,106747,86946,174734,105080,6146,15992,36127,13838,NQ,2010-10-15 15:30:00-04:00,69654,15.722576232622076,-4.2179297276543455,96.15384615384616,1.6827353058380874,19801,4.469559996298127,1.6588145377199823,67.94871794871796,0.485754339864756,-101898,-23.00081937794993,3.9191463520915164,-9846,-2.2224780427024573,-0.129966550524097,22289,5.031161191732183,-1.2300646116330576,,,,,,EXTREME_LONG,long,QQQ
2010-10-19,NASDAQ-100 STOCK INDEX (MINI) - CHICAGO MERCANTILE EXCHANGE,209742,432080,94974,199645,111696,85361,153330,96160,7292,13850,41761,14037,NQ,2010-10-22 15:30:00-04:00,57170,13.231346047028328,-2.491230185593748,92.94871794871796,1.4480361143703142,26335,6.094936122940196,1.6253761266420694,74.35897435897436,0.6491715349236897,-104671,-24.224912053323457,-1.2240926753735266,-6558,-1.517774486206258,0.7047035564961992,27724,6.416404369561192,1.3852431778290093,,,,,,EXTREME_LONG,long,QQQ
2010-10-26,NASDAQ-100 STOCK INDEX (MINI) - CHICAGO MERCANTILE EXCHANGE,209742,453896,94336,210237,117069,85653,173630,105786,8591,15874,40828,16904,NQ,2010-10-29 15:30:00-04:00,67844,14.947036325501877,1.7156902784735486,95.51282051282051,1.5910315156690584,31416,6.921409309621588,0.8264731866813912,77.56410256410257,0.7425913725238439,-115901,-25.534703985053845,-1.3097919317303877,-7283,-1.6045525847330666,-0.08677809852680851,23924,5.270810934663447,-1.1455934348977452,2010-11-01,52.09000015258789,47.307999801635745,0.13708794130179516,96.96800493791812,EXTREME_LONG,long,QQQ
2010-11-02,NASDAQ-100 STOCK INDEX (MINI) - CHICAGO MERCANTILE EXCHANGE,209742,442944,84128,198460,123288,86251,167546,106707,8609,16967,40753,15939,NQ,2010-11-05 15:30:00-04:00,60839,13.73514484901026,-1.2118914764916173,92.94871794871796,1.4712825703041643,37037,8.36155360497038,1.4401442953487926,80.76923076923077,0.8962750717995758,-114332,-25.81184077445456,-0.2771367894007142,-8358,-1.8869202427394884,-0.28236765800642183,24814,5.6020625632134085,0.3312516285499614,,,,,,EXTREME_LONG,long,QQQ
2010-11-09,NASDAQ-100 STOCK INDEX (MINI) - CHICAGO MERCANTILE EXCHANGE,209742,435008,91262,193966,131864,83384,152329,105225,9157,17271,30562,15328,NQ,2010-11-12 15:30:00-05:00,47104,10.828306605855525,-2.906838243154734,89.74358974358975,1.2056988062522072,48480,11.144622627629836,2.783069022659456,85.8974358974359,1.1815076822697075,-102704,-23.609680741503606,2.202160032950953,-8114,-1.8652530528174194,0.021667189922069063,15234,3.5020045608356627,-2.1000580023777458,,,,,,UNWINDING_LONG,long,QQQ
2010-11-16,NASDAQ-100 STOCK INDEX (MINI) - CHICAGO MERCANTILE EXCHANGE,209742,465344,92780,190422,117961,82774,186259,119039,7993,14823,35756,33691,NQ,2010-11-19 15:30:00-05:00,67220,14.445227616558933,3.6169210107034075,94.23076923076923,1.5092673705546922,35187,7.561502888185944,-3.583119739443892,78.84615384615384,0.8495988808517085,-97642,-20.982756842250033,2.6269238992535726,-6830,-1.467731398707193,0.39752165411022644,2065,0.44375773621235043,-3.0582468246233123,,,,,,EXTREME_LONG,long,QQQ
2010-11-23,NASDAQ-100 STOCK INDEX (MINI) - CHICAGO MERCANTILE EXCHANGE,209742,413327,94293,175484,110088,82482,148263,98860,7943,14789,25177,14149,NQ,2010-11-26 15:30:00-05:00,49403,11.952521853157428,-2.4927057634015046,89.74358974358975,1.271025245773274,27606,6.678973306849056,-0.8825295813368879,76.92307692307693,0.778890475327308,-81191,-19.643284856784096,1.3394719854659378,-6846,-1.656315701611557,-0.18858430290436412,11028,2.668105398389169,2.2243476621768186,2010-12-01,54.459999084472656,48.27799987792969,0.25310630997988376,101.37987031431791,UNWINDING_LONG,long,QQQ
2010-11-30,NASDAQ-100 STOCK INDEX (MINI) - CHICAGO MERCANTILE EXCHANGE,209742,402007,93712,166632,103865,80410,146907,81003,8631,17648,20542,27964,NQ,2010-12-03 15:30:00-05:00,65904,16.39374438753554,4.441222534378113,96.7948717948718,1.6378421014030813,23455,5.834475519083001,-0.8444977877660556,73.07692307692307,0.7033133308253582,-72920,-18.13898762956864,1.5042972272154564,-9017,-2.2429957687303954,-0.5866800671188384,-7422,-1.846236508319507,-4.514341906708676,,,,,,EXTREME_LONG,long,QQQ
2010-12-07,NASDAQ-100 STOCK INDEX (MINI) - CHICAGO MERCANTILE EXCHANGE,209742,412606,97656,186260,110524,78579,143571,80822,8707,16796,28217,26218,NQ,2010-12-10 15:30:00-05:00,62749,15.20797080023073,-1.185773587304812,94.87179487179486,1.5100316326369285,31945,7.742252899860884,1.9077773807778833,81.41025641025641,0.899828437469556,-88604,-21.474239346979928,-3.335251717411289,-8089,-1.9604659166371794,0.282529852093216,1999,0.48448156352549404,2.330718071845001,,,,,,EXTREME_LONG,long,QQQ
2010-12-14,NASDAQ-100 STOCK INDEX (MINI) - CHICAGO MERCANTILE EXCHANGE,209742,520747,97447,197343,111475,56746,143541,97341,12212,13364,38269,38150,NQ,2010-12-17 15:30:00-05:00,46200,8.871870601270867,-6.336100198959862,83.33333333333334,0.9472527910248875,54729,10.509710089544443,2.767457189683559,87.82051282051282,1.178885395573724,-99896,-19.18321180918949,2.2910275377904377,-1152,-0.22122066953818265,1.7392452470989967,119,0.022851787912364353,-0.4616297756131297,,,,,,UNWINDING_LONG,long,QQQ
2010-12-21,NASDAQ-100 STOCK INDEX (MINI) - CHICAGO MERCANTILE EXCHANGE,209742,333555,28855,212601,105524,38031,137704,42432,13389,3558,25788,14638,NQ,2010-12-24 15:30:00-05:00,95272,28.56260586709838,19.690735265827513,100.0,2.614208404856092,67493,20.23444409467704,9.724734005132598,98.71794871794873,2.1457382610091678,-183746,-55.08716703392244,-35.903955224732954,9831,2.9473400188874397,3.1685606884256226,11150,3.3427770532595824,3.319925265347218,,,,,,EXTREME_LONG,long,QQQ
2010-12-28,NASDAQ-100 STOCK INDEX (MINI) - CHICAGO MERCANTILE EXCHANGE,209742,323261,27267,204981,108839,37765,126480,43200,12427,3394,25332,11005,NQ,2010-12-31 15:30:00-05:00,83280,25.762464386362723,-2.8001414807356575,99.35897435897436,2.329016719309454,71074,21.98656812915879,1.7521240344817492,99.35897435897436,2.326138989231665,-177714,-54.97539140199405,0.11177563192838846,9033,2.794336464961749,-0.15300355392569065,14327,4.4320224215107915,1.089245368251209,2011-01-01,56.0,49.06199989318848,0.14122682592775196,104.24665503199535,EXTREME_LONG,long,QQQ
2011-01-04,NASDAQ-100 STOCK INDEX (MINI) - CHICAGO MERCANTILE EXCHANGE,209742,358757,27814,214595,123963,37578,138007,65421,10767,3386,32192,11763,NQ,2011-01-07 15:30:00-05:00,72586,20.23263657573232,-5.529827810630401,98.71794871794873,1.8274660240620282,86385,24.078972675097628,2.0924045459388374,100.0,2.5463131264606864,-186781,-52.06337437318296,2.9120170288110927,7381,2.057381458758993,-0.7369550062027561,20429,5.694383663594021,1.2623612420832293,,,,,,EXTREME_LONG,long,QQQ
2011-01-11,NASDAQ-100 STOCK INDEX (MINI) - CHICAGO MERCANTILE EXCHANGE,209742,354431,30057,206664,130273,37365,132654,66015,11864,4924,26525,16405,NQ,2011-01-14 15:30:00-05:00,66639,18.801684954194187,-1.430951621538135,97.43589743589743,1.6832826180910185,92908,26.21328269818385,2.134310023086222,100.0,2.723733087591692,-176607,-49.82831637187492,2.2350580013080403,6940,1.9580680019524253,-0.09931345680656767,10120,2.8552807175444586,-2.8391029460495623,,,,,,EXTREME_LONG,long,QQQ
2011-01-18,NASDAQ-100 STOCK INDEX (MINI) - CHICAGO MERCANTILE EXCHANGE,209742,375996,31791,213783,130480,37952,146640,76003,14213,7797,31050,18639,NQ,2011-01-21 15:30:00-05:00,70637,18.786636028042853,-0.015048926151333575,96.7948717948718,1.6585293805624295,92528,24.608772433749294,-1.6045102644345555,99.35897435897436,2.512436542861228,-181992,-48.40264258130406,1.4256737905708619,6416,1.7064011319269354,-0.2516668700254898,12411,3.3008329875849745,0.4455522700405159,,,,,,EXTREME_LONG,long,QQQ
2011-01-25,NASDAQ-100 STOCK INDEX (MINI) - CHICAGO MERCANTILE EXCHANGE,209742,383350,33283,216942,120478,43240,160158,76584,10747,4887,32081,15094,NQ,2011-01-28 15:30:00-05:00,83574,21.800965175427155,3.014329147384302,98.71794871794873,1.883860719240458,77238,20.148167470979523,-4.4606049627697715,96.7948717948718,2.0351973660645726,-183659,-47.90896047997913,0.4936821013249286,5860,1.5286291900352158,-0.17777194189171963,16987,4.431198643537238,1.1303656559522635,2011-02-01,57.77000045776367,49.91499977111816,0.10712917056141553,107.54159480211969,EXTREME_LONG,long,QQQ
2011-02-01,NASDAQ-100 STOCK INDEX (MINI) - CHICAGO MERCANTILE EXCHANGE,209742,366300,38326,207194,97858,41604,156996,68286,9433,3836,33581,15274,NQ,2011-02-04 15:30:00-05:00,88710,24.217854217854217,2.416889042427062,98.71794871794873,2.0502866999314855,56254,15.357357357357357,-4.790810113622166,94.87179487179486,1.557252096263007,-168868,-46.101010101010104,1.807950378969025,5597,1.5279825279825279,-0.0006466620526879296,18307,4.997815997815998,0.56661735427876,,,,,,EXTREME_LONG,long,QQQ
2011-02-08,NASDAQ-100 STOCK INDEX (MINI) - CHICAGO MERCANTILE EXCHANGE,209742,350582,35770,191445,116566,36071,122096,71219,11015,4230,35735,18217,NQ,2011-02-11 15:30:00-05:00,50877,14.512154075223485,-9.705700142630732,88.46153846153845,1.2142318197146278,80495,22.960391577434095,7.603034220076738,98.07692307692307,2.2586032759915926,-155675,-44.404732701621874,1.6962773993882294,6785,1.935353212657809,0.40737068467528115,17518,4.996833836306485,-0.0009821615095129133,,,,,,UNWINDING_LONG,long,QQQ
2011-02-15,NASDAQ-100 STOCK INDEX (MINI) - CHICAGO MERCANTILE EXCHANGE,209742,354378,33380,190366,118010,37412,123955,69467,10968,5735,33732,17065,NQ,2011-02-18 15:30:00-05:00,54488,15.375672304714175,0.8635182294906905,90.38461538461539,1.2713590736247617,80598,22.74351116604304,-0.21688041139105607,97.43589743589743,2.198010874784781,-156986,-44.299025334529794,0.10570736709208006,5233,1.4766718024256584,-0.4586814102321506,16667,4.703170061346923,-0.29366377495956186,,,,,,EXTREME_LONG,long,QQQ
2011-02-22,NASDAQ-100 STOCK INDEX (MINI) - CHICAGO MERCANTILE EXCHANGE,209742,373325,34183,197714,119555,36553,150558,80463,9367,5433,22208,15708,NQ,2011-02-25 15:30:00-05:00,70095,18.775865532712785,3.40019322799861,94.23076923076923,1.5376879658971407,83002,22.23317484765285,-0.5103363183901877,96.7948717948718,2.111070939331701,-163531,-43.80392419473649,0.49510113979330583,3934,1.0537735217303958,-0.4228982806952626,6500,1.7411102926404607,-2.9620597687064625,2011-03-01,57.43000030517578,51.09799995422363,0.10251488072461819,106.90866839823299,EXTREME_LONG,long,QQQ
2011-03-01,NASDAQ-100 STOCK INDEX (MINI) - CHICAGO MERCANTILE EXCHANGE,209742,360389,41620,186251,96514,36636,134526,77867,10622,4329,35468,13667,NQ,2011-03-04 15:30:00-05:00,56659,15.721623024010167,-3.054242508702618,89.74358974358975,1.265471363858867,59878,16.614824536819935,-5.618350310832916,93.58974358974359,1.5674188703125989,-144631,-40.13191301621303,3.672011178523455,6293,1.7461687232407204,0.6923952015103245,21801,6.049296732142213,4.3081864395017515,,,,,,UNWINDING_LONG,long,QQQ
2011-03-08,NASDAQ-100 STOCK INDEX (MINI) - CHICAGO MERCANTILE EXCHANGE,209742,363766,41189,186434,93488,37167,148549,80110,9579,7983,36052,17163,NQ,2011-03-11 15:30:00-05:00,68439,18.814017802653353,3.092394778643186,96.15384615384616,1.5055964938403994,56321,15.48275539770072,-1.1320691391192153,92.3076923076923,1.448043360287124,-145245,-39.92814061786973,0.20377239834330396,1596,0.4387435879109098,-1.3074251353298105,18889,5.192623829604746,-0.8566729025374666,,,,,,EXTREME_LONG,long,QQQ
2011-03-15,NASDAQ-100 STOCK INDEX (MINI) - CHICAGO MERCANTILE EXCHANGE,209742,428273,66997,171081,79307,45513,137648,79903,10871,6864,28712,20174,NQ,2011-03-18 15:30:00-04:00,57745,13.483222150357365,-5.330795652295988,82.05128205128204,1.0455249213144513,33794,7.890761266762088,-7.591994130938631,78.84615384615384,0.7567515770770256,-104084,-24.303189787822255,15.624950830047474,4007,0.9356181687848638,0.49687458087395403,8538,1.9935882019179356,-3.1990356276868104,,,,,,UNWINDING_LONG,long,QQQ
2011-03-22,NASDAQ-100 STOCK INDEX (MINI) - CHICAGO MERCANTILE EXCHANGE,209742,274824,80772,128202,68703,45806,73268,55781,12315,8753,22451,18967,NQ,2011-03-25 15:30:00-04:00,17487,6.362981399004454,-7.120240751352911,64.74358974358975,0.44701534167344514,22897,8.331513987133583,0.4407527203714947,79.48717948717949,0.7942225357221421,-47430,-17.258318050825256,7.044871736996999,3562,1.2961022327016563,0.36048406391679244,3484,1.2677204319855617,-0.7258677699323739,2011-04-01,59.08000183105469,52.73500022888184,0.08483295674346167,109.9802244673502,UNWINDING_LONG,long,QQQ
2011-03-29,NASDAQ-100 STOCK INDEX (MINI) - CHICAGO MERCANTILE EXCHANGE,209742,314742,77505,147048,69205,49004,115491,77043,9333,8446,25484,15477,NQ,2011-04-01 15:30:00-04:00,38448,12.215719541719885,5.852738142715431,80.76923076923077,0.9285412968273596,20201,6.418272744025265,-1.9132412431083177,73.71794871794873,0.6258205349481594,-69543,-22.09523991078407,-4.836921859958814,887,0.28181812405080986,-1.0142841086508465,10007,3.179429500988111,1.911709069002549,2011-04-01,59.08000183105469,52.73500022888184,0.08483295674346167,109.9802244673502,NORMAL,,QQQ
2011-04-05,NASDAQ-100 STOCK INDEX (MINI) - CHICAGO MERCANTILE EXCHANGE,209742,360997,70544,169525,79544,45741,150588,107275,11975,6587,29107,12630,NQ,2011-04-08 15:30:00-04:00,43313,11.998160649534483,-0.21755889218540148,79.48717948717949,0.9082820767504133,33803,9.363789726784432,2.945516982759167,82.6923076923077,0.892883736487983,-98981,-27.41878741374582,-5.323547502961752,5388,1.4925331789460854,1.2107150548952754,16477,4.564303858480819,1.3848743574927078,,,,,,UNWINDING_LONG,long,QQQ
2011-04-12,NASDAQ-100 STOCK INDEX (MINI) - CHICAGO MERCANTILE EXCHANGE,209742,336108,70834,146308,73709,48348,129327,102717,14256,5759,27550,12544,NQ,2011-04-15 15:30:00-04:00,26610,7.917098075618552,-4.081062573915932,69.87179487179486,0.5459587314615056,25361,7.5454913301676845,-1.8182983966167479,77.56410256410257,0.7340819058557425,-75474,-22.455282230711557,4.963505183034265,8497,2.528056458043248,1.0355232790971627,15006,4.464636366882074,-0.099667491598745,,,,,,NORMAL,,QQQ
2011-04-19,NASDAQ-100 STOCK INDEX (MINI) - CHICAGO MERCANTILE EXCHANGE,209742,315826,79195,141155,68295,52464,103667,78947,18635,4521,25102,17807,NQ,2011-04-22 15:30:00-04:00,24720,7.827094666050294,-0.09000340956825781,69.23076923076923,0.5296123287219618,15831,5.012570212712063,-2.532921117455621,69.23076923076923,0.511148737250626,-61960,-19.618397472025734,2.836884758685823,14114,4.468916428666418,1.94085997062317,7295,2.3098161645969615,-2.154820202285112,,,,,,NORMAL,,QQQ
2011-04-26,NASDAQ-100 STOCK INDEX (MINI) - CHICAGO MERCANTILE EXCHANGE,209742,365429,76505,164038,79380,56796,142243,101308,19707,4429,26265,17529,NQ,2011-04-29 15:30:00-04:00,40935,11.201902421537426,3.374807755487132,77.56410256410257,0.8298122975649649,22584,6.1801334869427444,1.1675632742306812,73.71794871794873,0.6240237302545074,-87533,-23.95349028128583,-4.335092809260097,15278,4.180839506443112,-0.28807692222330594,8736,2.390614866362549,0.08079870176558757,2011-05-01,58.36000061035156,53.99000015258789,0.04214286804199219,108.63990805882781,NORMAL,,QQQ
2011-05-03,NASDAQ-100 STOCK INDEX (MINI) - CHICAGO MERCANTILE EXCHANGE,209742,412576,75294,188763,81718,52414,185232,129060,21019,9056,30793,14763,NQ,2011-05-06 15:30:00-04:00,56172,13.614946094780112,2.4130436732426865,82.6923076923077,1.0412512545418284,29304,7.102691382920965,0.9225578959782208,78.84615384615384,0.7141552276703524,-113469,-27.50256922360971,-3.549078942323881,11963,2.89958698518576,-1.2812525212573522,16030,3.885344760722873,1.494729894360324,,,,,,NORMAL,,QQQ
2011-05-10,NASDAQ-100 STOCK INDEX (MINI) - CHICAGO MERCANTILE EXCHANGE,209742,399383,76236,188257,77070,53714,187038,122951,17244,8472,29526,13720,NQ,2011-05-13 15:30:00-04:00,64087,16.046501728916855,2.4315556341367426,89.74358974358975,1.252135777078564,23356,5.8480205717318965,-1.2546708111890688,72.43589743589743,0.6085748202319686,-112021,-28.048514834131648,-0.5459456105219367,8772,2.1963879283795253,-0.7031990568062345,15806,3.9576046051033718,0.0722598443804987,,,,,,NORMAL,,QQQ
2011-05-17,NASDAQ-100 STOCK INDEX (MINI) - CHICAGO MERCANTILE EXCHANGE,209742,362823,80333,155152,80507,70959,142158,98775,18123,7656,27096,15675,NQ,2011-05-20 15:30:00-04:00,43383,11.957069976269421,-4.0894317526474335,77.56410256410257,0.8598100965092212,9548,2.63158620043382,-3.2164343712980763,64.1025641025641,0.3240386159163513,-74819,-20.621349804174486,7.4271650299571625,10467,2.8848777503080014,0.6884898219284761,11421,3.1478158771632447,-0.809788727940127,,,,,,NORMAL,,QQQ
2011-05-24,NASDAQ-100 STOCK INDEX (MINI) - CHICAGO MERCANTILE EXCHANGE,209742,344740,83565,148792,73334,71656,128571,84374,19581,8563,25722,17388,NQ,2011-05-27 15:30:00-04:00,44197,12.820386378140048,0.8633164018706267,79.48717948717949,0.9282645547100185,1678,0.48674363288275224,-2.144842567551068,58.97435897435898,0.13608533138414405,-65227,-18.920635841503742,1.7007139626707435,11018,3.1960317920751873,0.31115404176718586,8334,2.417474038405755,-0.7303418387574898,2011-06-01,57.04999923706055,55.34900016784668,-0.012463237233822188,106.20127839359729,NORMAL,,QQQ
2011-05-31,NASDAQ-100 STOCK INDEX (MINI) - CHICAGO MERCANTILE EXCHANGE,209742,351232,82870,152191,69002,71787,137439,84193,20322,8781,26463,19144,NQ,2011-06-03 15:30:00-04:00,53246,15.159780430029155,2.3393940518891068,86.53846153846155,1.1340274289727934,-2785,-0.79292319606414,-1.2796668289468922,57.05128205128205,0.026762110410613212,-69321,-19.736527423469386,-0.8158915819656443,11541,3.285862336005831,0.08983054393064371,7319,2.0838078534985423,-0.33366618490721267,,,,,,NORMAL,,QQQ
2011-06-07,NASDAQ-100 STOCK INDEX (MINI) - CHICAGO MERCANTILE EXCHANGE,209742,340737,90291,126221,73930,79684,106443,76026,21300,9608,22637,23062,NQ,2011-06-10 15:30:00-04:00,30417,8.926826261897006,-6.232954168132149,71.15384615384616,0.5467724602959461,-5754,-1.6886924519497442,-0.8957692558856042,51.28205128205128,-0.04749725907986538,-35930,-10.54478967649536,9.191737746974026,11692,3.4313854967320836,0.1455231607262526,-425,-0.12472963018398354,-2.208537483682526,,,,,,NORMAL,,QQQ
2011-06-14,NASDAQ-100 STOCK INDEX (MINI) - CHICAGO MERCANTILE EXCHANGE,209742,401154,102291,116082,65050,97152,98149,83841,20905,8878,47233,27675,NQ,2011-06-17 15:30:00-04:00,14308,3.5667100415301856,-5.36011622036682,47.43589743589743,0.04643764484398752,-32102,-8.002413038384262,-6.313720586434518,21.794871794871796,-0.6304934394814805,-13791,-3.4378318550980422,7.106957821397319,12027,2.9981004801148687,-0.43328501661721486,19558,4.875434371837249,5.000164002021233,,,,,,NORMAL,,QQQ
2011-06-21,NASDAQ-100 STOCK INDEX (MINI) - CHICAGO MERCANTILE EXCHANGE,209742,270658,90973,95198,65202,73514,64032,77116,14672,11403,23562,1210,NQ,2011-06-24 15:30:00-04:00,-13084,-4.834144935675281,-8.400854977205466,25.64102564102564,-0.7322700822385348,-8312,-3.0710342942015383,4.931378744182723,44.230769230769226,-0.15904913013486502,-4225,-1.5610105742302094,1.8768212808678328,3269,1.2077972940020247,-1.790303186112844,22352,8.258392510105004,3.382958138267755,2011-07-01,58.0,56.24200019836426,0.009925120874025984,107.96974985456661,NORMAL,,QQQ
2011-06-28,NASDAQ-100 STOCK INDEX (MINI) - CHICAGO MERCANTILE EXCHANGE,209742,267870,92957,96882,58261,40097,65790,83628,11894,15082,23860,17073,NQ,2011-07-01 15:30:00-04:00,-17838,-6.6592003583827974,-1.8250554227075169,17.307692307692307,-0.89369472808723,18164,6.780901183409863,9.851935477611402,81.41025641025641,0.7852800742468812,-3925,-1.4652630007092993,0.09574757352091012,-3188,-1.190129540448725,-2.39792683445075,6787,2.533691716130959,-5.724700793974045,2011-07-01,58.0,56.24200019836426,0.009925120874025984,107.96974985456661,NORMAL,,QQQ
2011-07-05,NASDAQ-100 STOCK INDEX (MINI) - CHICAGO MERCANTILE EXCHANGE,209742,292653,84790,115214,59999,34827,92692,93737,11660,16794,28157,16726,NQ,2011-07-08 15:30:00-04:00,-1045,-0.357078177910358,6.302122180472439,38.46153846153847,-0.30414932824053714,25172,8.60131281756893,1.8204116341590666,89.1025641025641,0.9615367922487995,-30424,-10.395929650473427,-8.930666649764127,-5134,-1.7542960434371082,-0.5641665029883831,11431,3.905991054251964,1.372299338121005,,,,,,NORMAL,,QQQ
2011-07-12,NASDAQ-100 STOCK INDEX (MINI) - CHICAGO MERCANTILE EXCHANGE,209742,356267,77574,168292,59747,35437,163559,112268,10663,15671,33415,13290,NQ,2011-07-15 15:30:00-04:00,51291,14.396786679653182,14.75386485756354,83.33333333333334,1.056264694116376,24310,6.823534034867108,-1.777778782701822,81.41025641025641,0.7896729290283588,-90718,-25.463486654671918,-15.067557004198491,-5008,-1.4056873075530432,0.34860873588406505,20125,5.648853247704671,1.7428621934527069,,,,,,NORMAL,,QQQ
2011-07-19,NASDAQ-100 STOCK INDEX (MINI) - CHICAGO MERCANTILE EXCHANGE,209742,363827,76583,173040,65181,37096,176274,113455,10017,16474,24282,12272,NQ,2011-07-22 15:30:00-04:00,62819,17.266173208695342,2.86938652904216,91.02564102564102,1.3121435888367265,28085,7.719328142221441,0.895794107354333,85.25641025641025,0.8720794359300719,-96457,-26.511776201326455,-1.0482895466545372,-6457,-1.7747445901486145,-0.36905728259557136,12010,3.3010194405582873,-2.3478338071463836,,,,,,EXTREME_LONG,long,QQQ
2011-07-26,NASDAQ-100 STOCK INDEX (MINI) - CHICAGO MERCANTILE EXCHANGE,209742,364339,78940,172066,70078,30945,160413,112080,11319,14360,24769,16068,NQ,2011-07-29 15:30:00-04:00,48333,13.265941883795037,-4.000231324900305,78.2051282051282,0.9290504462264292,39133,10.74082104852898,3.0214929063075395,91.02564102564102,1.1587301977246363,-93126,-25.560261185324656,0.9515150160017996,-3041,-0.8346622239178347,0.9400823662307798,8701,2.388160476918474,-0.9128589636398132,2011-08-01,55.060001373291016,56.53000030517578,-0.0680433367158531,102.49680302183319,UNWINDING_LONG,long,QQQ
2011-08-02,NASDAQ-100 STOCK INDEX (MINI) - CHICAGO MERCANTILE EXCHANGE,209742,353814,74975,159923,70381,37845,152193,101371,8534,14813,25577,17708,NQ,2011-08-05 15:30:00-04:00,50822,14.364044384902803,1.0981025011077659,82.05128205128204,1.0183024400751912,32536,9.195792139372665,-1.545028909156315,88.46153846153845,1.0069906203884027,-84948,-24.009225186114737,1.551035999209919,-6279,-1.7746612626973495,-0.9399990387795147,7869,2.224049924536621,-0.16411055238185313,,,,,,NORMAL,,QQQ
2011-08-09,NASDAQ-100 STOCK INDEX (MINI) - CHICAGO MERCANTILE EXCHANGE,209742,329768,79135,154169,74658,54978,126461,65174,6124,11441,21972,22588,NQ,2011-08-12 15:30:00-04:00,61287,18.58488391839111,4.2208395334883075,92.94871794871796,1.3905729721047873,19680,5.967831930326775,-3.2279602090458903,75.0,0.6978096917671015,-75034,-22.753572208340408,1.2556529777743286,-5317,-1.612345649062371,0.16231561363497837,-616,-0.18679799131510638,-2.4108479158517273,,,,,,EXTREME_LONG,long,QQQ
2011-08-16,NASDAQ-100 STOCK INDEX (MINI) - CHICAGO MERCANTILE EXCHANGE,209742,342998,122205,143701,68612,59490,86862,84860,4811,10797,35725,19367,NQ,2011-08-19 15:30:00-04:00,2002,0.5836768727514446,-18.001207045639667,39.743589743589745,-0.25494110660242086,9122,2.6594907258934453,-3.30834120443333,67.94871794871796,0.38626562011027776,-21496,-6.26709193639613,16.486480271944277,-5986,-1.745199680464609,-0.13285403140223795,16358,4.76912401821585,4.955922009530957,,,,,,UNWINDING_LONG,long,QQQ
2011-08-23,NASDAQ-100 STOCK INDEX (MINI) - CHICAGO MERCANTILE EXCHANGE,209742,360396,137231,154104,65316,63982,89333,82054,4638,14341,36691,18728,NQ,2011-08-26 15:30:00-04:00,7279,2.0197227494200822,1.4360458766686377,44.871794871794876,-0.12313654873901653,1334,0.37014839232399915,-2.2893423335694463,61.53846153846154,0.17236185032684054,-16873,-4.681794470526865,1.5852974658692656,-9703,-2.6923162299248604,-0.9471165494602514,17963,4.984239558707644,0.21511554049179438,2011-09-01,52.4900016784668,56.57000045776367,-0.10058257146151535,97.71262674292831,NORMAL,,QQQ
2011-08-30,NASDAQ-100 STOCK INDEX (MINI) - CHICAGO MERCANTILE EXCHANGE,209742,372851,154308,158653,66766,53912,85799,97497,4057,15080,35746,21534,NQ,2011-09-02 15:30:00-04:00,-11698,-3.137446325744064,-5.157169075164147,30.76923076923077,-0.5890512696459259,12854,3.447489747915387,3.077341355591388,70.51282051282051,0.46607034441939554,-4345,-1.165344869666435,3.5164496008604296,-11023,-2.9564088603758605,-0.26409263045100007,14212,3.8117103078709724,-1.1725292508366718,,,,,,UNWINDING_LONG,long,QQQ
2011-09-06,NASDAQ-100 STOCK INDEX (MINI) - CHICAGO MERCANTILE EXCHANGE,209742,392734,148893,152538,82538,89962,91262,91750,3499,15996,44583,20529,NQ,2011-09-09 15:30:00-04:00,-488,-0.12425713078063015,3.013189194963434,37.82051282051282,-0.3155650808602225,-7424,-1.890337989580734,-5.337827737496121,51.92307692307693,-0.03732269491673874,-3645,-0.9281091018348296,0.23723576783160538,-12497,-3.1820519741097026,-0.22564311373384216,24054,6.1247561963058965,2.313045888434924,,,,,,NORMAL,,QQQ
2011-09-13,NASDAQ-100 STOCK INDEX (MINI) - CHICAGO MERCANTILE EXCHANGE,209742,473798,155590,144443,99381,120214,97794,98641,4059,18343,46823,22006,NQ,2011-09-16 15:30:00-04:00,-847,-0.17876816702476583,-0.05451103624413568,36.53846153846153,-0.32223577687573124,-20833,-4.3970215154981656,-2.5066835259174316,39.1025641025641,-0.27393475579649595,11147,2.3526903870425793,3.280799488877409,-14284,-3.0147868923043153,0.16726508180538735,24817,5.237886187784667,-0.8868700085212291,,,,,,NORMAL,,QQQ
2011-09-20,NASDAQ-100 STOCK INDEX (MINI) - CHICAGO MERCANTILE EXCHANGE,209742,309930,92046,89096,95813,108267,78140,69866,5664,12090,29189,21533,NQ,2011-09-23 15:30:00-04:00,8274,2.6696350788887813,2.848403245913547,45.51282051282051,-0.06398173036632182,-12454,-4.018326718936534,0.3786947965616312,41.66666666666667,-0.23716042871811832,2950,0.9518278320911173,-1.400862554951462,-6426,-2.073371406446617,0.9414154858576982,7656,2.470235214403252,-2.767650973381415,,,,,,NORMAL,,QQQ
2011-09-27,NASDAQ-100 STOCK INDEX (MINI) - CHICAGO MERCANTILE EXCHANGE,209742,316586,104231,85481,96624,98313,81439,68610,4712,12834,20220,41988,NQ,2011-09-30 15:30:00-04:00,12829,4.052295426835046,1.3826603479462651,47.43589743589743,0.05603948013388412,-1689,-0.5335043242594429,3.4848223946770913,59.61538461538461,0.09033043964709628,18750,5.922561326148345,4.970733494057227,-8122,-2.565495631518766,-0.4921242250721489,-21768,-6.8758567972051825,-9.346092011608434,2011-10-01,57.95000076293945,56.91900062561035,0.015775662364851558,107.8766739042503,NORMAL,,QQQ
2011-10-04,NASDAQ-100 STOCK INDEX (MINI) - CHICAGO MERCANTILE EXCHANGE,209742,322866,107658,77610,91931,106137,81428,62786,5128,13100,20658,47170,NQ,2011-10-07 15:30:00-04:00,18642,5.773912397093531,1.7216169702584843,53.205128205128204,0.20889695561753813,-14206,-4.399967788494298,-3.8664634642348545,37.82051282051282,-0.27968053924428254,30048,9.306647339763245,3.3840860136149002,-7972,-2.4691358024691357,0.09635982904963036,-26512,-8.211456145893342,-1.3355993486881594,,,,,,NORMAL,,QQQ
2011-10-11,NASDAQ-100 STOCK INDEX (MINI) - CHICAGO MERCANTILE EXCHANGE,209742,299005,96322,89049,93287,86683,74820,53350,5976,13522,17768,45569,NQ,2011-10-14 15:30:00-04:00,21470,7.180481931740272,1.4065695346467413,62.17948717948718,0.34513598891436714,6604,2.2086587180816375,6.608626506575935,66.66666666666666,0.34025215246295365,7273,2.4324007959733116,-6.874246543789933,-7546,-2.523703616996371,-0.05456781452723547,-27801,-9.29783782879885,-1.0863816829055075,,,,,,NORMAL,,QQQ
2011-10-18,NASDAQ-100 STOCK INDEX (MINI) - CHICAGO MERCANTILE EXCHANGE,209742,324594,91942,122332,105949,76424,84674,53527,6909,11898,24947,50240,NQ,2011-10-21 15:30:00-04:00,31147,9.595679525807624,2.415197594067352,69.23076923076923,0.5602798124419911,29525,9.095978360659778,6.887319642578141,87.82051282051282,0.9918875693077849,-30390,-9.362465110260818,-11.79486590623413,-4989,-1.536996987005305,0.9867066299910661,-25293,-7.792195789201279,1.5056420395975705,,,,,,NORMAL,,QQQ
2011-10-25,NASDAQ-100 STOCK INDEX (MINI) - CHICAGO MERCANTILE EXCHANGE,209742,337429,82440,130849,112018,74885,103454,58701,6312,10103,22082,51768,NQ,2011-10-28 15:30:00-04:00,44753,13.26293827738576,3.667258751578137,76.92307692307693,0.8881053570142388,37133,11.004685430120114,1.9087070694603359,91.02564102564102,1.1615196897569091,-48409,-14.346425470247075,-4.983960359986257,-3791,-1.123495609446728,0.41350137755857697,-29686,-8.797702627812074,-1.0055068386107946,2011-11-01,56.38999938964844,56.958000564575194,-0.027758631212957973,104.97265738619838,NORMAL,,QQQ
2011-11-01,NASDAQ-100 STOCK INDEX (MINI) - CHICAGO MERCANTILE EXCHANGE,209742,339730,85501,151008,109369,59094,100726,46402,7146,9048,25385,62575,NQ,2011-11-04 15:30:00-04:00,54324,15.990345274188327,2.727406996802566,88.46153846153845,1.1309838816669393,50275,14.798516468960646,3.7938310388405316,92.3076923076923,1.5064510531086972,-65507,-19.282076943455095,-4.93565147320802,-1902,-0.5598563565184117,0.5636392529283164,-37190,-10.946928443175462,-2.1492258153633887,,,,,,NORMAL,,QQQ
2011-11-08,NASDAQ-100 STOCK INDEX (MINI) - CHICAGO MERCANTILE EXCHANGE,209742,346543,83853,148610,110053,44887,108524,59085,5424,9639,27528,73161,NQ,2011-11-11 15:30:00-05:00,49439,14.266339242171966,-1.7240060320163604,80.12820512820514,0.961443386312621,65166,18.804592792236463,4.006076323275817,94.23076923076923,1.86236384509406,-64757,-18.686569920615913,0.5955070228391826,-4215,-1.216299275991724,-0.6564429194733122,-45633,-13.168062837800793,-2.221134394625331,,,,,,NORMAL,,QQQ
2011-11-15,NASDAQ-100 STOCK INDEX (MINI) - CHICAGO MERCANTILE EXCHANGE,209742,346653,83877,150902,105369,45914,110976,57191,4893,9902,27503,68709,NQ,2011-11-18 15:30:00-05:00,53785,15.515515515515515,1.249176273343549,86.53846153846155,1.0668725091158178,59455,17.15115692060937,-1.6534358716270923,93.58974358974359,1.6746461873512637,-67025,-19.33489685651069,-0.6483269358947759,-5009,-1.4449608109550474,-0.22866153496332342,-41206,-11.88681476865915,1.2812480691416432,,,,,,NORMAL,,QQQ
2011-11-22,NASDAQ-100 STOCK INDEX (MINI) - CHICAGO MERCANTILE EXCHANGE,209742,320368,88009,117177,95741,46169,93368,56010,4897,12058,22159,72760,NQ,2011-11-25 15:30:00-05:00,37358,11.660964890376068,-3.8545506251394475,69.87179487179486,0.7113903323138286,49572,15.473455526144933,-1.677701394464437,91.66666666666666,1.4924398154621905,-29168,-9.104529790740647,10.230367065770041,-7161,-2.2352419717325076,-0.7902811607774602,-50601,-15.794648654047846,-3.907833885388696,2011-12-01,55.83000183105469,56.764000701904294,0.01398475188083069,103.9301953806719,NORMAL,,QQQ
2011-11-29,NASDAQ-100 STOCK INDEX (MINI) - CHICAGO MERCANTILE EXCHANGE,209742,295643,88506,105786,92235,47093,78533,43650,4140,9409,17928,75404,NQ,2011-12-02 15:30:00-05:00,34883,11.799027881600443,0.13806299122437515,69.87179487179486,0.7195629007101062,45142,15.269091437984326,-0.2043640881606077,90.38461538461539,1.4524862403848557,-17280,-5.844887245766008,3.259642544974639,-5269,-1.7822170658530727,0.4530249058794349,-57476,-19.44101500796569,-3.646366353917843,,,,,,NORMAL,,QQQ
2011-12-06,NASDAQ-100 STOCK INDEX (MINI) - CHICAGO MERCANTILE EXCHANGE,209742,321602,90677,128865,104076,45428,86588,50788,4873,9964,23266,74435,NQ,2011-12-09 15:30:00-05:00,35800,11.131771568584773,-0.6672563130156703,67.3076923076923,0.6566609936547677,58648,18.236204998725132,2.967113560740806,93.58974358974359,1.704344862129896,-38188,-11.874304264276963,-6.029417018510955,-5091,-1.5830125434543318,0.19920452239874087,-51169,-15.910659759578609,3.53035524838708,,,,,,NORMAL,,QQQ
2011-12-13,NASDAQ-100 STOCK INDEX (MINI) - CHICAGO MERCANTILE EXCHANGE,209742,412713,99212,141050,113201,52625,103754,57873,7359,8509,21724,85193,NQ,2011-12-16 15:30:00-05:00,45881,11.116926290182281,-0.014845278402491502,66.66666666666666,0.6508993579569639,60576,14.677511975634399,-3.5586930230907328,88.46153846153845,1.353996842570047,-41838,-10.137310915818015,1.7369933484589488,-1150,-0.27864399716025423,1.3043685462940777,-63469,-15.378483352838414,0.5321764067401951,,,,,,NORMAL,,QQQ
2011-12-20,NASDAQ-100 STOCK INDEX (MINI) - CHICAGO MERCANTILE EXCHANGE,209742,255825,44005,124830,101083,49848,65310,43721,8868,14876,27301,13292,NQ,2011-12-23 15:30:00-05:00,21589,8.438971953483827,-2.6779543366984537,60.256410256410255,0.40714627045785695,51235,20.02736245480309,5.3498504791686905,94.23076923076923,1.8236564754119533,-80825,-31.593862992279877,-21.45655207646186,-6008,-2.3484804065279,-2.069836409367646,14009,5.476008990520864,20.854492343359276,,,,,,NORMAL,,QQQ
2011-12-27,NASDAQ-100 STOCK INDEX (MINI) - CHICAGO MERCANTILE EXCHANGE,209742,255983,40313,124526,101602,47762,62405,41110,9952,16450,28518,12942,NQ,2011-12-30 15:30:00-05:00,21295,8.318911802736901,-0.12006015074692655,59.61538461538461,0.3869900625544105,53840,21.032646699194867,1.0052842443917775,95.51282051282051,1.8846006150947778,-84213,-32.89788775035842,-1.304024758078544,-6498,-2.5384498189332887,-0.18996941240538856,15576,6.084779067359942,0.608770076839078,2012-01-01,60.529998779296875,57.07400054931641,0.1531719726373787,112.67946253272251,NORMAL,,QQQ
2012-01-03,NASDAQ-100 STOCK INDEX (MINI) - CHICAGO MERCANTILE EXCHANGE,209742,264654,40960,132522,99490,49257,70617,39714,8834,17654,34175,14929,NQ,2012-01-06 15:30:00-05:00,30903,11.676755310707565,3.3578435079706637,69.23076923076923,0.6824493171985615,50233,18.98063131484882,-2.0520153843460456,92.94871794871796,1.6681197047729122,-91562,-34.59686987538446,-1.698982125026042,-8820,-3.3326532000272056,-0.7942033810939169,19246,7.2721364498552825,1.1873573824953407,,,,,,NORMAL,,QQQ
2012-01-10,NASDAQ-100 STOCK INDEX (MINI) - CHICAGO MERCANTILE EXCHANGE,209742,298290,35921,156217,118208,47279,89121,53004,9283,17856,34878,13055,NQ,2012-01-13 15:30:00-05:00,36117,12.108015689429749,0.43126037872218426,71.7948717948718,0.7120576424947452,70929,23.778537664688727,4.797906349839906,98.07692307692307,2.073738002402679,-120296,-40.328539340909856,-5.731669465525393,-8573,-2.8740487445103757,0.4586044555168298,21823,7.3160347313017535,0.04389828144647101,,,,,,NORMAL,,QQQ
2012-01-17,NASDAQ-100 STOCK INDEX (MINI) - CHICAGO MERCANTILE EXCHANGE,209742,328260,32477,173356,124092,47267,114678,62605,5480,19000,39292,13791,NQ,2012-01-20 15:30:00-05:00,52073,15.863340035337842,3.755324345908093,87.82051282051282,1.0418744076599655,76825,23.403704380673855,-0.3748332840148727,97.43589743589743,2.0009653294638716,-140879,-42.9168951440931,-2.5883558031832408,-13520,-4.11868640711631,-1.2446376626059341,25501,7.768537135197709,0.45250240389595575,,,,,,NORMAL,,QQQ
2012-01-24,NASDAQ-100 STOCK INDEX (MINI) - CHICAGO MERCANTILE EXCHANGE,209742,375509,35782,207927,126700,46812,146708,78062,7978,16190,44970,13147,NQ,2012-01-27 15:30:00-05:00,68646,18.2807868786101,2.417446843272259,92.3076923076923,1.2471832947075685,79888,21.27458995656562,-2.1291144241082343,94.23076923076923,1.7787877888831154,-172145,-45.843108953447185,-2.9262138093540884,-8212,-2.18689831668482,1.93178809043149,31823,8.474630434956286,0.7060932997585763,2012-02-01,64.41000366210938,57.607000732421874,0.11147545839725446,119.90227557809773,EXTREME_LONG,long,QQQ
2012-01-31,NASDAQ-100 STOCK INDEX (MINI) - CHICAGO MERCANTILE EXCHANGE,209742,382193,42821,222986,130885,46240,157382,67099,10070,15411,27757,17179,NQ,2012-02-03 15:30:00-05:00,90283,23.622358337279856,5.341571458669755,98.07692307692307,1.7120385571829864,84645,22.147187415782078,0.8725974592164576,94.87179487179486,1.83151582612623,-180165,-47.139795862299934,-1.2966869088527488,-5341,-1.3974614919687174,0.7894368247161025,10578,2.76771160120672,-5.706918833749565,,,,,,EXTREME_LONG,long,QQQ
2012-02-07,NASDAQ-100 STOCK INDEX (MINI) - CHICAGO MERCANTILE EXCHANGE,209742,385405,42379,224239,114087,45546,175389,69850,10372,13082,29583,19093,NQ,2012-02-10 15:30:00-05:00,105539,27.383920810575887,3.7615624732960313,99.35897435897436,2.020817665191236,68541,17.78414914181186,-4.3630382739702185,88.46153846153845,1.4178242280691318,-181860,-47.18672565223596,-0.046929789936022814,-2710,-0.7031564198700069,0.6943050720987105,10490,2.7218121197182183,-0.04589948148850187,,,,,,EXTREME_LONG,long,QQQ
2012-02-14,NASDAQ-100 STOCK INDEX (MINI) - CHICAGO MERCANTILE EXCHANGE,209742,437643,35258,246813,144147,44821,195570,89503,14454,18591,33024,22725,NQ,2012-02-17 15:30:00-05:00,106067,24.235964016332947,-3.1479567942429405,98.07692307692307,1.702244302196649,99326,22.69566747326017,4.91151833144831,95.51282051282051,1.8261442055700996,-211555,-48.339628418596895,-1.1529027663609384,-4137,-0.9452910248764403,-0.24213460500643347,10299,2.3532879538802174,-0.36852416583800096,,,,,,EXTREME_LONG,long,QQQ
2012-02-21,NASDAQ-100 STOCK INDEX (MINI) - CHICAGO MERCANTILE EXCHANGE,209742,462415,26353,286642,158467,44401,228617,74836,7072,22085,26399,18944,NQ,2012-02-24 15:30:00-05:00,153781,33.25605787009504,9.020093853762095,100.0,2.4716370372921306,114066,24.66745239665668,1.9717849233965126,99.35897435897436,1.964005606884362,-260289,-56.2890477168777,-7.949419298280802,-15013,-3.246650735810906,-2.3013597109344657,7455,1.612188185936875,-0.7410997679433424,2012-03-01,67.55000305175781,58.5260009765625,0.19790749748009442,125.74753331333625,EXTREME_LONG,long,QQQ
2012-02-28,NASDAQ-100 STOCK INDEX (MINI) - CHICAGO MERCANTILE EXCHANGE,209742,481256,30323,302993,166042,45989,233415,72340,7513,23542,28484,20913,NQ,2012-03-02 15:30:00-05:00,161075,33.46971258540153,0.2136547153064896,100.0,2.429516530223153,120053,24.945766909919044,0.27831451326236234,99.35897435897436,1.9502801056311665,-272670,-56.65799491331017,-0.3689471964324724,-16029,-3.330659773592433,-0.08400903778152724,7571,1.5731751915820271,-0.03901299435484784,,,,,,EXTREME_LONG,long,QQQ
2012-03-06,NASDAQ-100 STOCK INDEX (MINI) - CHICAGO MERCANTILE EXCHANGE,209742,480559,28414,294625,161295,44189,234812,75261,7731,27346,32019,22850,NQ,2012-03-09 15:30:00-05:00,159551,33.20112618845969,-0.26858639694184205,98.71794871794873,2.347877500729486,117106,24.368703946861885,-0.5770629630571591,97.43589743589743,1.864294163976353,-266211,-55.396111611685555,1.2618833016246143,-19615,-4.081704847895888,-0.7510450743034549,9169,1.9079863242598722,0.3348111326778451,,,,,,EXTREME_LONG,long,QQQ
2012-03-13,NASDAQ-100 STOCK INDEX (MINI) - CHICAGO MERCANTILE EXCHANGE,209742,587569,29270,317267,164572,49614,250436,58914,10822,28261,30742,31786,NQ,2012-03-16 15:30:00-04:00,191522,32.59566110533401,-0.6054650831256794,98.07692307692307,2.248497443186577,114958,19.565021299626085,-4.803682647235799,87.82051282051282,1.4288965999449887,-287997,-49.015009301035285,6.38110231065027,-17439,-2.967991844362109,1.1137130035337788,-1044,-0.17768125956270667,-2.085667583822579,,,,,,EXTREME_LONG,long,QQQ
2012-03-20,NASDAQ-100 STOCK INDEX (MINI) - CHICAGO MERCANTILE EXCHANGE,209742,441701,20079,253307,160246,41043,216701,76658,7574,31168,26469,28893,NQ,2012-03-23 15:30:00-04:00,140043,31.70538441162687,-0.8902766937071398,97.43589743589743,2.1281900513665826,119203,26.987260612948578,7.422239313322493,100.0,2.026984822176146,-233228,-52.802234996072,-3.7872256950367174,-23594,-5.341622500288657,-2.3736306559265477,-2424,-0.5487875282147878,-0.3711062686520812,,,,,,EXTREME_LONG,long,QQQ
2012-03-27,NASDAQ-100 STOCK INDEX (MINI) - CHICAGO MERCANTILE EXCHANGE,209742,435674,20632,240684,160107,36463,205488,74242,7915,36018,28307,35042,NQ,2012-03-30 15:30:00-04:00,131246,30.124818097935613,-1.580566313691257,96.7948717948718,1.9570313882253167,123644,28.379935456327438,1.3926748433788596,100.0,2.1052628886741487,-220052,-50.50840766261012,2.293827333461884,-28103,-6.450465256131879,-1.108842755843222,-6735,-1.5458806355210548,-0.997093107306267,2012-04-01,66.76000213623047,59.497001266479494,0.1957728810085067,124.27690915412303,EXTREME_LONG,long,QQQ
2012-04-03,NASDAQ-100 STOCK INDEX (MINI) - CHICAGO MERCANTILE EXCHANGE,209742,447118,26361,255334,158717,36377,214776,67924,8470,38781,27078,36986,NQ,2012-04-06 15:30:00-04:00,146852,32.844126159089996,2.7193080611543827,98.07692307692307,2.144226521577501,122340,27.36190446369862,-1.018030992628816,99.35897435897436,1.982307906012619,-228973,-51.21086603536427,-0.7024583727541511,-30311,-6.779194753957568,-0.32872949782568917,-9908,-2.215969833466781,-0.670089197945726,,,,,,EXTREME_LONG,long,QQQ
2012-04-10,NASDAQ-100 STOCK INDEX (MINI) - CHICAGO MERCANTILE EXCHANGE,209742,449201,25072,249453,158697,37363,214794,76787,8755,34681,28543,37577,NQ,2012-04-13 15:30:00-04:00,138007,30.722772211103717,-2.121353947986279,96.15384615384616,1.9267563908297742,121334,27.011070767874514,-0.3508336958241074,98.71794871794873,1.9155010123425351,-224381,-49.951135460517676,1.2597305748465928,-25926,-5.771581096213054,1.007613657744514,-9034,-2.011126422247502,0.20484341121927896,,,,,,EXTREME_LONG,long,QQQ
2012-04-17,NASDAQ-100 STOCK INDEX (MINI) - CHICAGO MERCANTILE EXCHANGE,209742,440192,23714,254866,161319,40451,209218,69571,7991,33635,27133,30852,NQ,2012-04-20 15:30:00-04:00,139647,31.72411129688863,1.0013390857849132,96.7948717948718,1.9707776065661582,120868,27.45801831927886,0.44694755140434594,99.35897435897436,1.9155117788580978,-231152,-52.51163128816516,-2.560495827647486,-25644,-5.825639720849084,-0.054058624636030395,-3719,-0.8448586071532422,1.1662678150942596,,,,,,EXTREME_LONG,long,QQQ
2012-04-24,NASDAQ-100 STOCK INDEX (MINI) - CHICAGO MERCANTILE EXCHANGE,209742,416133,24605,242214,161968,39790,182680,66668,8099,31443,28778,26015,NQ,2012-04-27 15:30:00-04:00,116012,27.878586894093957,-3.8455244027946733,93.58974358974359,1.631608814335012,122178,29.360324703880732,1.9023063846018715,100.0,2.0306260051020764,-217609,-52.293137049933556,0.21849423823160663,-23344,-5.609744961346492,0.21589475950259196,2763,0.6639704133053616,1.5088290204586037,2012-05-01,62.060001373291016,59.903001403808595,0.025276765650909756,115.52763490083261,EXTREME_LONG,long,QQQ
2012-05-01,NASDAQ-100 STOCK INDEX (MINI) - CHICAGO MERCANTILE EXCHANGE,209742,409777,36454,231280,163445,36981,160771,68992,9762,32427,29545,30297,NQ,2012-05-04 15:30:00-04:00,91779,22.397303899437986,-5.48128299465597,89.74358974358975,1.1775115366424436,126464,30.861663782984404,1.5013390791036727,100.0,2.108373079031444,-194826,-47.544396098365695,4.748740951567861,-22665,-5.531057135954434,0.07868782539205821,-752,-0.1835144481022605,-0.847484861407622,,,,,,UNWINDING_LONG,long,QQQ
2012-05-08,NASDAQ-100 STOCK INDEX (MINI) - CHICAGO MERCANTILE EXCHANGE,209742,417971,52205,205863,150908,42296,160256,90841,6058,30899,26014,25542,NQ,2012-05-11 15:30:00-04:00,69415,16.607611532857543,-5.789692366580443,80.76923076923077,0.7094293218241159,108612,25.98553488160662,-4.876128901377786,94.87179487179486,1.6866562301998256,-153658,-36.76283761313584,10.781558485229858,-24841,-5.943235296228686,-0.4121781602742516,472,0.1129264949003639,0.2964409430026244,,,,,,UNWINDING_LONG,long,QQQ
2012-05-15,NASDAQ-100 STOCK INDEX (MINI) - CHICAGO MERCANTILE EXCHANGE,209742,405222,42637,200465,138396,41239,177230,97526,7309,31791,25503,20054,NQ,2012-05-18 15:30:00-04:00,79704,19.669218354383524,3.061606821525981,87.17948717948718,0.9403460134019267,97157,23.976240184392754,-2.009294697213864,91.02564102564102,1.5050206563969704,-157828,-38.94852698027254,-2.1856893671367033,-24482,-6.041626565191426,-0.09839126896274042,5449,1.3446950066876922,1.2317685117873283,,,,,,NORMAL,,QQQ
2012-05-22,NASDAQ-100 STOCK INDEX (MINI) - CHICAGO MERCANTILE EXCHANGE,209742,395117,52280,185372,136235,44482,156954,87473,5966,33572,21761,22297,NQ,2012-05-25 15:30:00-04:00,69481,17.58491788508214,-2.0843004693013825,80.76923076923077,0.7731950552501972,91753,23.221729259940727,-0.7545109244520276,89.1025641025641,1.4249702132430673,-133092,-33.68419986991195,5.26432711036059,-27606,-6.986791254236087,-0.9451646890446606,-536,-0.13565602087482947,-1.4803510275625216,2012-06-01,64.16000366210938,60.81300163269043,-0.00388138465744364,119.43688872527632,UNWINDING_LONG,long,QQQ
2012-05-29,NASDAQ-100 STOCK INDEX (MINI) - CHICAGO MERCANTILE EXCHANGE,209742,379569,61739,174384,127056,44661,147478,92321,5356,33223,25113,22153,NQ,2012-06-01 15:30:00-04:00,55157,14.531481759574676,-3.0534361255074653,70.51282051282051,0.5308929557478028,82395,21.70751562956933,-1.5142136303713976,84.61538461538461,1.2897088742873422,-112645,-29.67708111041734,4.00711875949461,-27867,-7.341748140654269,-0.354956886418182,2960,0.7798318619276073,0.9154878828024369,2012-06-01,64.16000366210938,60.81300163269043,-0.00388138465744364,119.43688872527632,NORMAL,,QQQ
2012-06-05,NASDAQ-100 STOCK INDEX (MINI) - CHICAGO MERCANTILE EXCHANGE,209742,382912,62777,168116,128475,44020,149781,101894,6166,35169,21882,19882,NQ,2012-06-08 15:30:00-04:00,47887,12.506006602039111,-2.025475157535565,60.89743589743589,0.36901251285368397,84455,22.055981531004512,0.3484659014351834,85.25641025641025,1.298611452990644,-105339,-27.509976182517132,2.1671049279002084,-29003,-7.574325171318736,-0.23257703066446744,2000,0.5223132207922447,-0.2575186411353626,,,,,,NORMAL,,QQQ
2012-06-12,NASDAQ-100 STOCK INDEX (MINI) - CHICAGO MERCANTILE EXCHANGE,209742,462707,47998,170613,152073,45081,134806,93470,4774,35345,42564,37706,NQ,2012-06-15 15:30:00-04:00,41336,8.93351516186269,-3.572491440176421,50.641025641025635,0.08573575001276025,106992,23.123056275353516,1.0670747443490036,88.46153846153845,1.3616165345563587,-122615,-26.499491038605424,1.0104851439117084,-30571,-6.606988872007555,0.9673362993111807,4858,1.0499084733967716,0.5275952526045269,,,,,,NORMAL,,QQQ
2012-06-19,NASDAQ-100 STOCK INDEX (MINI) - CHICAGO MERCANTILE EXCHANGE,209742,329850,19837,204178,170459,43978,92450,48133,14642,14805,28034,14328,NQ,2012-06-22 15:30:00-04:00,44317,13.435500985296347,4.501985823433657,63.46153846153846,0.4348162249453124,126481,38.345005305441866,15.22194903008835,100.0,2.4833921063033344,-184341,-55.88631195998181,-29.386820921376387,-163,-0.04941640139457329,6.557572470612982,13706,4.155222070638169,3.1053135972413974,,,,,,NORMAL,,QQQ
2012-06-26,NASDAQ-100 STOCK INDEX (MINI) - CHICAGO MERCANTILE EXCHANGE,209742,339283,24870,208236,175678,45165,91188,49171,16110,14944,24040,14370,NQ,2012-06-29 15:30:00-04:00,42017,12.38405696719258,-1.0514440181037674,59.61538461538461,0.3490824249419072,130513,38.46729721206191,0.12229190662004186,100.0,2.4305804338733106,-183366,-54.04514815065889,1.8411638093229215,1166,0.34366590722199464,0.3930823086165679,9670,2.850128064182408,-1.3050940064557612,2012-07-01,64.80000305175781,62.044001770019534,-0.04071058291282251,120.62827793230076,NORMAL,,QQQ
2012-07-03,NASDAQ-100 STOCK INDEX (MINI) - CHICAGO MERCANTILE EXCHANGE,209742,353795,22470,231401,172025,42525,109564,44159,14481,15678,28657,13434,NQ,2012-07-06 15:30:00-04:00,65405,18.486694272106728,6.102637304914149,82.6923076923077,0.8199215947597851,129500,36.60311762461313,-1.8641795874487812,98.71794871794873,2.2356283828107886,-208931,-59.05425458245594,-5.009106431797051,-1197,-0.3383315196653429,-0.6819974268873376,15223,4.302774205401433,1.452646141219025,,,,,,NORMAL,,QQQ
2012-07-10,NASDAQ-100 STOCK INDEX (MINI) - CHICAGO MERCANTILE EXCHANGE,209742,348944,22564,223449,183385,44282,95240,41609,9063,14566,27747,14093,NQ,2012-07-13 15:30:00-04:00,53631,15.36951487917832,-3.117179392928408,72.43589743589743,0.5661996697386303,139103,39.8639896373057,3.260872012692573,100.0,2.4205509086117893,-200885,-57.56940941813013,1.4848451643258116,-5503,-1.5770438809665734,-1.2387123613012305,13654,3.9129487826126828,-0.3898254227887503,,,,,,NORMAL,,QQQ
2012-07-17,NASDAQ-100 STOCK INDEX (MINI) - CHICAGO MERCANTILE EXCHANGE,209742,339460,28083,219899,174176,44496,89310,38512,8760,14257,29142,12307,NQ,2012-07-20 15:30:00-04:00,50798,14.964355152300714,-0.4051597268776064,70.51282051282051,0.5252041751408406,129680,38.20184999705415,-1.662139640251553,98.07692307692307,2.24541657911581,-191816,-56.50621575443351,1.063193663696616,-5497,-1.619336593413068,-0.04229271244649446,16835,4.959347198491722,1.0463984158790391,,,,,,NORMAL,,QQQ
2012-07-24,NASDAQ-100 STOCK INDEX (MINI) - CHICAGO MERCANTILE EXCHANGE,209742,352606,28081,220415,178866,45279,102316,45932,8304,14823,26988,18106,NQ,2012-07-27 15:30:00-04:00,56384,15.99065245628265,1.026297303981936,76.28205128205127,0.5963265969873571,133587,37.885628718739895,-0.3162212783142522,97.43589743589743,2.1737617174616277,-192334,-54.54643426373913,1.9597814906943825,-6519,-1.8488057491931504,-0.22946915578008253,8882,2.518958837909735,-2.440388360581987,2012-08-01,68.16000366210938,63.065002059936525,0.020970663287608392,126.88307837041884,NORMAL,,QQQ
2012-07-31,NASDAQ-100 STOCK INDEX (MINI) - CHICAGO MERCANTILE EXCHANGE,209742,368502,29037,237134,172282,43814,123329,50935,8987,15186,27858,14424,NQ,2012-08-03 15:30:00-04:00,72394,19.645483606601864,3.6548311503192146,86.53846153846155,0.875926298139586,128468,34.862225985204965,-3.0234027335349296,96.15384615384616,1.9189277697741984,-208097,-56.47106392909672,-1.9246296653575925,-6199,-1.6822161073752653,0.16658964181788516,13434,3.645570444665158,1.1266116067554228,,,,,,NORMAL,,QQQ
2012-08-07,NASDAQ-100 STOCK INDEX (MINI) - CHICAGO MERCANTILE EXCHANGE,209742,392754,28121,254310,172498,43807,146123,53599,9194,15082,29838,18976,NQ,2012-08-10 15:30:00-04:00,92524,23.55774861618214,3.912265009580274,89.74358974358975,1.1741657166619859,128691,32.76631173711789,-2.0959142480870767,95.51282051282051,1.7405446357234498,-226189,-57.590501942691866,-1.1194380135951434,-5888,-1.4991572332808831,0.18305887409438215,10862,2.7655988226727164,-0.8799716219924414,,,,,,NORMAL,,QQQ
2012-08-14,NASDAQ-100 STOCK INDEX (MINI) - CHICAGO MERCANTILE EXCHANGE,209742,409963,26706,266167,177396,43024,157426,59142,9555,15211,32084,19623,NQ,2012-08-17 15:30:00-04:00,98284,23.97387081273188,0.41612219654974325,90.38461538461539,1.1917975489063843,134372,32.77661642636043,0.010304689242538245,95.51282051282051,1.7118877907492274,-239461,-58.41039313303884,-0.8198911903469721,-5656,-1.37963669892161,0.11952053435927312,12461,3.0395425928681368,0.2739437701954204,,,,,,EXTREME_LONG,long,QQQ
2012-08-21,NASDAQ-100 STOCK INDEX (MINI) - CHICAGO MERCANTILE EXCHANGE,209742,439683,23969,295346,183747,40850,183328,50967,8394,18968,33467,26774,NQ,2012-08-24 15:30:00-04:00,132361,30.103733826415848,6.129863013683966,94.23076923076923,1.6578329436462274,142897,32.50000568591462,-0.276610740445804,94.23076923076923,1.6650973395675395,-271377,-61.72105812596803,-3.3106649929291905,-10574,-2.4049144497285546,-1.0252777508069446,6693,1.522233063366107,-1.5173095295020298,,,,,,EXTREME_LONG,long,QQQ
2012-08-28,NASDAQ-100 STOCK INDEX (MINI) - CHICAGO MERCANTILE EXCHANGE,209742,460255,21535,310742,194526,41814,195967,49011,9307,17166,32032,34634,NQ,2012-08-31 15:30:00-04:00,146956,31.92925660775005,1.8255227813342039,96.7948717948718,1.7797203224790832,152712,33.179867682045824,0.6798619961312014,95.51282051282051,1.6836408399721041,-289207,-62.83625381581949,-1.1151956898514612,-7859,-1.7075316943868073,0.6973827553417473,-2602,-0.5653387795895753,-2.087571842955682,2012-09-01,68.56999969482422,64.2830020904541,0.10489845596965994,127.64630542375654,EXTREME_LONG,long,QQQ
2012-09-04,NASDAQ-100 STOCK INDEX (MINI) - CHICAGO MERCANTILE EXCHANGE,209742,460702,21584,313255,192723,42811,196811,42795,9291,18159,32290,35679,NQ,2012-09-07 15:30:00-04:00,154016,33.43072094325616,1.5014643355061104,99.35897435897436,1.8818280955165256,149912,32.53990649052967,-0.6399611915161572,93.58974358974359,1.6140269458984122,-291671,-63.31012237845722,-0.47386856263773325,-8868,-1.9248885396633832,-0.21735684527657595,-3389,-0.7356165156652239,-0.17027773607564856,,,,,,EXTREME_LONG,long,QQQ
2012-09-11,NASDAQ-100 STOCK INDEX (MINI) - CHICAGO MERCANTILE EXCHANGE,209742,464897,21684,319075,191280,41579,186464,35117,9755,15066,38287,36633,NQ,2012-09-14 15:30:00-04:00,151347,32.55495303260722,-0.8757679106489391,96.15384615384616,1.7890538599925812,149701,32.20089611247222,-0.33901037805744494,92.3076923076923,1.5664841647328869,-297391,-63.96922329032022,-0.6591009118629998,-5311,-1.1424035861707003,0.782484953492683,1654,0.35577773141147395,1.091394247076698,,,,,,EXTREME_LONG,long,QQQ
2012-09-18,NASDAQ-100 STOCK INDEX (MINI) - CHICAGO MERCANTILE EXCHANGE,209742,597830,22286,309142,193581,36729,170781,34161,12296,15202,37019,40729,NQ,2012-09-21 15:30:00-04:00,136620,22.85265041901544,-9.702302613591783,85.8974358974359,1.0022881615517192,156852,26.236890085810348,-5.964006026661874,87.17948717948718,1.1560196347151594,-286856,-47.98287138484184,15.98635190547838,-2906,-0.486091363765619,0.6563122224050812,-3710,-0.6205777562183229,-0.9763554876297968,,,,,,UNWINDING_LONG,long,QQQ
2012-09-25,NASDAQ-100 STOCK INDEX (MINI) - CHICAGO MERCANTILE EXCHANGE,209742,410237,16091,301043,178560,38047,159281,33025,11305,16677,35993,12438,NQ,2012-09-28 15:30:00-04:00,126256,30.77635610634828,7.923705687332841,93.58974358974359,1.6285237937280617,140513,34.25166428186633,8.014774196055985,95.51282051282051,1.659396170451438,-284952,-69.46033634216319,-21.477464957321345,-5372,-1.3094869551015633,-0.8233955913359443,23555,5.741802909050135,6.362380665268457,2012-10-01,64.94999694824219,65.19500160217285,0.012312862235688346,120.90749868200989,EXTREME_LONG,long,QQQ
2012-10-02,NASDAQ-100 STOCK INDEX (MINI) - CHICAGO MERCANTILE EXCHANGE,209742,412593,17059,284583,172059,38812,156275,38776,13426,15631,32915,13932,NQ,2012-10-05 15:30:00-04:00,117499,28.478185524233325,-2.298170582114956,90.38461538461539,1.4235831969706803,133247,32.29502197080416,-1.9566423110621756,91.66666666666666,1.5069881697250465,-267524,-64.83968462867766,4.620651713485529,-2205,-0.5344249660076638,0.7750619890938996,18983,4.600902099647837,-1.1409008094022974,,,,,,EXTREME_LONG,long,QQQ
2012-10-09,NASDAQ-100 STOCK INDEX (MINI) - CHICAGO MERCANTILE EXCHANGE,209742,398792,18380,256886,166980,37518,148155,53000,13135,16042,30854,14058,NQ,2012-10-12 15:30:00-04:00,95155,23.86080964512829,-4.617375879105037,85.8974358974359,1.0362408651181536,129462,32.463539890469214,0.16851791966505658,91.66666666666666,1.4954069054112797,-238506,-59.8071174948344,5.0325671338432585,-2907,-0.7289514333286525,-0.19452646732098877,16796,4.211719392565548,-0.3891827070822895,,,,,,UNWINDING_LONG,long,QQQ
2012-10-16,NASDAQ-100 STOCK INDEX (MINI) - CHICAGO MERCANTILE EXCHANGE,209742,389596,27335,256544,163609,36858,139306,42696,9198,18973,29486,13863,NQ,2012-10-19 15:30:00-04:00,96610,24.797482520354418,0.9366728752261295,87.82051282051282,1.1089539461984064,126751,32.533958254191525,0.07041836372231103,92.3076923076923,1.47772817765565,-229209,-58.832482879701026,0.9746346151333753,-9775,-2.5090093327446894,-1.780057899416037,15623,4.010051437899773,-0.20166795466577447,,,,,,NORMAL,,QQQ
2012-10-23,NASDAQ-100 STOCK INDEX (MINI) - CHICAGO MERCANTILE EXCHANGE,209742,370909,34307,234134,160095,38525,115875,49495,8909,15508,33354,14878,NQ,2012-10-26 15:30:00-04:00,66380,17.896573013865936,-6.900909506488482,73.71794871794873,0.5323261892498471,121570,32.77623352358665,0.24227526939512245,93.58974358974359,1.4712990166481297,-199827,-53.874939675230316,4.95754320447071,-6599,-1.779142592927106,0.7298667398175833,18476,4.981275730704836,0.9712242928050632,2012-11-01,65.80000305175781,65.72200202941895,0.01543209803865701,122.48982534358639,UNWINDING_LONG,long,QQQ
2012-10-30,NASDAQ-100 STOCK INDEX (MINI) - CHICAGO MERCANTILE EXCHANGE,209742,371266,41245,237127,155234,38756,117177,48337,7797,15540,32008,13701,NQ,2012-11-02 15:30:00-04:00,68840,18.541961827907752,0.6453888140418158,75.0,0.5794065568571953,116478,31.37319334385589,-1.403040179730759,88.46153846153845,1.3616962430563482,-195882,-52.76055442728394,1.1143852479463732,-7743,-2.0855666826480204,-0.3064240897209143,18307,4.930965938168321,-0.05030979253651502,,,,,,NORMAL,,QQQ
2012-11-06,NASDAQ-100 STOCK INDEX (MINI) - CHICAGO MERCANTILE EXCHANGE,209742,360969,51659,227502,154464,49022,110185,43988,6796,16198,28284,14678,NQ,2012-11-09 15:30:00-05:00,66197,18.33869390446271,-0.2032679234450434,73.71794871794873,0.5529576431026175,105442,29.21081865755785,-2.162374686298037,86.53846153846155,1.208265332049872,-175843,-48.714155509198854,4.046398918085089,-9402,-2.604655801467716,-0.5190891188196955,13606,3.7692987486460057,-1.1616671895223156,,,,,,NORMAL,,QQQ
2012-11-13,NASDAQ-100 STOCK INDEX (MINI) - CHICAGO MERCANTILE EXCHANGE,209742,362170,77922,214600,128983,54286,110108,48198,8191,19054,26995,16061,NQ,2012-11-16 15:30:00-05:00,61910,17.094182290084767,-1.2445116143779416,69.23076923076923,0.43241245452950505,74697,20.62484468619709,-8.585973971360762,67.94871794871796,0.6522203377876189,-136678,-37.73863102962697,10.975524479571881,-10863,-2.9994201618024685,-0.3947643603347526,10934,3.019024215147583,-0.7502745334984229,,,,,,NORMAL,,QQQ
2012-11-20,NASDAQ-100 STOCK INDEX (MINI) - CHICAGO MERCANTILE EXCHANGE,209742,400482,130301,219318,114161,54288,105977,79901,8837,15716,27594,17647,NQ,2012-11-23 15:30:00-05:00,26076,6.511154059358473,-10.583028230726294,25.64102564102564,-0.5514041489986333,59873,14.950234966864928,-5.674609719332162,58.333333333333336,0.2861853766031016,-89017,-22.22746590358618,15.511165126040794,-6879,-1.7176801953645857,1.2817399664378828,9947,2.4837570727273635,-0.5352671424202193,,,,,,NORMAL,,QQQ
2012-11-27,NASDAQ-100 STOCK INDEX (MINI) - CHICAGO MERCANTILE EXCHANGE,209742,399627,129714,217980,110065,53773,104971,80844,9731,16441,35107,20550,NQ,2012-11-30 15:30:00-05:00,24127,6.037379856716388,-0.47377420264208503,24.358974358974358,-0.6178004287090308,56292,14.086135321187006,-0.8640996456779213,56.41025641025641,0.2253575612946369,-88266,-22.08709621722256,0.1403696863636199,-6710,-1.6790657287920987,0.038614466572487016,14557,3.6426467681112635,1.1588896953839,2012-12-01,65.12999725341797,65.7940013885498,-0.04445431698789371,121.2425777841405,NORMAL,,QQQ
2012-12-04,NASDAQ-100 STOCK INDEX (MINI) - CHICAGO MERCANTILE EXCHANGE,209742,388338,92475,222791,110336,49050,129046,68110,8572,20775,37320,17023,NQ,2012-12-07 15:30:00-05:00,60936,15.691485252537738,9.65410539582135,62.82051282051282,0.27972154232083846,61286,15.781612924823222,1.6954776036362151,60.89743589743589,0.3261385491156792,-130316,-33.557364975871536,-11.470268758648977,-12203,-3.1423656711421493,-1.4632999423500506,20297,5.226632469652725,1.5839857015414616,,,,,,NORMAL,,QQQ
2012-12-11,NASDAQ-100 STOCK INDEX (MINI) - CHICAGO MERCANTILE EXCHANGE,209742,402918,69777,235441,117552,45705,154375,66766,8059,21117,33795,14529,NQ,2012-12-14 15:30:00-05:00,87609,21.743630217562878,6.052144965025139,81.41025641025641,0.8597915358898855,71847,17.831667982070794,2.0500550572475724,62.82051282051282,0.44955860026086586,-165664,-41.116058354305345,-7.558693378433809,-13058,-3.2408579413180845,-0.0984922701759352,19266,4.781618095989755,-0.44501437366297036,,,,,,NORMAL,,QQQ
2012-12-18,NASDAQ-100 STOCK INDEX (MINI) - CHICAGO MERCANTILE EXCHANGE,209742,469488,67848,236265,120531,40007,145144,66475,8554,18738,24616,5208,NQ,2012-12-21 15:30:00-05:00,78669,16.756338820161538,-4.987291397401339,67.94871794871796,0.35613985316134705,80524,17.151450090311148,-0.6802178917596464,61.53846153846154,0.3998072245180707,-168417,-35.87248236376649,5.243575990538858,-10184,-2.1691715230208226,1.0716864182972619,19408,4.133864976314624,-0.6477531196751309,,,,,,NORMAL,,QQQ
2012-12-24,NASDAQ-100 STOCK INDEX (MINI) - CHICAGO MERCANTILE EXCHANGE,209742,294127,14658,153671,129496,35648,103014,72405,5596,12084,32641,11597,NQ,2012-12-27 15:30:00-05:00,30609,10.4067290660157,-6.349609754145838,36.53846153846153,-0.27679143974579473,93848,31.90730534768994,14.755855257378794,88.46153846153845,1.3297079510877998,-139013,-47.262917039238154,-11.390434675471667,-6488,-2.2058498539746436,-0.036678330953821,21044,7.154732479507151,3.0208675031925276,2013-01-01,66.87000274658203,65.72600135803222,-0.024792138775093304,124.48168050556282,NORMAL,,QQQ
2012-12-31,NASDAQ-100 STOCK INDEX (MINI) - CHICAGO MERCANTILE EXCHANGE,209742,281304,12613,138750,129716,36044,92057,74055,8065,11248,30544,12898,NQ,2013-01-03 15:30:00-05:00,18002,6.3994824104882975,-4.0072466555274024,23.717948717948715,-0.6739191191494986,93672,33.29920655234195,1.391901204652008,94.87179487179486,1.4002569830088418,-126137,-44.840101811563294,2.4228152276748602,-3183,-1.1315160822455421,1.0743337717291015,17646,6.272928930978585,-0.8818035485285662,,,,,,NORMAL,,QQQ
2013-01-08,NASDAQ-100 STOCK INDEX (MINI) - CHICAGO MERCANTILE EXCHANGE,209742,300637,12230,172735,135820,31297,102873,59289,10796,13229,28568,13737,NQ,2013-01-11 15:30:00-05:00,43584,14.49721757468309,8.097735164194791,54.48717948717948,0.1328056271238889,104523,34.76717769269917,1.4679711403572213,95.51282051282051,1.4734017913570825,-160505,-53.3883054979926,-8.548203686429304,-2433,-0.8092816253488426,0.3222344568966995,14831,4.93319185595918,-1.3397370750194053,,,,,,NORMAL,,QQQ
2013-01-15,NASDAQ-100 STOCK INDEX (MINI) - CHICAGO MERCANTILE EXCHANGE,209742,309462,12414,176421,139465,31266,104484,61715,10864,14574,30814,14065,NQ,2013-01-18 15:30:00-05:00,42769,13.82043675798644,-0.6767808166966489,51.28205128205128,0.05529952732037296,108199,34.963581958366454,0.19640426566728308,96.15384615384616,1.4641888305017012,-164007,-52.99746010818776,0.39084538980483785,-3710,-1.1988547866943275,-0.3895731613454849,16749,5.412296178529189,0.47910432257000934,,,,,,NORMAL,,QQQ
2013-01-22,NASDAQ-100 STOCK INDEX (MINI) - CHICAGO MERCANTILE EXCHANGE,209742,315830,11334,186329,137723,31025,113354,57392,12587,13364,30220,17108,NQ,2013-01-25 15:30:00-05:00,55962,17.719026058322516,3.8985893003360754,69.87179487179486,0.4397139062306634,106698,33.78336446822658,-1.1802174901398743,93.58974358974359,1.3688887922445996,-174995,-55.407972643510746,-2.4105125353229866,-777,-0.24601842763512016,0.9528363590592074,13112,4.151600544596777,-1.2606956339324125,2013-02-01,67.0999984741211,65.76000099182129,0.033102411499606604,124.90982845676993,NORMAL,,QQQ
2013-01-29,NASDAQ-100 STOCK INDEX (MINI) - CHICAGO MERCANTILE EXCHANGE,209742,330228,14033,199744,145418,29221,119298,57011,11119,15388,28235,16739,NQ,2013-02-01 15:30:00-05:00,62287,18.861816684230288,1.1427906259077716,78.2051282051282,0.5474894611169181,116197,35.186901171311945,1.403536703085365,96.15384615384616,1.4476505391187107,-185711,-56.23720580931962,-0.8292331658088727,-4269,-1.2927431956103057,-1.0467247679751854,11496,3.4812311493876957,-0.670369395209081,2013-02-01,67.0999984741211,65.76000099182129,0.033102411499606604,124.90982845676993,NORMAL,,QQQ
2013-02-05,NASDAQ-100 STOCK INDEX (MINI) - CHICAGO MERCANTILE EXCHANGE,209742,335692,11520,202251,156468,28565,123896,56710,10390,17121,26154,23781,NQ,2013-02-08 15:30:00-05:00,67186,20.014179664692634,1.152362980462346,80.12820512820514,0.656405742647365,127903,38.10129523491772,2.9143940636057764,97.43589743589743,1.6368613455273329,-190731,-56.817261060734246,-0.5800552514146275,-6731,-2.005111828700118,-0.7123686330898125,2373,0.7068979898240053,-2.7743331595636906,,,,,,NORMAL,,QQQ
2013-02-12,NASDAQ-100 STOCK INDEX (MINI) - CHICAGO MERCANTILE EXCHANGE,209742,334566,14564,199968,157235,27682,115089,62662,11354,16215,28495,20210,NQ,2013-02-15 15:30:00-05:00,52427,15.670151778722285,-4.344027885970348,58.97435897435898,0.2090276017435704,129553,38.72270344266901,0.621408207751287,99.35897435897436,1.669133551702159,-185404,-55.4162706312058,1.4009904295284485,-4861,-1.452927075674157,0.5521847530259612,8285,2.476342485488663,1.7694444956646576,,,,,,NORMAL,,QQQ
2013-02-19,NASDAQ-100 STOCK INDEX (MINI) - CHICAGO MERCANTILE EXCHANGE,209742,348464,14085,207726,159927,27671,128007,66484,10547,14743,27991,23933,NQ,2013-02-22 15:30:00-05:00,61523,17.655482345378577,1.985330566656291,67.94871794871796,0.4032460386957098,132256,37.953992377978786,-0.7687110646902227,96.15384615384616,1.6105839982523291,-193641,-55.56987235410258,-0.15360172289678076,-4196,-1.204141604297718,0.24878547137643903,4058,1.1645392350429313,-1.3118032504457315,2013-03-01,68.97000122070312,66.4510009765625,0.04817626173135303,128.3909272287667,NORMAL,,QQQ
2013-02-26,NASDAQ-100 STOCK INDEX (MINI) - CHICAGO MERCANTILE EXCHANGE,209742,331754,12400,182953,150872,28763,118889,70400,10765,16247,26647,21210,NQ,2013-03-01 15:30:00-05:00,48489,14.615950372866642,-3.0395319725119343,52.56410256410257,0.09044180177774029,122109,36.807092001905026,-1.1469003760737593,94.87179487179486,1.5302530344053762,-170553,-51.40947810727226,4.160394246830322,-5482,-1.6524292095950615,-0.44828760529734346,5437,1.6388649420956491,0.4743257070527178,2013-03-01,68.97000122070312,66.4510009765625,0.04817626173135303,128.3909272287667,NORMAL,,QQQ
2013-03-05,NASDAQ-100 STOCK INDEX (MINI) - CHICAGO MERCANTILE EXCHANGE,209742,354078,12645,193885,141848,32962,137611,72728,13872,16591,31577,21387,NQ,2013-03-08 15:30:00-05:00,64883,18.324493473189523,3.7085431003228813,71.15384615384616,0.46452975428436466,108886,30.75198120188207,-6.055110800022955,80.76923076923077,1.1160498461576518,-181240,-51.18646174006857,0.22301636720368379,-2719,-0.7679098955597354,0.884519314035326,10190,2.8778969605567135,1.2390320184610644,,,,,,NORMAL,,QQQ
2013-03-12,NASDAQ-100 STOCK INDEX (MINI) - CHICAGO MERCANTILE EXCHANGE,209742,456616,13850,205285,147477,31820,146768,73203,14185,19443,33223,25752,NQ,2013-03-15 15:30:00-04:00,73565,16.11091157559087,-2.2135818975986545,62.17948717948718,0.2329776697185859,115657,25.329160607600258,-5.422820594281813,73.71794871794873,0.7335639416884455,-191435,-41.92472449498047,9.261737245088106,-5258,-1.1515146206002418,-0.38360472504050636,7471,1.6361669323895789,-1.2417300281671346,,,,,,NORMAL,,QQQ
2013-03-19,NASDAQ-100 STOCK INDEX (MINI) - CHICAGO MERCANTILE EXCHANGE,209742,340205,7834,239980,158718,34787,126204,36475,14575,8887,26645,13847,NQ,2013-03-22 15:30:00-04:00,89729,26.374979791596243,10.264068216005374,88.46153846153845,1.2678826188231718,123931,36.428329977513556,11.099169369913298,93.58974358974359,1.4894408778190864,-232146,-68.23709234138241,-26.31236784640194,5688,1.6719330991608001,2.8234477197610417,12798,3.7618494731118,2.125682540722221,,,,,,NORMAL,,QQQ
2013-03-26,NASDAQ-100 STOCK INDEX (MINI) - CHICAGO MERCANTILE EXCHANGE,209742,348334,8211,245646,150177,34159,144862,37599,11370,7440,27484,17260,NQ,2013-03-29 15:30:00-04:00,107263,30.79314680737453,4.4181670157782875,93.58974358974359,1.7042169228065316,116018,33.30653912624091,-3.1217908512726495,89.1025641025641,1.253731402645415,-237435,-68.16302743918193,0.07406490220047601,3930,1.128227505784678,-0.5437055933761221,10224,2.9351139997818185,-0.8267354733299817,2013-04-01,70.72000122070312,67.10700073242188,0.0858284078461526,131.6486351985166,EXTREME_LONG,long,QQQ
2013-04-02,NASDAQ-100 STOCK INDEX (MINI) - CHICAGO MERCANTILE EXCHANGE,209742,377618,8072,270186,157929,27858,164336,46848,12289,7173,27616,18177,NQ,2013-04-05 15:30:00-04:00,117488,31.112923642411115,0.31977683503658483,93.58974358974359,1.7114753129917228,130071,34.445127086102886,1.1385879598619795,90.38461538461539,1.3152598085743672,-262114,-69.41247504091436,-1.2494476017324274,5116,1.3548082983332361,0.22658079254855812,9439,2.499616014067126,-0.43549798571469234,,,,,,EXTREME_LONG,long,QQQ
2013-04-09,NASDAQ-100 STOCK INDEX (MINI) - CHICAGO MERCANTILE EXCHANGE,209742,351702,9484,239864,151698,28147,139821,42644,11276,6909,25487,20202,NQ,2013-04-12 15:30:00-04:00,97177,27.630493997759466,-3.482429644651649,87.82051282051282,1.3420838194133746,123551,35.129456187340416,0.6843291012375303,92.3076923076923,1.3442102679281291,-230380,-65.50431899733297,3.9081560435813856,4367,1.2416761917759922,-0.11313210655724393,5285,1.5026926204570916,-0.9969233936100346,,,,,,UNWINDING_LONG,long,QQQ
2013-04-16,NASDAQ-100 STOCK INDEX (MINI) - CHICAGO MERCANTILE EXCHANGE,209742,368562,15371,258822,160570,27971,144623,43972,11266,6604,27679,22140,NQ,2013-04-19 15:30:00-04:00,100651,27.309109457838844,-0.3213845399206221,86.53846153846155,1.2945003465970006,132599,35.97739322013664,0.8479370327962243,92.94871794871796,1.3834805580752951,-243451,-66.05428666004634,-0.5499676627133709,4662,1.264916079248539,0.023239887472546794,5539,1.5028679028223202,0.00017528236522856844,,,,,,UNWINDING_LONG,long,QQQ
2013-04-23,NASDAQ-100 STOCK INDEX (MINI) - CHICAGO MERCANTILE EXCHANGE,209742,353662,18876,244471,156758,27770,128352,39332,9217,12675,26928,15883,NQ,2013-04-26 15:30:00-04:00,89020,25.170925912311755,-2.138183545527088,84.61538461538461,1.0669420028032577,128988,36.4721117903535,0.49471857021686105,93.58974358974359,1.3976553145939554,-225595,-63.788306348999896,2.265980311046448,-3458,-0.9777697349446647,-2.242685814193204,11045,3.123038381279301,1.6201704784569806,2013-05-01,73.25,67.95200042724609,0.09540895755001406,136.3583478766725,UNWINDING_LONG,long,QQQ
2013-04-30,NASDAQ-100 STOCK INDEX (MINI) - CHICAGO MERCANTILE EXCHANGE,209742,390625,16376,278817,157983,26066,166671,38749,10444,11177,31068,27733,NQ,2013-05-03 15:30:00-04:00,127922,32.748032,7.577106087688247,96.7948717948718,1.797059838758134,131917,33.770752,-2.7013597903535,86.53846153846155,1.1960957743052376,-262441,-67.184896,-3.396589651000099,-733,-0.187648,0.7901217349446646,3335,0.85376,-2.269278381279301,,,,,,EXTREME_LONG,long,QQQ
2013-05-07,NASDAQ-100 STOCK INDEX (MINI) - CHICAGO MERCANTILE EXCHANGE,209742,409077,17048,281509,168647,30951,166233,41713,13241,15250,32178,27924,NQ,2013-05-10 15:30:00-04:00,124520,30.43925715696556,-2.308774843034442,90.38461538461539,1.5417363221356748,137696,33.66016666788893,-0.11058533211107147,85.8974358974359,1.1734954137599922,-264461,-64.64822026171112,2.536675738288878,-2009,-0.4911055864788292,-0.30345758647882914,4254,1.0399020233354601,0.18614202333546015,,,,,,EXTREME_LONG,long,QQQ
2013-05-14,NASDAQ-100 STOCK INDEX (MINI) - CHICAGO MERCANTILE EXCHANGE,209742,413475,18848,283007,174046,31222,163739,41113,13625,17892,30592,27616,NQ,2013-05-17 15:30:00-04:00,122626,29.65741580506681,-0.7818413518987484,88.46153846153845,1.444213221451373,142824,34.542354434971884,0.8821877670829537,88.46153846153845,1.2175271291986294,-264159,-63.88753854525667,0.7606817164544495,-4267,-1.0319850051393675,-0.5408794186605383,2976,0.7197533103573373,-0.32014871297812286,,,,,,UNWINDING_LONG,long,QQQ
2013-05-21,NASDAQ-100 STOCK INDEX (MINI) - CHICAGO MERCANTILE EXCHANGE,209742,418325,20840,290891,174882,30092,161929,37219,15516,18854,34337,30448,NQ,2013-05-24 15:30:00-04:00,124710,29.81174923803263,0.15433343296581725,88.46153846153845,1.4409120618202402,144790,34.61184485746728,0.06949042249539872,88.46153846153845,1.2061687528999219,-270051,-64.55530986673041,-0.6677713214737437,-3338,-0.797944182155023,0.23404082298434448,3889,0.9296599533855257,0.2099066430281884,,,,,,NORMAL,,QQQ
2013-05-28,NASDAQ-100 STOCK INDEX (MINI) - CHICAGO MERCANTILE EXCHANGE,209742,436070,19442,317844,194746,30258,167229,34535,13034,18022,33141,26933,NQ,2013-05-31 15:30:00-04:00,132694,30.42951819661981,0.6177689585871811,89.74358974358975,1.4802493511355381,164488,37.72054945306946,3.108704595602177,94.87179487179486,1.3979049110656339,-298402,-68.42983924599261,-3.8745293792621993,-4988,-1.1438530511156466,-0.34590886896062356,6208,1.4236246474189924,0.49396469403346677,2013-06-01,71.2699966430664,68.2629997253418,0.062146024795419086,132.67247775323588,NORMAL,,QQQ
2013-06-04,NASDAQ-100 STOCK INDEX (MINI) - CHICAGO MERCANTILE EXCHANGE,209742,430036,21654,308362,194583,26264,154647,33902,11832,16769,34078,31497,NQ,2013-06-07 15:30:00-04:00,120745,28.077881851751947,-2.351636344867863,85.25641025641025,1.236765450599193,168319,39.14067659451767,1.4201271414482122,99.35897435897436,1.4730397454237296,-286708,-66.67069733696714,1.7591419090254732,-4937,-1.148043419620683,-0.0041903685050364015,2581,0.6001823103182059,-0.8234423371007865,,,,,,UNWINDING_LONG,long,QQQ
2013-06-11,NASDAQ-100 STOCK INDEX (MINI) - CHICAGO MERCANTILE EXCHANGE,209742,389245,27304,268206,174052,25690,128904,34474,11564,16723,30919,27650,NQ,2013-06-14 15:30:00-04:00,94430,24.259784968336138,-3.8180968834158087,79.48717948717949,0.8518613967948485,148362,38.115325823067735,-1.0253507714499364,96.15384615384616,1.3865019419985989,-240902,-61.88955542139269,4.781141915574445,-5159,-1.3253863248082827,-0.17734290518759965,3269,0.8398309547971072,0.23964864447890133,,,,,,NORMAL,,QQQ
2013-06-18,NASDAQ-100 STOCK INDEX (MINI) - CHICAGO MERCANTILE EXCHANGE,209742,457197,26719,271475,168909,25667,138164,38674,11134,20237,35313,24186,NQ,2013-06-21 15:30:00-04:00,99490,21.760860198120284,-2.4989247702158544,73.07692307692307,0.5940871070658182,143242,31.330476796654395,-6.78484902641334,73.07692307692307,0.9178101856778553,-244756,-53.53403456278147,8.355520858611222,-9103,-1.9910454355562264,-0.6656591107479437,11127,2.4337430035630154,1.5939120487659082,,,,,,NORMAL,,QQQ
2013-06-25,NASDAQ-100 STOCK INDEX (MINI) - CHICAGO MERCANTILE EXCHANGE,209742,300143,10058,205831,152073,25365,90773,26922,9179,16206,25826,13585,NQ,2013-06-28 15:30:00-04:00,63851,21.27352628580377,-0.48733391231651524,71.7948717948718,0.5377377415944073,126708,42.21587709858301,10.885400301928613,100.0,1.6413726505449988,-195773,-65.22657533242487,-11.6925407696434,-7027,-2.3412173530617073,-0.35017191750548093,12241,4.078389301099809,1.6446462975367933,2013-07-01,75.7699966430664,68.98299942016601,0.09859352330012845,141.04944110402124,NORMAL,,QQQ
2013-07-02,NASDAQ-100 STOCK INDEX (MINI) - CHICAGO MERCANTILE EXCHANGE,209742,307520,11306,208358,159336,25449,96382,31927,9889,21170,23889,13898,NQ,2013-07-05 15:30:00-04:00,64455,20.959612382934445,-0.31391390286932364,71.15384615384616,0.49817923410760234,133887,43.53765608740895,1.3217789888259404,100.0,1.7120021442021203,-197052,-64.07778355879293,1.1487917736319417,-11281,-3.668379292403746,-1.3271619393420386,9991,3.2488943808532778,-0.8294949202465309,,,,,,NORMAL,,QQQ
2013-07-09,NASDAQ-100 STOCK INDEX (MINI) - CHICAGO MERCANTILE EXCHANGE,209742,320019,6824,219088,158938,25892,107484,32322,10994,21443,28072,13567,NQ,2013-07-12 15:30:00-04:00,75162,23.486730475378025,2.5271180924435797,75.0,0.7426853475920567,133046,41.5744065196129,-1.9632495677960478,98.71794871794873,1.5592868420936636,-212264,-66.3285617416466,-2.250778182853665,-10449,-3.2651186335811313,0.40326065882261464,14505,4.532543380236798,1.2836489993835203,,,,,,NORMAL,,QQQ
2013-07-16,NASDAQ-100 STOCK INDEX (MINI) - CHICAGO MERCANTILE EXCHANGE,209742,366666,5396,251783,176782,25032,134682,38708,11781,26837,30459,16740,NQ,2013-07-19 15:30:00-04:00,95974,26.174774863227025,2.6880443878490006,81.41025641025641,1.0139825404541658,151750,41.386438884434334,-0.18796763517856618,98.07692307692307,1.5280759679633509,-246387,-67.19657672104859,-0.8680149794019911,-15056,-4.106189283980516,-0.8410706503993848,13719,3.741552257367741,-0.7909911228690572,,,,,,NORMAL,,QQQ
2013-07-23,NASDAQ-100 STOCK INDEX (MINI) - CHICAGO MERCANTILE EXCHANGE,209742,396217,7749,280347,176869,24457,161524,41367,10643,22386,29885,18113,NQ,2013-07-26 15:30:00-04:00,120157,30.326058700156732,4.151283836929707,89.1025641025641,1.4347818447658165,152412,38.466799758718075,-2.919639125716259,94.87179487179486,1.3131764835990445,-272598,-68.8001776804125,-1.6036009593639164,-11743,-2.963779948866404,1.1424093351141122,11772,2.9710991704040968,-0.7704530869636441,2013-08-01,75.47000122070312,70.03499984741211,0.06716628843339793,140.49098540212333,NORMAL,,QQQ
2013-07-30,NASDAQ-100 STOCK INDEX (MINI) - CHICAGO MERCANTILE EXCHANGE,209742,398917,6781,281865,176365,22191,168109,39375,10360,24485,29037,22736,NQ,2013-08-02 15:30:00-04:00,128734,32.27087338970262,1.9448146895458898,94.87179487179486,1.623781361008647,154174,38.64813983861305,0.18134007989497292,95.51282051282051,1.3112319868231288,-275084,-68.95770298082057,-0.1575253004080679,-14125,-3.5408368156784493,-0.5770568668120455,6301,1.5795265681833563,-1.3915726022207404,,,,,,EXTREME_LONG,long,QQQ
2013-08-06,NASDAQ-100 STOCK INDEX (MINI) - CHICAGO MERCANTILE EXCHANGE,209742,405851,7157,290087,176973,21357,172816,39543,11876,22626,29822,25031,NQ,2013-08-09 15:30:00-04:00,133273,32.83791342142806,0.5670400317254405,96.7948717948718,1.657746297019467,155616,38.343135781358185,-0.30500405725486246,92.94871794871796,1.2787325728578642,-282930,-69.71277636373941,-0.7550733829188374,-10750,-2.6487553313900913,0.892081484288358,4791,1.180482492343249,-0.39904407584010726,,,,,,EXTREME_LONG,long,QQQ
2013-08-13,NASDAQ-100 STOCK INDEX (MINI) - CHICAGO MERCANTILE EXCHANGE,209742,419004,8932,304425,190907,21365,168362,41991,12361,22457,31775,22099,NQ,2013-08-16 15:30:00-04:00,126371,30.15985527584462,-2.6780581455834422,87.17948717948718,1.3551524600711025,169542,40.463098204313084,2.119962422954899,97.43589743589743,1.4134390903887568,-295493,-70.52271577359643,-0.809939409857023,-10096,-2.4095235367681456,0.23923179462194577,9676,2.3092858302068717,1.1288033378636226,,,,,,UNWINDING_LONG,long,QQQ
2013-08-20,NASDAQ-100 STOCK INDEX (MINI) - CHICAGO MERCANTILE EXCHANGE,209742,387693,8663,280181,181630,23172,146660,31198,11100,24114,30003,19391,NQ,2013-08-23 15:30:00-04:00,115462,29.781811897558118,-0.3780433782865025,84.61538461538461,1.2985310457797767,158458,40.872030188834984,0.4089319845218995,97.43589743589743,1.435397893907598,-271518,-70.03427970069102,0.48843607290541513,-13014,-3.356779720036214,-0.9472561832680686,10612,2.737217334334125,0.42793150412725334,,,,,,UNWINDING_LONG,long,QQQ
2013-08-27,NASDAQ-100 STOCK INDEX (MINI) - CHICAGO MERCANTILE EXCHANGE,209742,368216,9401,256173,168822,23455,144546,33354,11238,23882,26009,23152,NQ,2013-08-30 15:30:00-04:00,111192,30.197492775979317,0.41568087842119894,87.17948717948718,1.3330908254164242,145367,39.478729875942385,-1.393300312892599,95.51282051282051,1.3323116872924867,-246772,-67.01827188389423,3.0160078167967868,-12644,-3.433854042192626,-0.07707432215641186,2857,0.7759032741651639,-1.9613140601689611,2013-09-01,78.87999725341797,71.34299926757812,0.07686003076338524,146.8388546893179,NORMAL,,QQQ
2013-09-03,NASDAQ-100 STOCK INDEX (MINI) - CHICAGO MERCANTILE EXCHANGE,209742,350631,8446,238072,155516,23798,139448,33224,10388,24395,28302,22611,NQ,2013-09-06 15:30:00-04:00,106224,30.295096554497462,0.09760377851814539,87.17948717948718,1.3365828002797089,131718,37.565988175603415,-1.9127417003389695,86.53846153846155,1.1939790573880342,-229626,-65.48936060987192,1.528911274022306,-14007,-3.9947979499816046,-0.5609439077889786,5691,1.623073829752646,0.847170555587482,,,,,,NORMAL,,QQQ
2013-09-10,NASDAQ-100 STOCK INDEX (MINI) - CHICAGO MERCANTILE EXCHANGE,209742,359909,11803,239975,158499,22795,136924,34127,11220,26274,31539,26814,NQ,2013-09-13 15:30:00-04:00,102797,28.561942046461745,-1.7331545080357174,81.41025641025641,1.1470613214069916,135704,37.70508656354801,0.13909838794459262,86.53846153846155,1.2037570592908557,-228172,-63.39713649839265,2.0922241114792755,-15054,-4.182723966335935,-0.18792601635433037,4725,1.3128318547188318,-0.3102419750338141,,,,,,NORMAL,,QQQ
2013-09-17,NASDAQ-100 STOCK INDEX (MINI) - CHICAGO MERCANTILE EXCHANGE,209742,463690,14633,260353,166814,28733,155024,38401,11214,24440,32887,28645,NQ,2013-09-20 15:30:00-04:00,116623,25.15107075848088,-3.4108712879808643,74.35897435897436,0.7695162745685774,138081,29.778731480083678,-7.92635508346433,63.46153846153846,0.6001884335408955,-245720,-52.99230089068127,10.404835607711377,-13226,-2.8523366904612995,1.3303872758746356,4242,0.9148353425780155,-0.3979965121408163,,,,,,NORMAL,,QQQ
2013-09-24,NASDAQ-100 STOCK INDEX (MINI) - CHICAGO MERCANTILE EXCHANGE,209742,391382,10546,314129,178001,20363,157644,25825,9993,10351,31059,16575,NQ,2013-09-27 15:30:00-04:00,131819,33.680394090683784,8.529323332202903,100.0,1.6935526368872331,157638,40.27727386543071,10.49854238534703,96.15384615384616,1.3799463438427688,-303583,-77.56692949599113,-24.57462860530986,-358,-0.09147073702929619,2.7608659534320035,14484,3.7007322769059385,2.785896934327923,2013-10-01,82.79000091552734,73.10899963378907,0.16163890578184384,154.11751188463495,EXTREME_LONG,long,QQQ
2013-10-01,NASDAQ-100 STOCK INDEX (MINI) - CHICAGO MERCANTILE EXCHANGE,209742,401871,9446,315879,178688,23823,167474,26518,11186,10374,30942,21142,NQ,2013-10-04 15:30:00-04:00,140956,35.074936982265456,1.394542891581672,100.0,1.8186306496939255,154865,38.535997869963246,-1.7412759954674613,92.3076923076923,1.2319380208642758,-306433,-76.25158321949083,1.315346276500307,812,0.20205488826016307,0.29352562528945925,9800,2.4385934790019683,-1.2621387979039702,,,,,,EXTREME_LONG,long,QQQ
2013-10-08,NASDAQ-100 STOCK INDEX (MINI) - CHICAGO MERCANTILE EXCHANGE,209742,378129,11446,291882,169181,23455,148714,29685,11680,11221,31424,16202,NQ,2013-10-11 15:30:00-04:00,119029,31.478410806893944,-3.596526175371512,90.38461538461539,1.402935577081406,145726,38.53869975590341,0.0027018859401621853,92.3076923076923,1.2174661316526996,-280436,-74.16410801604744,2.0874752034433897,459,0.121387145656641,-0.08066774260352208,15222,4.02561030759344,1.5870168285914716,,,,,,EXTREME_LONG,long,QQQ
2013-10-15,NASDAQ-100 STOCK INDEX (MINI) - CHICAGO MERCANTILE EXCHANGE,209742,369896,8601,292994,172091,22440,143859,25186,9524,8769,31103,15789,NQ,2013-10-18 15:30:00-04:00,118673,32.08280165235634,0.6043908454623939,92.3076923076923,1.4483341958046658,149651,40.45758807881134,1.9188883229079323,96.15384615384616,1.3474187495177847,-284393,-76.88458377489889,-2.7204757588514497,755,0.20411142591431106,0.08272428025767006,15314,4.1400826178168995,0.1144723102234595,,,,,,EXTREME_LONG,long,QQQ
2013-10-22,NASDAQ-100 STOCK INDEX (MINI) - CHICAGO MERCANTILE EXCHANGE,209742,367286,8336,280679,179557,21934,134707,25057,10289,11955,28976,22240,NQ,2013-10-25 15:30:00-04:00,109650,29.85411913331845,-2.228682519037889,81.41025641025641,1.1906726356180637,157623,42.915602554957175,2.4580144761458342,99.35897435897436,1.5153615834243974,-272343,-74.15011734724438,2.7344664276545103,-1666,-0.4535974690023578,-0.6577088949166688,6736,1.833993127971118,-2.3060894898457818,2013-11-01,85.7300033569336,74.99499969482422,0.13145053655982458,159.5904658186082,UNWINDING_LONG,long,QQQ
2013-10-29,NASDAQ-100 STOCK INDEX (MINI) - CHICAGO MERCANTILE EXCHANGE,209742,394689,11845,304012,194906,21474,142704,28290,10867,14248,29836,22134,NQ,2013-11-01 15:30:00-04:00,114414,28.988393393279264,-0.8657257400391849,78.84615384615384,1.0842201025849925,173432,43.9414323682697,1.0258298133125265,100.0,1.5712841732145348,-292167,-74.0246117829481,0.1255055642962759,-3381,-0.8566238228073243,-0.4030263538049665,7702,1.9514098442064511,0.11741671623533323,2013-11-01,85.7300033569336,74.99499969482422,0.13145053655982458,159.5904658186082,UNWINDING_LONG,long,QQQ
2013-11-05,NASDAQ-100 STOCK INDEX (MINI) - CHICAGO MERCANTILE EXCHANGE,209742,420610,18629,334725,196592,18441,157383,25658,12798,14648,31193,23123,NQ,2013-11-08 15:30:00-05:00,131725,31.317610137657212,2.3292167443779483,89.1025641025641,1.3165476243224767,178151,42.355388602268135,-1.5860437660015663,98.07692307692307,1.4292187340221982,-316096,-75.15180333325408,-1.1271915503059802,-1850,-0.43983737904472076,0.41678644376260354,8070,1.9186419723734576,-0.03276787183299357,,,,,,NORMAL,,QQQ
2013-11-12,NASDAQ-100 STOCK INDEX (MINI) - CHICAGO MERCANTILE EXCHANGE,209742,397285,13687,311221,192099,18660,145457,30484,11635,12339,30058,20232,NQ,2013-11-15 15:30:00-05:00,114973,28.939678064865273,-2.377932072791939,77.56410256410257,1.0485102632643029,173439,43.65606554488591,1.3006769426177769,99.35897435897436,1.506037004358553,-297534,-74.89182828448091,0.2599750487731711,-704,-0.1772027637590143,0.2626346152857064,9826,2.473287438488742,0.5546454661152846,,,,,,UNWINDING_LONG,long,QQQ
2013-11-19,NASDAQ-100 STOCK INDEX (MINI) - CHICAGO MERCANTILE EXCHANGE,209742,397534,19427,316369,188572,18138,143154,20838,11743,14088,30017,23480,NQ,2013-11-22 15:30:00-05:00,122316,30.768688967484543,1.8290109026192702,86.53846153846155,1.2276695766966084,170434,42.87281087906946,-0.7832546658164503,97.43589743589743,1.4265445311442122,-296942,-74.69600084521072,0.19582743927018953,-2345,-0.5898866512046769,-0.41268388744566253,6537,1.6443876498613954,-0.8288997886273468,,,,,,NORMAL,,QQQ
2013-11-26,NASDAQ-100 STOCK INDEX (MINI) - CHICAGO MERCANTILE EXCHANGE,209742,411044,22475,320661,186841,18411,157146,28153,11535,13076,29702,27398,NQ,2013-11-29 15:30:00-05:00,128993,31.381798542248518,0.6131095747639748,89.1025641025641,1.2755066071637728,168430,40.97614853884256,-1.8966623402269036,94.23076923076923,1.2664109795245344,-298186,-72.54357197769582,2.1524288675148995,-1541,-0.37489903757261994,0.21498761363205693,2304,0.560523934177363,-1.0838637156840325,2013-12-01,87.95999908447266,77.08099975585938,0.16549619268249385,163.74170859238657,NORMAL,,QQQ
2013-12-03,NASDAQ-100 STOCK INDEX (MINI) - CHICAGO MERCANTILE EXCHANGE,209742,429079,26120,329489,193043,18375,161066,33883,10755,12767,29379,25849,NQ,2013-12-06 15:30:00-05:00,127183,29.640928593569015,-1.740869948679503,76.92307692307693,1.0781591950246037,174668,40.707655233651614,-0.26849330519094394,92.94871794871796,1.2306958329476443,-303369,-70.70236483258327,1.8412071451125485,-2012,-0.4689113193607704,-0.09401228178815046,3530,0.8226923247234192,0.26216839054605623,,,,,,NORMAL,,QQQ
2013-12-10,NASDAQ-100 STOCK INDEX (MINI) - CHICAGO MERCANTILE EXCHANGE,209742,423461,31430,323069,186318,17841,147951,24248,10413,9309,30120,31765,NQ,2013-12-13 15:30:00-05:00,123703,29.212371387211572,-0.42855720635744277,76.28205128205127,1.0207623715469232,168477,39.785718165309206,-0.9219370683424088,89.74358974358975,1.1463785233014687,-291639,-68.87033280514616,1.8320320274371085,1104,0.2607087783762849,0.7296200977370553,-1645,-0.3884655257508956,-1.2111578504743148,,,,,,NORMAL,,QQQ
2013-12-17,NASDAQ-100 STOCK INDEX (MINI) - CHICAGO MERCANTILE EXCHANGE,209742,517013,30778,345197,190054,17795,159284,28297,9908,7482,34026,25279,NQ,2013-12-20 15:30:00-05:00,130987,25.3353397303356,-3.877031656875971,67.3076923076923,0.6054684262967731,172259,33.318117726246726,-6.46760043906248,66.66666666666666,0.650209145384365,-314419,-60.81452497325986,8.055807831886305,2426,0.4692338490521515,0.20852507067586656,8747,1.691833667625379,2.0802991933762747,,,,,,NORMAL,,QQQ
2013-12-24,NASDAQ-100 STOCK INDEX (MINI) - CHICAGO MERCANTILE EXCHANGE,209742,413523,56608,334741,187667,17643,124676,30153,8990,8097,28698,16005,NQ,2013-12-27 15:30:00-05:00,94523,22.85797887904663,-2.477360851288971,60.256410256410255,0.35112010324650234,170024,41.115971783915285,7.797854057668559,94.23076923076923,1.2231624066287357,-278133,-67.25937855935462,-6.444853586094759,893,0.21594929423514533,-0.2532845548170062,12693,3.069478602157558,1.3776449345321793,2014-01-01,86.2699966430664,78.81099929809571,0.0936866081004867,160.59568892252037,NORMAL,,QQQ
2013-12-31,NASDAQ-100 STOCK INDEX (MINI) - CHICAGO MERCANTILE EXCHANGE,209742,419637,63364,339856,192552,17677,121231,30400,8186,8977,28574,16997,NQ,2014-01-03 15:30:00-05:00,90831,21.645136153389714,-1.212842725656916,57.05128205128205,0.22720700537910882,174875,41.67292207312511,0.5569502892098228,95.51282051282051,1.2496533531736829,-276492,-65.88837495263763,1.3710036067169824,-791,-0.18849624794763092,-0.4044455421827763,11577,2.758812974070447,-0.3106656280871114,,,,,,NORMAL,,QQQ
2014-01-07,NASDAQ-100 STOCK INDEX (MINI) - CHICAGO MERCANTILE EXCHANGE,209742,432342,66403,310932,191423,18417,126031,58989,8395,20521,31908,15301,NQ,2014-01-10 15:30:00-05:00,67042,15.506705339754177,-6.138430813635537,35.256410256410255,-0.4123717895999964,173006,40.0160058472228,-1.6569162259023074,89.1025641025641,1.1131236986431055,-244529,-56.559159184164386,9.329215768473247,-12126,-2.8047240379144287,-2.6162277899667976,16607,3.841172035101841,1.082359061031394,,,,,,NORMAL,,QQQ
2014-01-14,NASDAQ-100 STOCK INDEX (MINI) - CHICAGO MERCANTILE EXCHANGE,209742,431180,58887,288789,189439,19128,133083,67188,10259,30243,32245,18565,NQ,2014-01-17 15:30:00-05:00,65895,15.28248063453778,-0.2242247052163968,33.97435897435898,-0.43327156491536833,170311,39.498817199313514,-0.5171886479092862,87.17948717948718,1.0643261046594072,-229902,-53.31926341667053,3.2398957674938558,-19984,-4.634723317408043,-1.8299992794936144,13680,3.1726889002272833,-0.6684831348745575,,,,,,NORMAL,,QQQ
2014-01-21,NASDAQ-100 STOCK INDEX (MINI) - CHICAGO MERCANTILE EXCHANGE,209742,423596,56967,340606,187883,18437,125500,24489,10243,13924,35139,18276,NQ,2014-01-24 15:30:00-05:00,101011,23.84607031227868,8.5635896777409,62.82051282051282,0.4592242164025652,169446,40.00179416236225,0.502976963048738,88.46153846153845,1.0902750158391386,-283639,-66.95979187716598,-13.640528460495453,-3681,-0.8689883757164846,3.7657349416915586,16863,3.980915778241532,0.8082268780142488,,,,,,NORMAL,,QQQ
2014-01-28,NASDAQ-100 STOCK INDEX (MINI) - CHICAGO MERCANTILE EXCHANGE,209742,428422,50838,337115,185737,24327,132943,31273,8086,13371,43093,14611,NQ,2014-01-31 15:30:00-05:00,101670,23.731274304307433,-0.1147960079712469,62.17948717948718,0.44571733727488067,161410,37.67546951370378,-2.3263246486584706,75.0,0.907874393861385,-286277,-66.82126501440169,0.13852686276429438,-5285,-1.2335967807442194,-0.36460840502773484,28482,6.648117977134694,2.667202198893162,2014-02-01,90.33999633789062,80.77299880981445,0.09119453241783057,168.17218631835368,NORMAL,,QQQ
2014-02-04,NASDAQ-100 STOCK INDEX (MINI) - CHICAGO MERCANTILE EXCHANGE,209742,397238,51285,306446,170868,22159,115081,29902,7183,14581,44599,15928,NQ,2014-02-07 15:30:00-05:00,85179,21.442812621149034,-2.288461683158399,56.41025641025641,0.2083767904523558,148709,37.43574381101506,-0.23972570268872317,73.71794871794873,0.8791610516500229,-255161,-64.23378428045655,2.587480733945142,-7398,-1.862359592989593,-0.6287628122453737,28671,7.217587441282053,0.5694694641473586,,,,,,NORMAL,,QQQ
2014-02-11,NASDAQ-100 STOCK INDEX (MINI) - CHICAGO MERCANTILE EXCHANGE,209742,405971,54516,301570,186415,20056,108553,39432,7419,16186,38765,18424,NQ,2014-02-14 15:30:00-05:00,69121,17.02609299679041,-4.416719624358624,42.94871794871795,-0.25524463879206677,166359,40.97805015629195,3.5423063452768915,92.94871794871796,1.1275502897354124,-247054,-60.85508570809245,3.378698572364094,-8767,-2.1595138569011088,-0.29715426391151567,20341,5.010456411911195,-2.2071310293708573,,,,,,NORMAL,,QQQ
2014-02-18,NASDAQ-100 STOCK INDEX (MINI) - CHICAGO MERCANTILE EXCHANGE,209742,436373,59240,317738,188384,20958,127133,41745,9164,22890,39844,20434,NQ,2014-02-21 15:30:00-05:00,85388,19.5676634438886,2.541570447098188,52.56410256410257,0.007874323290296545,167426,38.367635027831696,-2.6104151284602537,80.12820512820514,0.9258810619483232,-258498,-59.23785385438604,1.6172318537064143,-13726,-3.1454741700334345,-0.9859603131323258,19410,4.4480295526991815,-0.5624268592120139,,,,,,NORMAL,,QQQ
2014-02-25,NASDAQ-100 STOCK INDEX (MINI) - CHICAGO MERCANTILE EXCHANGE,209742,460568,60120,343793,188005,20573,151345,45612,9698,18302,39183,20071,NQ,2014-02-28 15:30:00-05:00,105733,22.957087769884144,3.389424325995545,60.256410256410255,0.35984294908102327,167432,36.3533723576106,-2.0142626702210933,69.23076923076923,0.7707564410997506,-283673,-61.591990759236424,-2.3541369048503853,-8604,-1.8681280505810216,1.277346119452413,19112,4.1496586823226975,-0.298370870376484,2014-03-01,87.66999816894531,82.21499862670899,0.022629123247955848,163.20185813881616,NORMAL,,QQQ
2014-03-04,NASDAQ-100 STOCK INDEX (MINI) - CHICAGO MERCANTILE EXCHANGE,209742,475074,60196,359001,200581,19648,155368,47880,9694,18912,37829,18227,NQ,2014-03-07 15:30:00-05:00,107488,22.62552781250921,-0.33155995737493527,58.333333333333336,0.3205667653630186,180933,38.08522461763852,1.7318522600279138,76.28205128205127,0.8861253566062224,-298805,-62.896517174166554,-1.3045264149301303,-9218,-1.94032929606756,-0.07220124548653839,19602,4.126094040086387,-0.023564642236310718,,,,,,NORMAL,,QQQ
2014-03-11,NASDAQ-100 STOCK INDEX (MINI) - CHICAGO MERCANTILE EXCHANGE,209742,467493,66552,349047,197280,19692,138640,43420,9240,20434,40536,19655,NQ,2014-03-14 15:30:00-04:00,95220,20.368219417189135,-2.2573083953200737,53.205128205128204,0.08322079458824926,177588,37.98730676181248,-0.09791785582604007,75.64102564102564,0.8680154095566479,-282495,-60.42764276684357,2.4688744073229856,-11194,-2.394474355765755,-0.45414505969819485,20881,4.466590943607712,0.3404969035213252,,,,,,NORMAL,,QQQ
2014-03-18,NASDAQ-100 STOCK INDEX (MINI) - CHICAGO MERCANTILE EXCHANGE,209742,545159,68981,344632,184297,20438,143388,46260,10017,19545,46508,22316,NQ,2014-03-21 15:30:00-04:00,97128,17.816453548414316,-2.551765868774819,44.871794871794876,-0.186930347474242,163859,30.05710260676243,-7.9302041550500455,47.43589743589743,0.28358706562839886,-275651,-50.56341360960747,9.864229157236096,-9528,-1.7477469875761016,0.6467273681896533,24192,4.437604442006827,-0.028986501600885006,,,,,,NORMAL,,QQQ
2014-03-25,NASDAQ-100 STOCK INDEX (MINI) - CHICAGO MERCANTILE EXCHANGE,209742,378710,26742,279197,187565,20263,113920,44795,8455,10100,33049,15376,NQ,2014-03-28 15:30:00-04:00,69125,18.252752765968683,0.4362992175543674,45.51282051282051,-0.15006240957307113,167302,44.17681075229067,14.11970814552824,100.0,1.3008087614753518,-252455,-66.66182567135803,-16.098412061750558,-1645,-0.4343693063293813,1.3133776812467204,17673,4.666631459428058,0.229027017421231,2014-04-01,87.38999938964844,83.82699890136719,-0.00648021487900219,162.68062713605295,NORMAL,,QQQ
2014-04-01,NASDAQ-100 STOCK INDEX (MINI) - CHICAGO MERCANTILE EXCHANGE,209742,366668,24278,267903,171128,21777,112830,44581,10582,7642,39676,16591,NQ,2014-04-04 15:30:00-04:00,68249,18.613295951651086,0.3605431856824026,49.358974358974365,-0.11657357270665693,149351,40.7319427929353,-3.4448679593553706,90.38461538461539,1.03439432036571,-243625,-66.44294020749015,0.21888546386787766,2940,0.801815266126305,1.2361845724556864,23085,6.295886196777467,1.6292547373494086,,,,,,NORMAL,,QQQ
2014-04-08,NASDAQ-100 STOCK INDEX (MINI) - CHICAGO MERCANTILE EXCHANGE,209742,371802,30870,234734,162506,23090,103499,81345,11474,7441,56506,18245,NQ,2014-04-11 15:30:00-04:00,22154,5.9585478292209295,-12.654748122430156,7.6923076923076925,-1.4521251918370617,139416,37.49737763648393,-3.2345651564513673,69.87179487179486,0.7857443246727742,-203864,-54.83133495785391,11.611605249636241,4033,1.0847171343887339,0.2829018682624288,38261,10.290692357760314,3.994806160982847,,,,,,EXTREME_SHORT,short,QQQ
2014-04-15,NASDAQ-100 STOCK INDEX (MINI) - CHICAGO MERCANTILE EXCHANGE,209742,350529,35784,213881,153394,31130,93076,66279,10634,11293,49210,19515,NQ,2014-04-18 15:30:00-04:00,26797,7.644731249055,1.6861834198340704,10.897435897435898,-1.271199976401761,122264,34.87985302214653,-2.6175246143374054,62.82051282051282,0.5835602363679653,-178097,-50.80806438269016,4.02327057516375,-659,-0.18800156335139176,-1.2727186977401257,29695,8.471481674840028,-1.8192106829202856,,,,,,UNWINDING_SHORT,short,QQQ
2014-04-22,NASDAQ-100 STOCK INDEX (MINI) - CHICAGO MERCANTILE EXCHANGE,209742,328921,31431,180711,147991,34282,79772,72382,8344,9572,52940,23531,NQ,2014-04-25 15:30:00-04:00,7390,2.2467400986863106,-5.397991150368689,5.128205128205128,-1.837461078281738,113709,34.57030715582161,-0.30954586632491754,60.256410256410255,0.5509146107348835,-149280,-45.384758042204666,5.423306340485496,-1228,-0.3733419270888754,-0.18534036373748367,29409,8.941052714785616,0.46957103994558835,2014-05-01,91.30999755859375,85.38099899291993,0.0584212485411336,169.9778895796975,EXTREME_SHORT,short,QQQ
2014-04-29,NASDAQ-100 STOCK INDEX (MINI) - CHICAGO MERCANTILE EXCHANGE,209742,348922,31548,186600,145082,41523,94052,79383,10456,8959,57831,22504,NQ,2014-05-02 15:30:00-04:00,14669,4.204091458836072,1.9573513601497616,7.6923076923076925,-1.612699623643627,103559,29.679699187784088,-4.890607968037521,42.94871794871795,0.1780586390555406,-155052,-44.43743873989029,0.9473193023143764,1497,0.4290357157186993,0.8023776428075747,35327,10.12461237755143,1.1835596627658127,,,,,,EXTREME_SHORT,short,QQQ
2014-05-06,NASDAQ-100 STOCK INDEX (MINI) - CHICAGO MERCANTILE EXCHANGE,209742,347676,29319,177204,137647,42986,101001,84313,8497,9010,60722,23673,NQ,2014-05-09 15:30:00-04:00,16688,4.799871144398808,0.5957796855627358,8.333333333333332,-1.533581078512769,94661,27.22678585809777,-2.452913329686318,39.1025641025641,-0.014920685916578896,-147885,-42.535291478272875,1.902147261617415,-513,-0.147551168329134,-0.5765868840478333,37049,10.656185644105431,0.5315732665540018,,,,,,EXTREME_SHORT,short,QQQ
2014-05-13,NASDAQ-100 STOCK INDEX (MINI) - CHICAGO MERCANTILE EXCHANGE,209742,361384,32622,177300,139004,41524,102228,98618,8342,11828,69796,22722,NQ,2014-05-16 15:30:00-04:00,3610,0.99893741836938,-3.8009337260294283,4.487179487179487,-1.9055391250725429,97480,26.97407743563633,-0.25270842246143843,37.17948717948718,-0.04444718101664866,-144678,-40.03442321740863,2.5008682608642445,-3486,-0.9646248865472739,-0.8170737182181398,47074,13.026033249950192,2.369847605844761,,,,,,EXTREME_SHORT,short,QQQ
2014-05-20,NASDAQ-100 STOCK INDEX (MINI) - CHICAGO MERCANTILE EXCHANGE,209742,353944,37001,170012,138639,40370,89694,99749,7581,7892,70116,25008,NQ,2014-05-23 15:30:00-04:00,-10055,-2.8408448794159527,-3.839782297785333,1.9230769230769231,-2.2705058809595635,98269,27.763996564428272,0.78991912879194,40.38461538461539,0.0034051053842503154,-133011,-37.57967362068576,2.45474959672287,-311,-0.08786700721018015,0.8767578793370937,45108,12.74438894288362,-0.2816443070665713,,,,,,EXTREME_SHORT,short,QQQ
2014-05-27,NASDAQ-100 STOCK INDEX (MINI) - CHICAGO MERCANTILE EXCHANGE,209742,350156,35288,176832,143862,31842,101001,86762,9214,12806,49000,30123,NQ,2014-05-30 15:30:00-04:00,14239,4.066473229075041,6.907318108490994,8.974358974358974,-1.5350810291825043,112020,31.991455237094325,4.227458672666053,47.43589743589743,0.31713689191930616,-141544,-40.42312569254847,-2.843452071862707,-3592,-1.025828487873976,-0.9379614806637959,18877,5.391025714253076,-7.353363228630545,2014-06-01,93.91000366210938,87.22499923706054,0.0395174614670801,174.81792421102386,EXTREME_SHORT,short,QQQ
2014-06-03,NASDAQ-100 STOCK INDEX (MINI) - CHICAGO MERCANTILE EXCHANGE,209742,368538,32907,188726,145775,33042,106384,83563,5146,14196,58205,28890,NQ,2014-06-06 15:30:00-04:00,22821,6.19230581378311,2.1258325847080695,12.82051282051282,-1.305923856671197,112733,30.589247241804102,-1.4022079952902224,43.58974358974359,0.19543075825440737,-155819,-42.280307593789516,-1.8571819012410486,-9050,-2.4556490782497327,-1.4298205903757566,29315,7.954403616452034,2.5633779021989582,,,,,,UNWINDING_SHORT,short,QQQ
2014-06-10,NASDAQ-100 STOCK INDEX (MINI) - CHICAGO MERCANTILE EXCHANGE,209742,364774,36369,191414,146562,33050,96019,65948,8913,18431,50961,29981,NQ,2014-06-13 15:30:00-04:00,30071,8.243734476689676,2.0514286629065657,16.025641025641026,-1.0978757540409347,113512,31.118445941870856,0.529198700066754,44.871794871794876,0.2247979612562984,-155045,-42.50439998464803,-0.22409239085851596,-9518,-2.60928684610197,-0.15363776785223715,20980,5.751506412189466,-2.2028972042625687,,,,,,UNWINDING_SHORT,short,QQQ
2014-06-17,NASDAQ-100 STOCK INDEX (MINI) - CHICAGO MERCANTILE EXCHANGE,209742,479145,40418,203856,147798,33911,102888,61876,9394,16867,41958,25946,NQ,2014-06-20 15:30:00-04:00,41012,8.559413121288962,0.3156786445992861,17.307692307692307,-1.0738068302092822,113887,23.768796502102703,-7.349649439768154,28.846153846153843,-0.3947842006377996,-163438,-34.11034238069895,8.39405760394908,-7473,-1.5596531321416274,1.0496337139603424,16012,3.3417858894489143,-2.4097205227405514,,,,,,UNWINDING_SHORT,short,QQQ
2014-06-24,NASDAQ-100 STOCK INDEX (MINI) - CHICAGO MERCANTILE EXCHANGE,209742,342676,25893,209474,177620,29501,92081,47198,7130,19626,31030,27955,NQ,2014-06-27 15:30:00-04:00,44883,13.09779500169256,4.538381880403598,24.358974358974358,-0.6397391214339727,148119,43.22421179189672,19.45541528979402,97.43589743589743,1.2199455890554731,-183581,-53.572762609578724,-19.462420228879772,-12496,-3.6465932834514234,-2.086940151309796,3075,0.8973490994408713,-2.444436790008043,2014-07-01,95.0199966430664,88.8389991760254,0.08383710080565085,176.88422877126965,CONFIRMED_BULLISH,short,QQQ
2014-07-01,NASDAQ-100 STOCK INDEX (MINI) - CHICAGO MERCANTILE EXCHANGE,209742,358922,25485,205766,181561,29601,93115,60376,17159,24264,32229,29542,NQ,2014-07-04 15:30:00-04:00,32739,9.121480433074595,-3.9763145686179655,17.307692307692307,-1.078082620915028,151960,42.33788956932147,-0.8863222225752523,94.87179487179486,1.132946210435652,-180281,-50.22846189422771,3.344300715351011,-7105,-1.979538729863313,1.6670545535881105,2687,0.7486306216949644,-0.14871847774590685,,,,,,NORMAL,,QQQ
2014-07-08,NASDAQ-100 STOCK INDEX (MINI) - CHICAGO MERCANTILE EXCHANGE,209742,360969,24760,215268,190012,28291,90868,59461,9411,22844,36197,25384,NQ,2014-07-11 15:30:00-04:00,31407,8.700747155572916,-0.42073327750167877,16.025641025641026,-1.1392549587481204,161721,44.8019081971028,2.4640186277813285,100.0,1.3309367973448307,-190508,-52.7768312514371,-2.5483693572093884,-13433,-3.7213721953962806,-1.7418334655329677,10813,2.99554809415767,2.2469174724627057,,,,,,NORMAL,,QQQ
2014-07-15,NASDAQ-100 STOCK INDEX (MINI) - CHICAGO MERCANTILE EXCHANGE,209742,358224,25563,211973,193512,26336,87887,60807,10076,22195,30840,26567,NQ,2014-07-18 15:30:00-04:00,27080,7.5595158336683195,-1.1412313219045966,12.82051282051282,-1.2506280171250885,167176,46.66800661038903,1.866098413286231,100.0,1.478434345206347,-186410,-52.037272767877084,0.7395584835600175,-12119,-3.383078744026084,0.3382934513701965,4273,1.192829067845817,-1.8027190263118529,,,,,,NORMAL,,QQQ
2014-07-22,NASDAQ-100 STOCK INDEX (MINI) - CHICAGO MERCANTILE EXCHANGE,209742,362936,27820,221834,187806,25917,97055,55854,10599,22760,29539,26454,NQ,2014-07-25 15:30:00-04:00,41201,11.352139220137985,3.792623386469666,21.153846153846153,-0.8451643873242395,161889,44.605384971455024,-2.0626216389340044,98.71794871794873,1.285763773817128,-194014,-53.456807811845614,-1.41953504396853,-12161,-3.3507285030969647,0.03235024092911942,3085,0.8500121233495713,-0.3428169444962458,2014-08-01,99.77999877929688,90.53799896240234,0.14177822950203686,185.74519842568353,NORMAL,,QQQ
2014-07-29,NASDAQ-100 STOCK INDEX (MINI) - CHICAGO MERCANTILE EXCHANGE,209742,373435,29684,226163,193913,26566,100711,60879,9057,22607,29998,27148,NQ,2014-08-01 15:30:00-04:00,39832,10.666381030165892,-0.685758189972093,19.871794871794872,-0.9140830666857058,167347,44.81288577664118,0.20750080518615732,99.35897435897436,1.2893609343926689,-196479,-52.61397565841445,0.8428321534311678,-13550,-3.628476173899072,-0.2777476708021074,2850,0.763185025506447,-0.08682709784312437,2014-08-01,99.77999877929688,90.53799896240234,0.14177822950203686,185.74519842568353,NORMAL,,QQQ
2014-08-05,NASDAQ-100 STOCK INDEX (MINI) - CHICAGO MERCANTILE EXCHANGE,209742,361091,29137,216697,180813,28366,99770,58119,7286,22540,33149,24433,NQ,2014-08-08 15:30:00-04:00,41651,11.53476547463105,0.868384444465157,22.435897435897438,-0.8202688688893887,152447,42.2184435502408,-2.594442226400382,91.66666666666666,1.0508338935998136,-187560,-51.9425851101246,0.6713905482898497,-15254,-4.224419883076565,-0.5959437091774928,8716,2.413795968329313,1.6506109428228661,,,,,,NORMAL,,QQQ
2014-08-12,NASDAQ-100 STOCK INDEX (MINI) - CHICAGO MERCANTILE EXCHANGE,209742,344332,33350,203290,165934,33906,94897,50534,8291,21356,31366,24752,NQ,2014-08-15 15:30:00-04:00,44363,12.883786578070001,1.349021103438952,26.923076923076923,-0.6747511006871675,132028,38.343226885680096,-3.8752166645607034,73.07692307692307,0.7016398251318434,-169940,-49.35353089460172,2.5890542155228786,-13065,-3.794303172519545,0.43011671055701983,6614,1.920820603371165,-0.4929753649581481,,,,,,NORMAL,,QQQ
2014-08-19,NASDAQ-100 STOCK INDEX (MINI) - CHICAGO MERCANTILE EXCHANGE,209742,358871,38470,201533,165671,30160,92649,67922,9330,19938,41744,28311,NQ,2014-08-22 15:30:00-04:00,24727,6.8902196053735185,-5.993566972696483,11.538461538461538,-1.3151588876793787,135511,37.760365145135715,-0.5828617405443808,67.3076923076923,0.6418190637199014,-163063,-45.437775690986456,3.9157552036152623,-10608,-2.9559368129495,0.838366359570045,13433,3.7431277534267187,1.8223071500555537,,,,,,NORMAL,,QQQ
2014-08-26,NASDAQ-100 STOCK INDEX (MINI) - CHICAGO MERCANTILE EXCHANGE,209742,360386,34630,195242,158799,29602,104380,69566,9356,26336,43765,30184,NQ,2014-08-29 15:30:00-04:00,34814,9.660197676935287,2.769978071561768,18.58974358974359,-1.0349870474145317,129197,35.849616799764696,-1.9107483453710188,58.97435897435898,0.4599513230402359,-160612,-44.5666590822063,0.8711166087801558,-16980,-4.711614768609214,-1.7556779556597135,13581,3.768459374115532,0.025331620688813228,2014-09-01,98.79000091552734,91.84399871826172,0.08191877731826315,183.90227046520505,NORMAL,,QQQ
2014-09-02,NASDAQ-100 STOCK INDEX (MINI) - CHICAGO MERCANTILE EXCHANGE,209742,367413,35399,200815,165571,29927,103600,70277,8740,26863,44273,29701,NQ,2014-09-05 15:30:00-04:00,33323,9.069630089300052,-0.5905675876352348,16.666666666666664,-1.1221938443868997,135644,36.918671903280504,1.069055103515808,62.82051282051282,0.5497352716543129,-165416,-45.021814688103035,-0.455155605896735,-18123,-4.932596288100856,-0.2209815194916427,14572,3.966108983623334,0.1976496095078022,,,,,,NORMAL,,QQQ
2014-09-09,NASDAQ-100 STOCK INDEX (MINI) - CHICAGO MERCANTILE EXCHANGE,209742,365790,30311,201721,165329,29118,103196,64405,10955,27982,43509,30074,NQ,2014-09-12 15:30:00-04:00,38791,10.604718554361792,1.5350884650617402,19.230769230769234,-0.9751529666092237,136211,37.237485989228794,0.31881408594828997,62.82051282051282,0.5736174005462285,-171410,-46.860220345006695,-1.8384056569036602,-17027,-4.654856611717105,0.2777396763837512,13435,3.6728724131332187,-0.2932365704901154,,,,,,NORMAL,,QQQ
2014-09-16,NASDAQ-100 STOCK INDEX (MINI) - CHICAGO MERCANTILE EXCHANGE,209742,507516,27154,209328,164470,29438,113286,71385,11784,28891,48750,26402,NQ,2014-09-19 15:30:00-04:00,41901,8.256094389142412,-2.3486241652193804,12.179487179487179,-1.2496461371580807,135032,26.60645181629742,-10.631034172931376,26.282051282051285,-0.49447174269609945,-182174,-35.89522300774754,10.964997337259156,-17107,-3.370731169066591,1.284125442650514,22348,4.4034079713743015,0.7305355582410828,,,,,,NORMAL,,QQQ
2014-09-23,NASDAQ-100 STOCK INDEX (MINI) - CHICAGO MERCANTILE EXCHANGE,209742,377838,19703,242223,188210,29905,115850,45963,10046,19036,28897,25579,NQ,2014-09-26 15:30:00-04:00,69887,18.496551432095238,10.240457042952826,48.07692307692308,-0.14075977683641105,158305,41.89758573780298,15.291133921505558,90.38461538461539,1.0599777944067779,-222520,-58.89296470974333,-22.997741701995793,-8990,-2.379326589702465,0.9914045793641262,3318,0.8781541295475839,-3.525253841826718,2014-10-01,101.4000015258789,93.18799896240235,0.0797571884963261,188.76091034485893,NORMAL,,QQQ
2014-09-30,NASDAQ-100 STOCK INDEX (MINI) - CHICAGO MERCANTILE EXCHANGE,209742,378107,14802,245288,182728,30451,125818,45632,7566,18661,34885,25767,NQ,2014-10-03 15:30:00-04:00,80186,21.207224410021503,2.710672977926265,53.84615384615385,0.1471171420175976,152277,40.27352045849455,-1.6240652793084251,82.05128205128204,0.8923781263677417,-230486,-60.95787700307056,-2.0649122933272253,-11095,-2.9343545610105077,-0.5550279713080428,9118,2.411486695565012,1.533332566017428,,,,,,NORMAL,,QQQ
2014-10-07,NASDAQ-100 STOCK INDEX (MINI) - CHICAGO MERCANTILE EXCHANGE,209742,375071,17309,245476,177633,34956,130376,39618,7849,21052,31087,23152,NQ,2014-10-10 15:30:00-04:00,90758,24.197551930167887,2.9903275201463835,64.74358974358975,0.4702439466661374,142677,38.03999776042403,-2.233522698070523,67.94871794871796,0.6520826683573143,-228167,-60.83301561571009,0.12486138736046826,-13203,-3.5201335213866174,-0.5857789603761097,7935,2.115599446504795,-0.2958872490602169,,,,,,NORMAL,,QQQ
2014-10-14,NASDAQ-100 STOCK INDEX (MINI) - CHICAGO MERCANTILE EXCHANGE,209742,365555,20539,228798,174435,32419,119195,53214,8943,20387,30260,18554,NQ,2014-10-17 15:30:00-04:00,65981,18.04954110872509,-6.148010821442796,42.94871794871795,-0.22784614538821493,142016,38.84942074380052,0.8094229833764928,76.92307692307693,0.745843503922342,-208259,-56.97063369397218,3.8623819217379065,-11444,-3.130582265322592,0.3895512560640255,11706,3.2022541067691592,1.0866546602643643,,,,,,NORMAL,,QQQ
2014-10-21,NASDAQ-100 STOCK INDEX (MINI) - CHICAGO MERCANTILE EXCHANGE,209742,322938,21824,184507,159154,32628,83296,52968,7941,14956,40066,27222,NQ,2014-10-24 15:30:00-04:00,30328,9.391276344066045,-8.658264764659046,14.743589743589745,-1.2089923742421307,126526,39.1796567762233,0.3302360324227749,77.56410256410257,0.7805939728563134,-162683,-50.375923551889215,6.594710142082967,-7015,-2.1722435885526012,0.9583386767699906,12844,3.977234020152475,0.7749799133833157,,,,,,NORMAL,,QQQ
2014-10-28,NASDAQ-100 STOCK INDEX (MINI) - CHICAGO MERCANTILE EXCHANGE,209742,327867,22327,191926,159063,31775,81222,50017,9166,15754,43414,25720,NQ,2014-10-31 15:30:00-04:00,31205,9.517578774320075,0.12630243025403054,15.384615384615385,-1.1886894224879814,127288,38.82305935028533,-0.35659742593797006,75.64102564102564,0.730799713233624,-169599,-51.727987263128036,-1.35206371123882,-6588,-2.0093513528351434,0.1628922357174578,17694,5.396700491357776,1.419466471205301,2014-11-01,106.01000213623047,95.16199951171875,0.11565992297860181,197.34264504708406,NORMAL,,QQQ
2014-11-04,NASDAQ-100 STOCK INDEX (MINI) - CHICAGO MERCANTILE EXCHANGE,209742,340285,20088,214938,162948,29472,97003,49199,9507,14969,40028,20996,NQ,2014-11-07 15:30:00-05:00,47804,14.048224282586656,4.530645508266581,27.564102564102566,-0.6731530930136657,133476,39.224767474322995,0.4017081240376683,77.56410256410257,0.7727134154871422,-194850,-57.26082548452033,-5.532838221392296,-5462,-1.6051251157118298,0.4042262371233136,19032,5.592958843322509,0.19625835196473318,,,,,,NORMAL,,QQQ
2014-11-11,NASDAQ-100 STOCK INDEX (MINI) - CHICAGO MERCANTILE EXCHANGE,209742,347041,18578,225152,171773,29169,106181,45094,9309,14839,31079,22666,NQ,2014-11-14 15:30:00-05:00,61087,17.602242962647065,3.554018680060409,39.743589743589745,-0.2757743387710987,142604,41.09139842266476,1.866630948341765,87.17948717948718,0.9986644687125873,-206574,-59.52437896386882,-2.263553479348488,-5530,-1.5934716647312566,0.011653450980573243,8413,2.424209243288257,-3.168749600034252,,,,,,NORMAL,,QQQ
2014-11-18,NASDAQ-100 STOCK INDEX (MINI) - CHICAGO MERCANTILE EXCHANGE,209742,365218,18983,225960,180778,29117,109276,52831,10277,15241,30832,26997,NQ,2014-11-21 15:30:00-05:00,56445,15.45515281284055,-2.1470901498065142,32.05128205128205,-0.5175071447787984,151661,41.52615698021456,0.43475855754979875,88.46153846153845,1.0449339154385808,-206977,-56.67217935589155,2.852199607977269,-4964,-1.3591882108767914,0.23428345385446514,3835,1.0500577737132344,-1.3741514695750225,,,,,,NORMAL,,QQQ
2014-11-25,NASDAQ-100 STOCK INDEX (MINI) - CHICAGO MERCANTILE EXCHANGE,209742,369453,23263,220733,179632,28595,108919,50122,9737,16909,31250,36442,NQ,2014-11-28 15:30:00-05:00,58797,15.91460889477146,0.4594560819309095,34.61538461538461,-0.46979408265751316,151037,40.88124876506619,-0.6449082151483694,84.61538461538461,0.9542464119480019,-197470,-53.44928854279164,3.2228908130999088,-7172,-1.94124827785943,-0.5820600669826386,-5192,-1.4053208391865812,-2.455378612899816,2014-12-01,103.25,96.45299987792968,0.034776520977700266,192.2047702152414,NORMAL,,QQQ
2014-12-02,NASDAQ-100 STOCK INDEX (MINI) - CHICAGO MERCANTILE EXCHANGE,209742,381828,23916,227528,185600,29418,114657,61619,9776,15011,32682,33055,NQ,2014-12-05 15:30:00-05:00,53038,13.890547576395655,-2.0240613183758054,26.282051282051285,-0.7009866876283559,156182,40.903757712896905,0.022508947830715442,84.61538461538461,0.9505311815627064,-203612,-53.325581151722766,0.1237073910688764,-5235,-1.3710361733555423,0.5702121045038877,-373,-0.09768796421425353,1.3076328749723276,,,,,,NORMAL,,QQQ
2014-12-09,NASDAQ-100 STOCK INDEX (MINI) - CHICAGO MERCANTILE EXCHANGE,209742,384883,23412,228152,184849,30764,117270,60824,10527,12234,31999,36083,NQ,2014-12-12 15:30:00-05:00,56446,14.665755567276289,0.7752079908806344,28.846153846153843,-0.6169948629566427,154085,40.034244172904494,-0.8695135399924112,78.84615384615384,0.8259034986065386,-204740,-53.19538664996895,0.13019450175381309,-1707,-0.4435114047645648,0.9275247685909775,-4084,-1.0611016854472657,-0.9634137212330122,,,,,,NORMAL,,QQQ
2014-12-16,NASDAQ-100 STOCK INDEX (MINI) - CHICAGO MERCANTILE EXCHANGE,209742,447764,21364,216489,167865,32155,127328,66211,13636,14404,7917,8851,NQ,2014-12-19 15:30:00-05:00,61117,13.649377797232471,-1.0163777700438175,24.358974358974358,-0.7354109673841479,135710,30.308376734172466,-9.725867438732028,26.923076923076923,-0.49721152253157586,-195125,-43.57764358010023,9.617743069868723,-768,-0.17151892514806907,0.27199247961649575,-934,-0.20859202615663608,0.8525096592906296,,,,,,NORMAL,,QQQ
2014-12-23,NASDAQ-100 STOCK INDEX (MINI) - CHICAGO MERCANTILE EXCHANGE,209742,340204,14143,206102,172843,28351,95936,71963,11606,7953,34591,14750,NQ,2014-12-26 15:30:00-05:00,23973,7.046654360324982,-6.60272343690749,7.6923076923076925,-1.4891492722956892,144492,42.47216376056719,12.163787026394726,92.94871794871796,1.1536668063927822,-191959,-56.424674607000505,-12.847031026900275,3653,1.0737675042033603,1.2452864293514294,19841,5.832088981904975,6.040681008061611,2015-01-01,101.0999984741211,97.79599990844727,0.023382908565503166,188.20244044048138,EXTREME_SHORT,short,QQQ
2014-12-30,NASDAQ-100 STOCK INDEX (MINI) - CHICAGO MERCANTILE EXCHANGE,209742,334697,16841,204569,166063,27838,92457,68320,12607,8380,36355,15216,NQ,2015-01-02 15:30:00-05:00,24137,7.211597355219796,0.16494299489481445,8.333333333333332,-1.4676341893215372,138225,41.29854764159822,-1.1736161189689724,86.53846153846155,0.9801927355102944,-187728,-56.088940145863276,0.3357344611372284,4227,1.2629333397072575,0.1891658355038972,21139,6.315861809337998,0.4837728274330235,,,,,,EXTREME_SHORT,short,QQQ
2015-01-06,NASDAQ-100 STOCK INDEX (MINI) - CHICAGO MERCANTILE EXCHANGE,209742,336023,16350,204438,165429,28984,95550,65556,15030,9833,32049,15597,NQ,2015-01-09 15:30:00-05:00,29994,8.92617469637495,1.7145773411551541,12.82051282051282,-1.2656667967118862,136445,40.60585138517304,-0.6926962564251795,80.12820512820514,0.8749558318794338,-188088,-55.974739824357265,0.11420032150601145,5197,1.5466203206328137,0.2836869809255562,16452,4.896093422176458,-1.4197683871615405,,,,,,UNWINDING_SHORT,short,QQQ
2015-01-13,NASDAQ-100 STOCK INDEX (MINI) - CHICAGO MERCANTILE EXCHANGE,209742,316911,13371,188394,147158,28074,94897,61258,13552,10117,35627,16762,NQ,2015-01-16 15:30:00-05:00,33639,10.614652063197553,1.6884773668226032,18.58974358974359,-1.070645571135052,119084,37.5764804629691,-3.029370922203938,55.12820512820513,0.4398732549284546,-175023,-55.227808438331266,0.7469313860259987,3435,1.0839005272773745,-0.4627197933554392,18865,5.952775384887239,1.0566819627107815,,,,,,UNWINDING_SHORT,short,QQQ
2015-01-20,NASDAQ-100 STOCK INDEX (MINI) - CHICAGO MERCANTILE EXCHANGE,209742,305680,14737,177065,139319,34356,87298,58305,11225,8927,41942,15868,NQ,2015-01-23 15:30:00-05:00,28993,9.484755299659774,-1.1298967635377792,16.025641025641026,-1.1902262908918484,104963,34.337542528133994,-3.238937934835107,40.38461538461539,-0.026414410414247493,-162328,-53.10389950274797,2.1239089355832945,2298,0.7517665532583093,-0.3321339740190652,26074,8.529835121695891,2.5770597368086516,,,,,,NORMAL,,QQQ
2015-01-27,NASDAQ-100 STOCK INDEX (MINI) - CHICAGO MERCANTILE EXCHANGE,209742,301513,19980,178451,131450,33866,86137,56276,10852,6910,40942,13858,NQ,2015-01-30 15:30:00-05:00,29861,9.903718910959062,0.4189636112992883,17.94871794871795,-1.1320291276451404,97584,32.36477365818389,-1.9727688699501016,30.128205128205128,-0.32000553415825606,-158471,-52.558596146766476,0.5453033559814955,3942,1.3074063141556085,0.5556397608972992,27084,8.98269726346791,0.45286214177201956,2015-02-01,108.4000015258789,99.89700012207031,0.06903352953316759,201.79174222385834,CONFIRMED_BULLISH,short,QQQ
2015-02-03,NASDAQ-100 STOCK INDEX (MINI) - CHICAGO MERCANTILE EXCHANGE,209742,301683,27094,180381,129752,34217,81067,47795,9345,9475,41751,17141,NQ,2015-02-06 15:30:00-05:00,33272,11.028795126009753,1.12507621505069,21.153846153846153,-0.9932887360996451,95535,31.66734618788596,-0.6974274702979315,26.923076923076923,-0.43311951501317153,-153287,-50.81061909355184,1.7479770532146333,-130,-0.04309158951614774,-1.3504979036717562,24610,8.157569369172277,-0.8251278942956333,,,,,,NORMAL,,QQQ
2015-02-10,NASDAQ-100 STOCK INDEX (MINI) - CHICAGO MERCANTILE EXCHANGE,209742,314616,24908,185797,128819,34245,93859,55754,10803,10067,42720,15246,NQ,2015-02-13 15:30:00-05:00,38105,12.111590001779948,1.0827948757701957,23.076923076923077,-0.8605955866881032,94574,30.060136801688408,-1.6072093861975532,21.794871794871796,-0.6903970927739804,-160889,-51.13821293259084,-0.32759383903899675,736,0.23393597274137362,0.27702756225752134,27474,8.732550156381112,0.574980787208835,,,,,,NORMAL,,QQQ
2015-02-17,NASDAQ-100 STOCK INDEX (MINI) - CHICAGO MERCANTILE EXCHANGE,209742,330495,15152,201149,141967,31323,105876,57611,11034,8782,41549,16713,NQ,2015-02-20 15:30:00-05:00,48265,14.603851798060486,2.4922617962805376,30.76923076923077,-0.5745339471047928,110644,33.478267447313875,3.4181306456254674,37.17948717948718,-0.19725212847277637,-185997,-56.27830980801525,-5.140096875424412,2252,0.6814021392154193,0.44746616647404563,24836,7.514788423425468,-1.217761732955644,,,,,,NORMAL,,QQQ
2015-02-24,NASDAQ-100 STOCK INDEX (MINI) - CHICAGO MERCANTILE EXCHANGE,209742,343761,11804,208215,146103,31468,120251,60868,10935,10336,40200,18406,NQ,2015-02-27 15:30:00-05:00,59383,17.27450176139818,2.670649963337695,41.66666666666667,-0.2671058145776006,114635,33.347296522874906,-0.1309709244389694,36.53846153846153,-0.22664457708013608,-196411,-57.13591710519809,-0.8576072971828381,599,0.17424896948752186,-0.5071531697278974,21794,6.339869851437482,-1.1749185719879867,2015-03-01,105.5999984741211,101.32600021362305,-0.0038675941311885915,196.5794037912667,NORMAL,,QQQ
2015-03-03,NASDAQ-100 STOCK INDEX (MINI) - CHICAGO MERCANTILE EXCHANGE,209742,350139,12387,213764,153469,31875,127703,61838,9848,11725,34118,18323,NQ,2015-03-06 15:30:00-05:00,65865,18.811100734279815,1.5365989728816345,51.28205128205128,-0.08488572808999963,121594,34.72735113769103,1.3800546148161246,42.94871794871795,-0.029035919158672704,-201377,-57.5134446605491,-0.37752755535100846,-1877,-0.5360728167956155,-0.7103217862831374,15795,4.511065605373866,-1.8288042460636156,,,,,,NORMAL,,QQQ
2015-03-10,NASDAQ-100 STOCK INDEX (MINI) - CHICAGO MERCANTILE EXCHANGE,209742,349658,14674,210513,144591,37353,129612,55020,11691,11162,31639,18159,NQ,2015-03-13 15:30:00-04:00,74592,21.332845237346206,2.5217445030663903,57.692307692307686,0.21029918448170984,107238,30.669396953594656,-4.057954184096374,21.153846153846153,-0.6538681388417177,-195839,-56.008728529019784,1.5047161315293138,529,0.15129068975970805,0.6873635065553235,13480,3.855195648319215,-0.6558699570546511,,,,,,NORMAL,,QQQ
2015-03-17,NASDAQ-100 STOCK INDEX (MINI) - CHICAGO MERCANTILE EXCHANGE,209742,404598,19314,203058,134546,37812,112411,44500,13889,9163,33650,19277,NQ,2015-03-20 15:30:00-04:00,67911,16.784808624857266,-4.548036612488939,40.38461538461539,-0.29834911570225936,96734,23.90866984018705,-6.760727113407608,7.051282051282051,-1.716662379318729,-183744,-45.413966455592956,10.594762073426828,4726,1.1680730008551699,1.016782311095462,14373,3.5524149896934736,-0.30278065862574133,,,,,,NORMAL,,QQQ
2015-03-24,NASDAQ-100 STOCK INDEX (MINI) - CHICAGO MERCANTILE EXCHANGE,209742,334803,14308,229233,153089,28052,111172,42437,14782,7945,30090,15774,NQ,2015-03-27 15:30:00-04:00,68735,20.529983303614365,3.745174678757099,56.41025641025641,0.1402714654052187,125037,37.34643954803273,13.437769707845678,52.56410256410257,0.353747902042204,-214925,-64.19446659677482,-18.78050014118186,6837,2.04209639698569,0.8740233961305202,14316,4.275947348142042,0.7235323584485682,2015-04-01,107.62999725341797,102.6979995727539,0.04242128090477452,200.3583427637798,NORMAL,,QQQ
2015-03-31,NASDAQ-100 STOCK INDEX (MINI) - CHICAGO MERCANTILE EXCHANGE,209742,319836,14059,212040,154608,27366,91329,37010,16105,11216,27887,16356,NQ,2015-04-03 15:30:00-04:00,54319,16.98339148813767,-3.5465918154766953,41.02564102564102,-0.26068279586065835,127242,39.78351405095111,2.437074502918385,73.71794871794873,0.7206431712376098,-197981,-61.90078665315974,2.293679943615075,4889,1.5285959054015184,-0.5135004915841717,11531,3.605285208669443,-0.6706621394725989,,,,,,NORMAL,,QQQ
2015-04-07,NASDAQ-100 STOCK INDEX (MINI) - CHICAGO MERCANTILE EXCHANGE,209742,319792,14123,212683,150820,28114,94399,39905,17247,7984,28152,16055,NQ,2015-04-10 15:30:00-04:00,54494,17.04045129334067,0.057059805203000025,42.30769230769231,-0.24429569933819092,122706,38.37056586781408,-1.4129481831370327,64.74358974358975,0.492640812361566,-198560,-62.090358733176565,-0.18957208001682346,9263,2.8965702706759395,1.3679743652744212,12097,3.782771301345875,0.1774860926764319,,,,,,NORMAL,,QQQ
2015-04-14,NASDAQ-100 STOCK INDEX (MINI) - CHICAGO MERCANTILE EXCHANGE,209742,330619,12962,221309,155133,28174,106998,44599,18214,7965,27353,18613,NQ,2015-04-17 15:30:00-04:00,62399,18.873385982051847,1.8329346887111768,54.48717948717948,-0.02132576619129011,126959,38.40039441169443,0.029828543880348946,64.74358974358975,0.4881614855482074,-208347,-63.0172494623721,-0.9268907291955344,10249,3.0999428345013444,0.20337256382540492,8740,2.6435262341244754,-1.1392450672213994,,,,,,NORMAL,,QQQ
2015-04-21,NASDAQ-100 STOCK INDEX (MINI) - CHICAGO MERCANTILE EXCHANGE,209742,333550,13377,218701,154287,29996,110221,46865,16233,9722,30454,19288,NQ,2015-04-24 15:30:00-04:00,63356,18.994453605156647,0.12106762310479979,55.12820512820513,0.0024585173929794384,124291,37.263078998650876,-1.1373154130435523,50.0,0.3023634577068411,-205324,-61.55718782791186,1.4600616344602386,6511,1.9520311797331735,-1.147911654768171,11166,3.347624044371159,0.7040978102466835,2015-05-01,110.05000305175781,104.20100021362305,0.08852625828602442,204.86329829297557,NORMAL,,QQQ
2015-04-28,NASDAQ-100 STOCK INDEX (MINI) - CHICAGO MERCANTILE EXCHANGE,209742,365930,10316,232022,154490,27107,139616,61527,18629,9636,33559,26318,NQ,2015-05-01 15:30:00-04:00,78089,21.339873746344928,2.3454201411882813,62.17948717948718,0.2861467861847106,127383,34.81075615554887,-2.452322843102003,40.38461538461539,-0.08706030088751947,-221706,-60.58699751318558,0.9701903147262811,8993,2.4575738529226903,0.5055426731895167,7241,1.9787937583690869,-1.368830286002072,2015-05-01,110.05000305175781,104.20100021362305,0.08852625828602442,204.86329829297557,NORMAL,,QQQ
2015-05-05,NASDAQ-100 STOCK INDEX (MINI) - CHICAGO MERCANTILE EXCHANGE,209742,341880,15331,207361,148695,27203,112841,49729,19649,9700,34170,36693,NQ,2015-05-08 15:30:00-04:00,63112,18.46027846027846,-2.8795952860664684,50.641025641025635,-0.053099502465956766,121492,35.536445536445534,0.7256893808966609,43.58974358974359,0.022154469387743906,-192030,-56.16883116883117,4.418166344354411,9949,2.91008541008541,0.45251155716271985,-2523,-0.737978237978238,-2.716771996347325,,,,,,NORMAL,,QQQ
2015-05-12,NASDAQ-100 STOCK INDEX (MINI) - CHICAGO MERCANTILE EXCHANGE,209742,309386,16826,190944,137846,27269,97549,51933,18739,8133,27315,19996,NQ,2015-05-15 15:30:00-04:00,45616,14.744041423981693,-3.716237036296766,32.69230769230769,-0.4935645185889226,110577,35.74078982242248,0.2043442859769442,43.58974358974359,0.04481554278646038,-174118,-56.27856464093398,-0.10973347210281048,10606,3.4280801329084056,0.5179947228229955,7319,2.365653261621405,3.103631499599643,,,,,,NORMAL,,QQQ
2015-05-19,NASDAQ-100 STOCK INDEX (MINI) - CHICAGO MERCANTILE EXCHANGE,209742,318845,16652,194394,141496,27079,98692,56814,20307,8551,31079,21388,NQ,2015-05-22 15:30:00-04:00,41878,13.134281547460365,-1.6097598765213288,26.282051282051285,-0.6795054614270324,114417,35.88483432388778,0.14404450146530223,44.230769230769226,0.05620451619712238,-177742,-55.74558170898085,0.5329829319531285,11756,3.6870579748780754,0.2589778419696698,9691,3.03940786275463,0.6737546011332252,,,,,,NORMAL,,QQQ
2015-05-26,NASDAQ-100 STOCK INDEX (MINI) - CHICAGO MERCANTILE EXCHANGE,209742,316571,15469,188366,145989,26913,91979,56786,22176,9220,29045,23373,NQ,2015-05-29 15:30:00-04:00,35193,11.11693743267703,-2.0173441147833344,21.794871794871796,-0.9130104706376732,119076,37.6143108496988,1.7294765258110232,53.205128205128204,0.3221944922078968,-172897,-54.61555227737222,1.1300294316086337,12956,4.092604818508328,0.40554684363025295,5672,1.7916991764880548,-1.2477086862665754,2015-06-01,107.06999969482422,104.93000030517578,-0.012269389412666835,199.31588075825334,NORMAL,,QQQ
2015-06-02,NASDAQ-100 STOCK INDEX (MINI) - CHICAGO MERCANTILE EXCHANGE,209742,330764,15254,204206,154700,26654,98000,55684,21795,7753,30267,25719,NQ,2015-06-05 15:30:00-04:00,42316,12.793411616741846,1.6764741840648156,25.64102564102564,-0.7114808829161192,128046,38.712193588177676,1.097882738478873,67.94871794871796,0.4903651529994369,-188952,-57.125926642560856,-2.510374365188639,14042,4.2453229492931515,0.1527181307848231,4548,1.3749984883481878,-0.41670068813986694,,,,,,NORMAL,,QQQ
2015-06-09,NASDAQ-100 STOCK INDEX (MINI) - CHICAGO MERCANTILE EXCHANGE,209742,319357,16288,183018,144944,28553,89304,58871,23168,8241,29171,24192,NQ,2015-06-12 15:30:00-04:00,30433,9.529460760215057,-3.2639508565267885,17.307692307692307,-1.0959475093745437,116391,36.445420015844334,-2.266773572333342,44.871794871794876,0.10373931953122473,-166730,-52.208030511308664,4.917896131252192,14927,4.674079478452015,0.4287565291588633,4979,1.559070256797252,0.18407176844906425,,,,,,NORMAL,,QQQ
2015-06-16,NASDAQ-100 STOCK INDEX (MINI) - CHICAGO MERCANTILE EXCHANGE,209742,390932,18042,184765,143774,28955,87810,50272,21468,8096,36425,35431,NQ,2015-06-19 15:30:00-04:00,37538,9.602181453552024,0.07272069333696685,17.307692307692307,-1.088395833319537,114819,29.37058107292317,-7.074838942921165,9.615384615384617,-1.1020489901250412,-166723,-42.64757042145437,9.560460089854296,13372,3.420543726274646,-1.2535357521773687,994,0.2542641687045317,-1.3048060880927204,,,,,,NORMAL,,QQQ
2015-06-23,NASDAQ-100 STOCK INDEX (MINI) - CHICAGO MERCANTILE EXCHANGE,209742,346623,16407,243949,168494,25695,102938,38773,18662,9701,30127,18510,NQ,2015-06-26 15:30:00-04:00,64165,18.51146634816501,8.909284894612984,52.56410256410257,-0.03633419682931301,142799,41.19720849453152,11.826627421608354,85.8974358974359,0.8988052583632135,-227542,-65.64538417819936,-22.997813756744996,8961,2.585229485637133,-0.8353142406375129,11617,3.3514798498657044,3.0972156811611726,2015-07-01,111.94999694824219,106.24599990844726,0.06013256217685703,208.40022701243456,NORMAL,,QQQ
2015-06-30,NASDAQ-100 STOCK INDEX (MINI) - CHICAGO MERCANTILE EXCHANGE,209742,310974,20350,207430,157966,28390,76290,39236,19261,8060,26000,16751,NQ,2015-07-03 15:30:00-04:00,37054,11.91546560162586,-6.596000746539149,24.358974358974358,-0.8172061493101089,129576,41.66779216268884,0.47058366815731745,88.46153846153845,0.9730271446037158,-187080,-60.15937023674005,5.486013941459312,11201,3.6019088412536098,1.0166793556164766,9249,2.9742036311717377,-0.37727621869396666,,,,,,NORMAL,,QQQ
2015-07-07,NASDAQ-100 STOCK INDEX (MINI) - CHICAGO MERCANTILE EXCHANGE,209742,296093,20665,193493,150996,27780,67604,35546,17918,9225,26597,17736,NQ,2015-07-10 15:30:00-04:00,32058,10.827003677898498,-1.0884619237273618,21.794871794871796,-0.9383319025127804,123216,41.613952373071974,-0.053839789616866085,87.82051282051282,0.9556982714849921,-172828,-58.369498772345175,1.7898714643948779,8693,2.935901895688179,-0.6660069455654307,8861,2.9926408256865242,0.018437194514786537,,,,,,NORMAL,,QQQ
2015-07-14,NASDAQ-100 STOCK INDEX (MINI) - CHICAGO MERCANTILE EXCHANGE,209742,303999,18306,204133,154903,26895,77370,30727,16063,11002,27173,21058,NQ,2015-07-17 15:30:00-04:00,46643,15.343142576126896,4.516138898228398,35.8974358974359,-0.403679114626696,128008,42.10803325010937,0.49408087703739767,89.74358974358975,1.0348671240723357,-185827,-61.12750370889378,-2.758004936548602,5061,1.6648081079214077,-1.2710937877667714,6115,2.011519774736101,-0.9811210509504233,,,,,,NORMAL,,QQQ
2015-07-21,NASDAQ-100 STOCK INDEX (MINI) - CHICAGO MERCANTILE EXCHANGE,209742,344873,16925,226214,160642,27291,110031,46010,17313,11591,29435,23240,NQ,2015-07-24 15:30:00-04:00,64021,18.563645167931384,3.220502591804488,53.205128205128204,-0.026670721912574406,133351,38.666697595926614,-3.441335654182758,65.38461538461539,0.4547321782469755,-209289,-60.68581767781183,0.44168603108194304,5722,1.6591614884319734,-0.005646619489434235,6195,1.7963134255218587,-0.2152063492142422,,,,,,NORMAL,,QQQ
2015-07-28,NASDAQ-100 STOCK INDEX (MINI) - CHICAGO MERCANTILE EXCHANGE,209742,361523,17572,254657,167796,29721,115976,37204,18601,12217,31305,17451,NQ,2015-07-31 15:30:00-04:00,78772,21.78893182453122,3.2252866565998346,65.38461538461539,0.3494206789630706,138075,38.192590789521,-0.4741068064056151,58.97435897435898,0.37484842872981883,-237085,-65.57950669805241,-4.893689020240579,6384,1.7658627528538986,0.10670126442192518,13854,3.8321213311462894,2.0358079056244307,2015-08-01,104.30999755859375,106.53699951171875,-0.030846416236610903,194.1780059264107,NORMAL,,QQQ
2015-08-04,NASDAQ-100 STOCK INDEX (MINI) - CHICAGO MERCANTILE EXCHANGE,209742,353171,18738,238603,168822,29357,105370,43080,19350,13113,30548,18675,NQ,2015-08-07 15:30:00-04:00,62290,17.637348479914827,-4.151583344616391,44.871794871794876,-0.13874416358124725,139465,39.48936917244055,1.2967783829195483,70.51282051282051,0.5869073868729492,-219865,-62.25454524861894,3.3249614494334736,6237,1.766000039640854,0.00013728678695534846,11873,3.3618275566227127,-0.4702937745235767,,,,,,NORMAL,,QQQ
2015-08-11,NASDAQ-100 STOCK INDEX (MINI) - CHICAGO MERCANTILE EXCHANGE,209742,344511,25918,225216,159939,31121,90120,39481,20986,11720,30213,19638,NQ,2015-08-14 15:30:00-04:00,50639,14.69880497284557,-2.938543507069257,33.97435897435898,-0.4790490801875608,128818,37.391549181303354,-2.097819991137193,48.07692307692308,0.23069271288244836,-199298,-57.84953165501247,4.405013593606469,9266,2.6896093303261726,0.9236092906853186,10575,3.0695681705373703,-0.2922593860853424,,,,,,NORMAL,,QQQ
2015-08-18,NASDAQ-100 STOCK INDEX (MINI) - CHICAGO MERCANTILE EXCHANGE,209742,350713,24914,229315,163758,32146,99220,44632,20844,12194,28182,18631,NQ,2015-08-21 15:30:00-04:00,54588,15.564863577911284,0.8660586050657137,37.82051282051282,-0.3706848717666072,131612,37.52698075064227,0.13543156933891254,49.358974358974365,0.24849075913251464,-204401,-58.28155785499825,-0.43202619998577774,8650,2.466404153823782,-0.22320517650239058,9551,2.723309372620918,-0.3462587979164522,,,,,,NORMAL,,QQQ
2015-08-25,NASDAQ-100 STOCK INDEX (MINI) - CHICAGO MERCANTILE EXCHANGE,209742,316080,43455,139342,145725,47991,71466,79277,16571,13908,24249,20948,NQ,2015-08-28 15:30:00-04:00,-7811,-2.4712098202986588,-18.036073398209943,0.641025641025641,-2.4893884634148016,97734,30.920652999240698,-6.606327751401569,15.384615384615385,-0.8573943654187524,-95887,-30.3363072639838,27.945250591014446,2663,0.842508225765629,-1.623895928058153,3301,1.0443558592761326,-1.6789535133447855,2015-09-01,101.76000213623047,106.11199951171875,-0.07532940195947527,189.43106854912014,EXTREME_SHORT,short,QQQ
2015-09-01,NASDAQ-100 STOCK INDEX (MINI) - CHICAGO MERCANTILE EXCHANGE,209742,295040,52514,112707,134713,45985,53301,82421,15011,14809,21929,21546,NQ,2015-09-04 15:30:00-04:00,-29120,-9.869848156182213,-7.398638335883554,0.0,-3.2977856502394984,88728,30.073210412147507,-0.847442587093191,12.82051282051282,-0.9945703052212429,-60193,-20.401640455531453,9.934666808452349,202,0.0684652928416486,-0.7740429329239804,383,0.12981290672451193,-0.9145429525516207,,,,,,EXTREME_SHORT,short,QQQ
2015-09-08,NASDAQ-100 STOCK INDEX (MINI) - CHICAGO MERCANTILE EXCHANGE,209742,296107,57490,104882,133827,44743,50260,82471,14937,20208,20314,24524,NQ,2015-09-11 15:30:00-04:00,-32211,-10.878162285930424,-1.0083141297482108,0.0,-3.3025435461298263,89084,30.08507059947924,0.01186018733173455,13.461538461538462,-0.9879080412978987,-47392,-16.005025210481346,4.396615245050107,-5271,-1.780099761234959,-1.8485650540766074,-4210,-1.4217833418325132,-1.5515962485570252,,,,,,EXTREME_SHORT,short,QQQ
2015-09-15,NASDAQ-100 STOCK INDEX (MINI) - CHICAGO MERCANTILE EXCHANGE,209742,323515,55183,121295,130198,44606,53829,65817,15511,19944,21017,24076,NQ,2015-09-18 15:30:00-04:00,-11988,-3.705546883452081,7.172615402478343,1.282051282051282,-2.3929472081520893,85592,26.456887624994206,-3.6281829744850356,6.41025641025641,-1.5850407529739725,-66112,-20.435528491723723,-4.430503281242377,-4433,-1.3702610389008238,0.4098387223341351,-3059,-0.9455512109175772,0.476232130914936,,,,,,EXTREME_SHORT,short,QQQ
2015-09-22,NASDAQ-100 STOCK INDEX (MINI) - CHICAGO MERCANTILE EXCHANGE,209742,266500,24951,118894,142454,47561,51160,53660,18846,14389,19723,22630,NQ,2015-09-25 15:30:00-04:00,-2500,-0.9380863039399625,2.767460579512118,3.205128205128205,-2.0320364613490605,94893,35.60712945590994,9.150241830915736,38.46153846153847,-0.06910265258254053,-93943,-35.25065666041276,-14.815128168689036,4457,1.672420262664165,3.042681301564989,-2907,-1.0908067542213884,-0.14525554330381119,2015-10-01,113.33000183105469,107.11999969482422,0.05846644395323631,210.96917152959568,EXTREME_SHORT,short,QQQ
2015-09-29,NASDAQ-100 STOCK INDEX (MINI) - CHICAGO MERCANTILE EXCHANGE,209742,260494,25362,117440,139513,54834,46684,44448,17983,13372,22834,22282,NQ,2015-10-02 15:30:00-04:00,2236,0.8583690987124464,1.7964554026524089,3.8461538461538463,-1.80216981373093,84679,32.50708269672238,-3.1000467591875633,23.076923076923077,-0.5845698302376796,-92078,-35.347455219697956,-0.09679855928519743,4611,1.7700983515935107,0.0976780889293456,552,0.21190507266962003,1.3027118268910085,,,,,,EXTREME_SHORT,short,QQQ
2015-10-06,NASDAQ-100 STOCK INDEX (MINI) - CHICAGO MERCANTILE EXCHANGE,209742,260686,25684,113617,145215,53191,45619,48778,17498,12328,18742,24844,NQ,2015-10-09 15:30:00-04:00,-3159,-1.2118027051702047,-2.0701718038826513,3.205128205128205,-1.9960609763590111,92024,35.3007065972089,2.793623900486523,37.17948717948718,-0.12161052409952611,-87933,-33.73138565170358,1.6160695679943728,5170,1.9832288653782713,0.21313051378476056,-6102,-2.340747105713387,-2.5526521783830067,,,,,,EXTREME_SHORT,short,QQQ
2015-10-13,NASDAQ-100 STOCK INDEX (MINI) - CHICAGO MERCANTILE EXCHANGE,209742,268193,25408,123427,148894,53484,46472,47733,16918,11705,22123,23466,NQ,2015-10-16 15:30:00-04:00,-1261,-0.47018378555741575,0.7416189196127889,4.487179487179487,-1.8780720829720687,95410,35.57512686759162,0.2744202703827199,37.82051282051282,-0.07920574674522805,-98019,-36.54793376411763,-2.816548112414047,5213,1.9437494640053992,-0.03947940137287209,-1343,-0.5007587819219741,1.8399883237914127,,,,,,EXTREME_SHORT,short,QQQ
2015-10-20,NASDAQ-100 STOCK INDEX (MINI) - CHICAGO MERCANTILE EXCHANGE,209742,288365,26085,145786,149742,50790,64569,49433,16214,11360,24615,23856,NQ,2015-10-23 15:30:00-04:00,15136,5.248903299637612,5.719087085195028,8.974358974358974,-1.2397797216547555,98952,34.314844034470205,-1.2602828331214155,28.205128205128204,-0.2919786510259936,-119701,-41.51023875990498,-4.962304995787349,4854,1.6832833388240598,-0.2604661251813394,759,0.263208086973107,0.7639668688950811,,,,,,EXTREME_SHORT,short,QQQ
2015-10-27,NASDAQ-100 STOCK INDEX (MINI) - CHICAGO MERCANTILE EXCHANGE,209742,324354,26530,186014,158000,46384,88483,44826,15951,11818,26117,26039,NQ,2015-10-30 15:30:00-04:00,43657,13.459676772908612,8.210773473271,34.61538461538461,-0.36178863297896435,111616,34.411784655037394,0.09694062056718877,28.846153846153843,-0.27769993883267213,-159484,-49.16973430264464,-7.659495542739663,4133,1.2742250750722977,-0.40905826375176213,78,0.02404779962633419,-0.2391602873467728,2015-11-01,114.0199966430664,108.41199951171875,0.018490395276931013,212.25362958569661,UNWINDING_SHORT,short,QQQ
2015-11-03,NASDAQ-100 STOCK INDEX (MINI) - CHICAGO MERCANTILE EXCHANGE,209742,341687,25403,194883,163653,44059,98553,54995,16202,11649,27514,25739,NQ,2015-11-06 15:30:00-05:00,43558,12.747924269872719,-0.7117525030358927,32.05128205128205,-0.4330719636951304,119594,35.0010389625593,0.5892543075219052,34.61538461538461,-0.183260933048067,-169480,-49.60095057757538,-0.43121627493074044,4553,1.3325060654926877,0.05828099042039003,1775,0.5194812796506745,0.4954334800243403,,,,,,NORMAL,,QQQ
2015-11-10,NASDAQ-100 STOCK INDEX (MINI) - CHICAGO MERCANTILE EXCHANGE,209742,364914,26152,219654,160794,42563,119474,57223,14979,11096,31479,22342,NQ,2015-11-13 15:30:00-05:00,62251,17.059087894682033,4.311163624809314,51.28205128205128,0.023900322082979812,118231,32.39968869377442,-2.601350268784877,20.51282051282051,-0.6254246125629133,-193502,-53.026740547087805,-3.4257899695124223,3883,1.0640863326701633,-0.2684197328225244,9137,2.5038776259611852,1.9843963463105108,,,,,,UNWINDING_SHORT,short,QQQ
2015-11-17,NASDAQ-100 STOCK INDEX (MINI) - CHICAGO MERCANTILE EXCHANGE,209742,349775,28317,217262,159895,43259,104885,43644,13003,10677,29128,20386,NQ,2015-11-20 15:30:00-05:00,61241,17.508684154099065,0.4495962594170315,52.56410256410257,0.07116385508397062,116636,33.3460081480952,0.9463194543207791,23.076923076923077,-0.48991059392218894,-188945,-54.019012222142806,-0.9922716750550009,2326,0.66499892788221,-0.39908740478795324,8742,2.499320992066328,-0.004556633894857054,,,,,,UNWINDING_SHORT,short,QQQ
2015-11-24,NASDAQ-100 STOCK INDEX (MINI) - CHICAGO MERCANTILE EXCHANGE,209742,337248,29167,193749,158726,41524,88582,51472,14632,12578,28655,20439,NQ,2015-11-27 15:30:00-05:00,37110,11.00377170509536,-6.5049124490037045,27.564102564102566,-0.6220973321539686,117202,34.752467027232186,1.4064588791369843,31.41025641025641,-0.2818752807954195,-164582,-48.801475472056175,5.21753675008663,2054,0.6090473479457253,-0.0559515799364847,8216,2.4361893917829014,-0.06313160028342679,2015-12-01,111.86000061035156,108.75799942016602,0.07238043551402416,208.23269456260908,NORMAL,,QQQ
2015-12-01,NASDAQ-100 STOCK INDEX (MINI) - CHICAGO MERCANTILE EXCHANGE,209742,346572,31618,190166,161615,50984,90845,54612,14911,11465,30804,22566,NQ,2015-12-04 15:30:00-05:00,36233,10.454681855429753,-0.5490898496656076,24.358974358974358,-0.6854244654741614,110631,31.921505488037116,-2.8309615391950693,17.307692307692307,-0.8555561021803377,-158548,-45.747492584513466,3.053982887542709,3446,0.9943099846496544,0.385262636703929,8238,2.376995256396939,-0.05919413538596219,,,,,,NORMAL,,QQQ
2015-12-08,NASDAQ-100 STOCK INDEX (MINI) - CHICAGO MERCANTILE EXCHANGE,209742,337224,32209,175827,158216,52666,85899,59808,14153,10856,28734,20054,NQ,2015-12-11 15:30:00-05:00,26091,7.736993808269874,-2.7176880471598786,14.743589743589745,-0.9679740279828936,105550,31.29967024885536,-0.6218352391817561,14.743589743589745,-1.0421043339604315,-143618,-42.58830925438284,3.159183330130624,3297,0.9776884207529714,-0.01662156389668301,8680,2.573956776504638,0.19696152010769863,,,,,,NORMAL,,QQQ
2015-12-15,NASDAQ-100 STOCK INDEX (MINI) - CHICAGO MERCANTILE EXCHANGE,209742,385220,25933,193007,157749,48176,93291,49845,14072,9940,21242,11319,NQ,2015-12-18 15:30:00-05:00,43446,11.27823062146306,3.5412368131931853,30.128205128205128,-0.5831593998327183,109573,28.44426561445408,-2.855404634401282,5.769230769230769,-1.6949517194325758,-167074,-43.37106069259125,-0.7827514382084075,4132,1.072633819635533,0.0949453988825616,9923,2.5759306370385753,0.0019738605339374438,,,,,,NORMAL,,QQQ
2015-12-22,NASDAQ-100 STOCK INDEX (MINI) - CHICAGO MERCANTILE EXCHANGE,209742,307993,8378,187201,161330,47850,87143,41358,14931,7499,28608,16482,NQ,2015-12-25 15:30:00-05:00,45785,14.86559759475053,3.5873669732874713,43.58974358974359,-0.2010837852070922,113480,36.844993230365624,8.400727615911546,44.230769230769226,0.02564590847909784,-178823,-58.060735146578004,-14.689674453986754,7432,2.4130418548473505,1.3404080352118175,12126,3.937102466614501,1.3611718295759259,2016-01-01,104.12999725341797,108.6109992980957,0.023290045867085243,193.8429268242801,NORMAL,,QQQ
2015-12-29,NASDAQ-100 STOCK INDEX (MINI) - CHICAGO MERCANTILE EXCHANGE,209742,316070,11047,198453,164097,45260,93114,39579,13876,8611,27775,18006,NQ,2016-01-01 15:30:00-05:00,53535,16.937703673236943,2.072106078486412,49.358974358974365,0.014114311381242776,118837,37.59831682855064,0.7533235981850126,50.641025641025635,0.1821601937270512,-187406,-59.292561774290505,-1.2318266277125005,5265,1.66577024076945,-0.7472716140779005,9769,3.090771031733477,-0.8463314348810242,2016-01-01,104.12999725341797,108.6109992980957,0.023290045867085243,193.8429268242801,NORMAL,,QQQ
2016-01-05,NASDAQ-100 STOCK INDEX (MINI) - CHICAGO MERCANTILE EXCHANGE,209742,302181,12519,169282,154280,51710,87874,41851,11316,9180,25042,19008,NQ,2016-01-08 15:30:00-05:00,46023,15.23027589424881,-1.7074277789881318,42.94871794871795,-0.17371609037953184,102570,33.94323269828348,-3.6550841302671557,24.358974358974358,-0.6171238847199978,-156763,-51.87718618973397,7.415375584556536,2136,0.7068611196600713,-0.9589091211093786,6034,1.996816477541606,-1.093954554191871,,,,,,NORMAL,,QQQ
2016-01-12,NASDAQ-100 STOCK INDEX (MINI) - CHICAGO MERCANTILE EXCHANGE,209742,300742,16562,161148,153121,69051,84793,33330,9518,8084,26977,19358,NQ,2016-01-15 15:30:00-05:00,51463,17.11200962951633,1.8817337352675185,51.92307692307693,0.02497511497450977,84070,27.95419329524975,-5.989039403033733,5.128205128205128,-1.9151908513441815,-144586,-48.0764243105386,3.8007618791953703,1434,0.47682066355879793,-0.23004045610127333,7619,2.5334007222137247,0.5365842446721187,,,,,,NORMAL,,QQQ
2016-01-19,NASDAQ-100 STOCK INDEX (MINI) - CHICAGO MERCANTILE EXCHANGE,209742,277245,16480,140914,148911,69254,65472,30470,11592,6985,24482,19314,NQ,2016-01-22 15:30:00-05:00,35002,12.624934624610002,-4.487075004906327,32.05128205128205,-0.4524296321542507,79657,28.731627261086764,0.777433965837016,6.41025641025641,-1.7174718498730484,-124434,-44.882324298003574,3.1941000125350243,4607,1.6617071543219897,1.1848864907631917,5168,1.8640552579848149,-0.6693454642289098,,,,,,NORMAL,,QQQ
2016-01-26,NASDAQ-100 STOCK INDEX (MINI) - CHICAGO MERCANTILE EXCHANGE,209742,268896,38385,129007,127418,62081,54354,41693,17480,5314,22100,21642,NQ,2016-01-29 15:30:00-05:00,12661,4.708511841009163,-7.916422783600839,8.333333333333332,-1.2865062461395425,65337,24.298241699393074,-4.43338556169369,1.282051282051282,-2.6403151353149865,-90622,-33.701505414732836,11.180818883270739,12166,4.524425800309413,2.8627186459874236,458,0.1703260740211829,-1.693729183963632,2016-02-01,102.5,108.0979995727539,-0.09556164877857656,190.8086096567772,EXTREME_SHORT,short,QQQ
2016-02-02,NASDAQ-100 STOCK INDEX (MINI) - CHICAGO MERCANTILE EXCHANGE,209742,271070,43448,118383,125484,60052,54105,53318,18549,5932,20009,23910,NQ,2016-02-05 15:30:00-05:00,787,0.2903309108348397,-4.418180930174324,5.128205128205128,-1.7355801484535835,65432,24.13841443169661,-0.15982726769646405,1.282051282051282,-2.6027294164425427,-74935,-27.644150957317297,6.0573544574155385,12617,4.654517283358542,0.13009148304912888,-3901,-1.4391116685726935,-1.6094377425938764,,,,,,EXTREME_SHORT,short,QQQ
2016-02-09,NASDAQ-100 STOCK INDEX (MINI) - CHICAGO MERCANTILE EXCHANGE,209742,285308,54974,112693,123168,68965,57468,52423,12272,13317,22799,23283,NQ,2016-02-12 15:30:00-05:00,5045,1.7682644720792968,1.477933561244457,7.051282051282051,-1.5523559467423527,54203,18.99806524878377,-5.140349182912839,0.0,-3.5791517531515264,-57719,-20.230417653903853,7.413733303413444,-1045,-0.36627083713039943,-5.020788120488942,-484,-0.16964122982881658,1.2694704387438769,,,,,,EXTREME_SHORT,short,QQQ
2016-02-16,NASDAQ-100 STOCK INDEX (MINI) - CHICAGO MERCANTILE EXCHANGE,209742,269592,55913,91366,126720,70534,43949,59074,10785,8879,21022,28536,NQ,2016-02-19 15:30:00-05:00,-15125,-5.6103296833733936,-7.37859415545269,1.282051282051282,-2.29527803134646,56186,20.841122881984628,1.843057633200857,0.641025641025641,-3.0564494708806227,-35453,-13.150612777827234,7.079804876076619,1906,0.7069942728270868,1.0732651099574864,-7514,-2.787174693611086,-2.6175334637822694,,,,,,EXTREME_SHORT,short,QQQ
2016-02-23,NASDAQ-100 STOCK INDEX (MINI) - CHICAGO MERCANTILE EXCHANGE,209742,260667,55125,92598,125767,65785,38064,50758,10115,10578,18611,27963,NQ,2016-02-26 15:30:00-05:00,-12694,-4.869814744482424,0.7405149388909695,1.9230769230769231,-2.1669907080308413,59982,23.01096801666494,2.169845134680312,1.282051282051282,-2.5351562494622364,-37473,-14.375812818653685,-1.2252000408264507,-463,-0.17762125623880276,-0.8846155290658896,-9352,-3.587719197290029,-0.8005445036789429,2016-03-01,109.19999694824219,108.01299896240235,-0.04227328395661135,203.28097163139907,EXTREME_SHORT,short,QQQ
2016-03-01,NASDAQ-100 STOCK INDEX (MINI) - CHICAGO MERCANTILE EXCHANGE,209742,258086,44226,105787,130096,54972,38664,46195,9756,11075,21246,25959,NQ,2016-03-04 15:30:00-05:00,-7531,-2.918019574870392,1.9517951696120321,3.205128205128205,-1.9268928832650072,75124,29.108126748448193,6.097158731783253,10.256410256410255,-1.3287420961387086,-61561,-23.85290174592965,-9.477088927275965,-1319,-0.5110699534263773,-0.3334486971875745,-4713,-1.826135474221771,1.761583723068258,,,,,,EXTREME_SHORT,short,QQQ
2016-03-08,NASDAQ-100 STOCK INDEX (MINI) - CHICAGO MERCANTILE EXCHANGE,209742,262306,49260,98792,124489,56514,44321,57052,10549,12102,20855,25014,NQ,2016-03-11 15:30:00-05:00,-12731,-4.853491723407013,-1.9354721485366215,2.564102564102564,-2.083117741041379,67975,25.914390063513608,-3.193736684934585,5.128205128205128,-1.9190970510189413,-49532,-18.88328898309608,4.96961276283357,-1553,-0.59205660564379,-0.08098665221741275,-4159,-1.5855527513667245,0.24058272285504656,,,,,,EXTREME_SHORT,short,QQQ
2016-03-15,NASDAQ-100 STOCK INDEX (MINI) - CHICAGO MERCANTILE EXCHANGE,209742,277389,39679,86194,125429,53846,32962,54974,11456,11449,22633,25696,NQ,2016-03-18 15:30:00-04:00,-22012,-7.935426422821381,-3.0819346994143677,1.282051282051282,-2.3431157583546636,71583,25.805998074905638,-0.10839198860796984,4.487179487179487,-1.9427049053749912,-46515,-16.768869710046182,2.114419273049897,7,0.002523531935296641,0.5945801375790867,-3063,-1.1042254739733732,0.48132727739335124,,,,,,EXTREME_SHORT,short,QQQ
2016-03-22,NASDAQ-100 STOCK INDEX (MINI) - CHICAGO MERCANTILE EXCHANGE,209742,211397,39315,57845,94051,50538,36199,58250,11221,11888,21303,23568,NQ,2016-03-25 15:30:00-04:00,-22051,-10.431084641693118,-2.4956582188717373,0.641025641025641,-2.5301831832172264,43513,20.583546597160794,-5.222451477744844,0.641025641025641,-2.8704667417034724,-18530,-8.765498091269034,8.003371618777148,-667,-0.315520087796894,-0.31804361973219064,-2265,-1.0714437764017464,0.032781697571626855,2016-04-01,105.72000122070312,107.87799911499023,-0.05489003536694277,196.80279459351368,EXTREME_SHORT,short,QQQ
2016-03-29,NASDAQ-100 STOCK INDEX (MINI) - CHICAGO MERCANTILE EXCHANGE,209742,220059,38120,70131,87692,46141,49432,63212,11642,9826,24523,22099,NQ,2016-04-01 15:30:00-04:00,-13780,-6.261957020617198,4.16912762107592,2.564102564102564,-2.074488872700482,41551,18.88175443858238,-1.7017921585784137,0.0,-3.091259659979484,-32011,-14.546553424308936,-5.781055333039902,1816,0.8252332329057207,1.1407533207026148,2424,1.1015227734380326,2.1729665498397788,2016-04-01,105.72000122070312,107.87799911499023,-0.05489003536694277,196.80279459351368,EXTREME_SHORT,short,QQQ
2016-04-05,NASDAQ-100 STOCK INDEX (MINI) - CHICAGO MERCANTILE EXCHANGE,209742,216778,41051,74557,76486,42824,54851,58409,11938,10792,24417,22161,NQ,2016-04-08 15:30:00-04:00,-3558,-1.6413104650840953,4.620646555533103,7.6923076923076925,-1.6013979448736488,33662,15.528328520421814,-3.353425918160566,0.0,-3.569789291429692,-33506,-15.456365498343928,-0.909812074034992,1146,0.5286514314183174,-0.2965818014874033,2256,1.0406960115878918,-0.0608267618501408,,,,,,EXTREME_SHORT,short,QQQ
2016-04-12,NASDAQ-100 STOCK INDEX (MINI) - CHICAGO MERCANTILE EXCHANGE,209742,224476,38322,81905,82364,46250,58706,56206,11624,11642,25711,20724,NQ,2016-04-15 15:30:00-04:00,2500,1.1137048058589782,2.7550152709430735,12.179487179487179,-1.3181800548755893,36114,16.088134143516456,0.5598056230946415,0.641025641025641,-3.3173597047107006,-43583,-19.41543862150074,-3.959073123156813,-18,-0.008018674602184644,-0.536670106020502,4987,2.2216183467274897,1.1809223351395979,,,,,,UNWINDING_SHORT,short,QQQ
2016-04-19,NASDAQ-100 STOCK INDEX (MINI) - CHICAGO MERCANTILE EXCHANGE,209742,235390,25092,89906,82601,44014,81527,59658,12244,11253,24672,21305,NQ,2016-04-22 15:30:00-04:00,21869,9.290539105314584,8.176834299455606,26.923076923076923,-0.5311868440418017,38587,16.392794936063556,0.3046607925471001,1.282051282051282,-3.1360530213063,-64814,-27.53472959768894,-8.1192909761882,991,0.4210034410977527,0.4290221156999373,3367,1.4303921152130508,-0.7912262315144389,,,,,,UNWINDING_SHORT,short,QQQ
2016-04-26,NASDAQ-100 STOCK INDEX (MINI) - CHICAGO MERCANTILE EXCHANGE,209742,226799,23891,81454,78787,42708,79020,63328,9653,9833,27171,21199,NQ,2016-04-29 15:30:00-04:00,15692,6.918901758826097,-2.3716373464884875,19.230769230769234,-0.7464137722794651,36079,15.907918465248965,-0.48487647081459073,0.641025641025641,-3.0979134130737638,-57563,-25.380623371355252,2.1541062263336883,-180,-0.07936542930083466,-0.5003688703985874,5972,2.6331685765810255,1.2027764613679748,2016-05-01,110.33999633789062,107.71699905395508,0.05963698500211781,205.40313454406632,NORMAL,,QQQ
2016-05-03,NASDAQ-100 STOCK INDEX (MINI) - CHICAGO MERCANTILE EXCHANGE,209742,240748,57914,45982,76060,68999,64339,84297,9697,9830,24018,22920,NQ,2016-05-06 15:30:00-04:00,-19958,-8.28999617857677,-15.208897937402867,1.9230769230769231,-2.1818083985657197,7061,2.9329423297389803,-12.974976135509985,0.0,-4.973452102607617,11932,4.95621978168043,30.33684315303568,-133,-0.055244488012361474,0.02412094128847319,1098,0.456078555169721,-2.1770900214113045,,,,,,EXTREME_SHORT,short,QQQ
2016-05-10,NASDAQ-100 STOCK INDEX (MINI) - CHICAGO MERCANTILE EXCHANGE,209742,233057,72543,39441,74766,71344,43428,77521,9264,10523,22652,23824,NQ,2016-05-13 15:30:00-04:00,-34093,-14.62861016832792,-6.338613989751151,0.0,-2.739272020614231,3422,1.4683103275164444,-1.4646320022225359,0.0,-4.801436666693926,33102,14.20339230317047,9.24717252149004,-1259,-0.5402111929699601,-0.48496670495759864,-1172,-0.5028812693890335,-0.9589598245587545,,,,,,EXTREME_SHORT,short,QQQ
2016-05-17,NASDAQ-100 STOCK INDEX (MINI) - CHICAGO MERCANTILE EXCHANGE,209742,223775,83833,38783,64666,74220,34036,62670,9738,10390,20005,26215,NQ,2016-05-20 15:30:00-04:00,-28634,-12.795888727516479,1.8327214408114418,0.641025641025641,-2.4971230453595554,-9554,-4.269467098648196,-5.737777426164641,0.0,-5.214413706748826,45050,20.131828845939,5.928436542768532,-652,-0.2913640933973858,0.24884709957257434,-6210,-2.7751089263769413,-2.2722276569879076,,,,,,EXTREME_SHORT,short,QQQ
2016-05-24,NASDAQ-100 STOCK INDEX (MINI) - CHICAGO MERCANTILE EXCHANGE,209742,221353,55782,38166,66425,61423,54454,72749,10166,11782,24594,27301,NQ,2016-05-27 15:30:00-04:00,-18295,-8.26507885594503,4.530809871571449,3.8461538461538463,-2.025567367786698,5002,2.259738968977154,6.52920606762535,1.282051282051282,-3.982510583675034,17616,7.95832900389875,-12.17349984204025,-1616,-0.7300556125284049,-0.4386915191310191,-2707,-1.2229335044024703,1.552175421974471,2016-06-01,107.54000091552734,108.03999938964844,0.04917074063929116,200.19081031395433,EXTREME_SHORT,short,QQQ
2016-05-31,NASDAQ-100 STOCK INDEX (MINI) - CHICAGO MERCANTILE EXCHANGE,209742,231894,30201,77642,75636,32262,83421,75397,10746,12195,24713,27221,NQ,2016-06-03 15:30:00-04:00,8024,3.4602016438545196,11.725280499799549,16.666666666666664,-0.9243627324669248,43374,18.704235555900542,16.44449658692339,5.128205128205128,-1.85159328083369,-47441,-20.458054110929993,-28.416383114828744,-1449,-0.6248544593650547,0.10520115316335021,-2508,-1.081528629460012,0.14140487494245835,,,,,,UNWINDING_SHORT,short,QQQ
2016-06-07,NASDAQ-100 STOCK INDEX (MINI) - CHICAGO MERCANTILE EXCHANGE,209742,243822,27771,92689,78702,33241,91376,73797,10587,11918,27175,23966,NQ,2016-06-10 15:30:00-04:00,17579,7.20976778141431,3.749566137559791,23.717948717948715,-0.5703176005490208,45461,18.64515917349542,-0.059076382405123695,5.128205128205128,-1.8249917851395958,-64918,-26.625160978090573,-6.16710686716058,-1331,-0.5458900345333891,0.07896442483166555,3209,1.3161240577142341,2.3976526871742463,,,,,,UNWINDING_SHORT,short,QQQ
2016-06-14,NASDAQ-100 STOCK INDEX (MINI) - CHICAGO MERCANTILE EXCHANGE,209742,287606,27825,103139,73388,37533,105619,65213,9993,13096,26521,24365,NQ,2016-06-17 15:30:00-04:00,40406,14.049081034470769,6.839313253056458,51.28205128205128,0.06428646279734802,35855,12.466707926816548,-6.17845124667887,2.564102564102564,-2.498995087201376,-75314,-26.186519057321476,0.438641920769097,-3103,-1.0789065596684353,-0.5330165251350462,2156,0.7496366557025931,-0.566487402011641,,,,,,UNWINDING_SHORT,short,QQQ
2016-06-21,NASDAQ-100 STOCK INDEX (MINI) - CHICAGO MERCANTILE EXCHANGE,209742,218337,20452,101486,75587,35853,82474,42297,9732,11823,23228,20014,NQ,2016-06-24 15:30:00-04:00,40177,18.401370358665734,4.352289324194965,68.58974358974359,0.46795808607247186,39734,18.198473002743466,5.731765075926917,5.769230769230769,-1.7949101469150606,-81034,-37.114185868634266,-10.92766681131279,-2091,-0.9576938402561178,0.12121271941231748,3214,1.4720363474811873,0.7223996917785942,2016-07-01,115.2300033569336,109.38699951171876,0.05521984045063174,214.50611445153433,CONFIRMED_BULLISH,short,QQQ
2016-06-28,NASDAQ-100 STOCK INDEX (MINI) - CHICAGO MERCANTILE EXCHANGE,209742,206056,30567,68276,71497,59577,68346,35234,8566,10276,18510,24123,NQ,2016-07-01 15:30:00-04:00,33112,16.069418022285205,-2.331952336380528,59.61538461538461,0.25611482417929293,11920,5.784835190433668,-12.413637812309798,2.564102564102564,-3.145796941674721,-37709,-18.300364949334163,18.813820919300102,-1710,-0.8298714912450984,0.1278223490110194,-5613,-2.7240167721396125,-4.1960531196207995,2016-07-01,115.2300033569336,109.38699951171876,0.05521984045063174,214.50611445153433,NORMAL,,QQQ
2016-07-05,NASDAQ-100 STOCK INDEX (MINI) - CHICAGO MERCANTILE EXCHANGE,209742,200097,24946,80284,73741,31748,66316,44528,8851,11683,19138,24749,NQ,2016-07-08 15:30:00-04:00,21788,10.88871897129892,-5.180699050986286,39.743589743589745,-0.21676096603137426,41993,20.986321634007506,15.201486443573838,10.897435897435898,-1.388710267337512,-55338,-27.65558704028546,-9.355222090951298,-2832,-1.415313572917135,-0.5854420816720367,-5611,-2.8041399921038295,-0.08012321996421701,,,,,,NORMAL,,QQQ
2016-07-12,NASDAQ-100 STOCK INDEX (MINI) - CHICAGO MERCANTILE EXCHANGE,209742,229036,22966,101237,79328,28610,85627,56127,9713,12238,25011,24433,NQ,2016-07-15 15:30:00-04:00,29500,12.88007125517386,1.9913522838749405,47.43589743589743,-0.026402992308583326,50718,22.14411708203077,1.1577954480232648,11.538461538461538,-1.2442542604065694,-78271,-34.174103634363156,-6.5185165940776955,-2525,-1.102446776925898,0.312866795991237,578,0.2523620740844234,3.0565020661882527,,,,,,NORMAL,,QQQ
2016-07-19,NASDAQ-100 STOCK INDEX (MINI) - CHICAGO MERCANTILE EXCHANGE,209742,252162,20433,128936,76229,27414,110014,54419,10403,11530,26824,21604,NQ,2016-07-22 15:30:00-04:00,55595,22.047334649947256,9.167263394773396,82.05128205128204,0.8301300089544176,48815,19.358586940141656,-2.785530141889115,9.615384615384617,-1.5274132304514194,-108503,-43.029084477439106,-8.85498084307595,-1127,-0.44693490692491333,0.6555118700009848,5220,2.070097794275109,1.8177357201906854,,,,,,NORMAL,,QQQ
2016-07-26,NASDAQ-100 STOCK INDEX (MINI) - CHICAGO MERCANTILE EXCHANGE,209742,273914,19550,147688,86512,26140,122652,59194,10813,10788,26938,22655,NQ,2016-07-29 15:30:00-04:00,63458,23.167125448133355,1.1197907981860986,84.61538461538461,0.9444166734047561,60372,22.040494461765373,2.6819075216237174,12.179487179487179,-1.2177052976819605,-128138,-46.78037632249538,-3.7512918450562722,25,0.009126952255087363,0.4560618591800007,4283,1.563629460341567,-0.5064683339335418,2016-08-01,116.44000244140625,109.6979995727539,0.10139993470416106,216.75858511489238,NORMAL,,QQQ
2016-08-02,NASDAQ-100 STOCK INDEX (MINI) - CHICAGO MERCANTILE EXCHANGE,209742,284511,19855,146696,83276,26552,133656,66703,12230,11742,27343,24667,NQ,2016-08-05 15:30:00-04:00,66953,23.532657788275323,0.3655323401419679,85.25641025641025,0.9913661060045776,56724,19.937366217826376,-2.103128243938997,10.256410256410255,-1.4258850177529014,-126841,-44.58210754592968,2.1982687765656976,488,0.17152236644628854,0.16239541419120118,2676,0.940561173381697,-0.62306828695987,,,,,,NORMAL,,QQQ
2016-08-09,NASDAQ-100 STOCK INDEX (MINI) - CHICAGO MERCANTILE EXCHANGE,209742,289203,18419,146860,85135,26841,136863,70895,11276,12183,29061,23975,NQ,2016-08-12 15:30:00-04:00,65968,22.810275135458483,-0.7223826528168402,83.33333333333334,0.9367479449151223,58294,20.15677569043198,0.21940947260560506,10.897435897435898,-1.3822867730658572,-128441,-44.41205658309215,0.17005096283752863,-907,-0.3136205364398018,-0.48514290288609035,5086,1.7586262936414905,0.8180651202597935,,,,,,NORMAL,,QQQ
2016-08-16,NASDAQ-100 STOCK INDEX (MINI) - CHICAGO MERCANTILE EXCHANGE,209742,296690,18078,144210,87137,26883,139343,74131,11454,14492,32394,28690,NQ,2016-08-19 15:30:00-04:00,65212,21.979844281910413,-0.8304308535480693,82.05128205128204,0.867652928042924,60254,20.30873976204119,0.151964071609207,11.538461538461538,-1.3468074585559218,-126132,-42.5130607705012,1.8989958125909538,-3038,-1.0239644072938083,-0.7103438708540065,3704,1.2484411338434056,-0.5101851597980849,,,,,,NORMAL,,QQQ
2016-08-23,NASDAQ-100 STOCK INDEX (MINI) - CHICAGO MERCANTILE EXCHANGE,209742,297330,19146,150171,86028,27077,141780,71702,11222,13238,30321,26309,NQ,2016-08-26 15:30:00-04:00,70078,23.569098308277,1.5892540263665857,87.17948717948718,1.0298073908994525,58951,19.826791780176908,-0.48194798186428045,10.256410256410255,-1.3788268209379397,-131025,-44.06719806275855,-1.5541372922573515,-2016,-0.6780345071133085,0.34592990018049985,4012,1.349342481417953,0.1009013475745475,2016-09-01,118.72000122070312,110.16800003051758,0.07594711945748739,221.00291094022688,NORMAL,,QQQ
2016-08-30,NASDAQ-100 STOCK INDEX (MINI) - CHICAGO MERCANTILE EXCHANGE,209742,305439,20946,149729,89056,26908,144181,79331,11395,12848,29662,26424,NQ,2016-09-02 15:30:00-04:00,64850,21.231735305576564,-2.3373630027004353,78.84615384615384,0.8146013025510664,62148,20.347106950978755,0.5203151708018474,12.82051282051282,-1.3050028023736242,-128783,-42.163246998582366,1.9039510641761836,-1453,-0.4757087339861642,0.20232577312714428,3238,1.0601134760132138,-0.2892290054047393,,,,,,NORMAL,,QQQ
2016-09-06,NASDAQ-100 STOCK INDEX (MINI) - CHICAGO MERCANTILE EXCHANGE,209742,309012,22099,153316,88498,27040,145982,74003,11098,14178,29280,28420,NQ,2016-09-09 15:30:00-04:00,71979,23.293270164265465,2.0615348586889013,87.17948717948718,1.0259386231059682,61458,19.888548017552715,-0.4585589334260405,10.897435897435898,-1.3352696170550113,-131217,-42.46339947963186,-0.3001524810494942,-3080,-0.99672504627652,-0.5210163122903558,860,0.27830634409019717,-0.7818071319230167,,,,,,NORMAL,,QQQ
2016-09-13,NASDAQ-100 STOCK INDEX (MINI) - CHICAGO MERCANTILE EXCHANGE,209742,321461,32244,115851,65941,26813,118148,75295,12206,14815,29205,24970,NQ,2016-09-16 15:30:00-04:00,42853,13.330699524981258,-9.962570639284207,50.0,0.06347960478502264,39128,12.171927543310074,-7.7166204742426405,3.205128205128205,-2.1170084332977,-83607,-26.008442703780553,16.454956775851308,-2609,-0.8116070067597625,0.18511803951675754,4235,1.317422642248982,1.039116298158785,,,,,,NORMAL,,QQQ
2016-09-20,NASDAQ-100 STOCK INDEX (MINI) - CHICAGO MERCANTILE EXCHANGE,209742,274840,23972,133134,80986,26913,123312,73104,11517,8585,27814,25865,NQ,2016-09-23 15:30:00-04:00,50208,18.268083248435453,4.937383723454195,71.15384615384616,0.5542915841625831,54073,19.67435598893902,7.502428445628945,10.897435897435898,-1.3092135849058772,-109162,-39.71838160384223,-13.70993890006168,2932,1.0668025032746324,1.878409510034395,1949,0.7091398631931306,-0.6082827790558515,,,,,,NORMAL,,QQQ
2016-09-27,NASDAQ-100 STOCK INDEX (MINI) - CHICAGO MERCANTILE EXCHANGE,209742,297206,22205,151872,80836,26812,143483,72794,11067,9506,30278,26885,NQ,2016-09-30 15:30:00-04:00,70689,23.78451309865884,5.516429850223389,91.02564102564102,1.1180839060604675,54024,18.177291171779842,-1.4970648171591776,7.051282051282051,-1.4438775987012227,-129667,-43.628661601717326,-3.9102799978750937,1561,0.5252249281643036,-0.5415775751103289,3393,1.1416324031143381,0.4324925399212075,2016-10-01,116.98999786376953,110.68099975585938,0.0878742502119296,217.7824276696117,EXTREME_LONG,long,QQQ
2016-10-04,NASDAQ-100 STOCK INDEX (MINI) - CHICAGO MERCANTILE EXCHANGE,209742,295870,21422,149660,81349,28993,142225,71431,12326,9254,29157,27141,NQ,2016-10-07 15:30:00-04:00,70794,23.92740054753777,0.1428874488789269,92.3076923076923,1.153507924547219,52356,17.695609558251935,-0.4816816135279076,7.051282051282051,-1.4717993946461267,-128238,-43.342684287017946,0.28597731469938026,3072,1.038293845269882,0.5130689171055784,2016,0.6813803359583601,-0.460252067155978,,,,,,EXTREME_LONG,long,QQQ
2016-10-11,NASDAQ-100 STOCK INDEX (MINI) - CHICAGO MERCANTILE EXCHANGE,209742,297468,20785,150027,69777,29920,147275,69573,7744,8699,41095,28457,NQ,2016-10-14 15:30:00-04:00,77702,26.12112899538774,2.1937284478499706,94.23076923076923,1.3889523578970229,39857,13.398752134683395,-4.2968574235685395,4.487179487179487,-1.8832689891270384,-129242,-43.447362405367976,-0.10467811835003005,-955,-0.3210429357107319,-1.3593367809806138,12638,4.24852421100757,3.56714387504921,,,,,,EXTREME_LONG,long,QQQ
2016-10-18,NASDAQ-100 STOCK INDEX (MINI) - CHICAGO MERCANTILE EXCHANGE,209742,304774,21354,156905,85697,28576,150318,75954,10084,9448,29855,26425,NQ,2016-10-21 15:30:00-04:00,74364,24.399719136146786,-1.7214098592409535,93.58974358974359,1.226873040369258,57121,18.742084298529402,5.343332163846007,10.897435897435898,-1.3154743385970347,-135551,-44.47590673745136,-1.028544332083385,636,0.2086792180435339,0.5297221537542658,3430,1.1254240847316372,-3.123100126275933,,,,,,EXTREME_LONG,long,QQQ
2016-10-25,NASDAQ-100 STOCK INDEX (MINI) - CHICAGO MERCANTILE EXCHANGE,209742,316293,16807,173081,85647,28763,165582,67326,9007,9862,31120,29131,NQ,2016-10-28 15:30:00-04:00,98256,31.06486706945775,6.6651479333109656,98.71794871794873,1.9191735313633673,56884,17.98459023753292,-0.757494060996482,8.333333333333332,-1.3735179133480802,-156274,-49.40798563357394,-4.932078896122576,-855,-0.27031897639214275,-0.47899819443567665,1989,0.6288473029754057,-0.49657678175623154,2016-11-01,117.5,112.01800003051758,0.01969970126647416,218.73182082606166,EXTREME_LONG,long,QQQ
2016-11-01,NASDAQ-100 STOCK INDEX (MINI) - CHICAGO MERCANTILE EXCHANGE,209742,316487,15121,175631,71699,29732,183669,65141,8966,9068,28041,27924,NQ,2016-11-04 15:30:00-04:00,118528,37.45114333290151,6.386276263443758,100.0,2.5649599370731164,41967,13.260260295051614,-4.724329942481306,4.487179487179487,-1.8259573951777368,-160510,-50.7161431591187,-1.3081575255447646,-102,-0.032228811925924285,0.23809016446621847,117,0.03696834309150139,-0.5918789598839043,,,,,,EXTREME_LONG,long,QQQ
2016-11-08,NASDAQ-100 STOCK INDEX (MINI) - CHICAGO MERCANTILE EXCHANGE,209742,299111,13868,157473,65442,32282,172428,64285,8075,8740,26897,23930,NQ,2016-11-11 15:30:00-05:00,108143,36.15480540668849,-1.2963379262130204,99.35897435897436,2.406844349023034,33160,11.086185396056981,-2.1740748989946326,3.205128205128205,-2.0101931926928835,-143605,-48.01060475876849,2.705538400350214,-665,-0.22232549120560594,-0.19009667927968166,2967,0.9919394472286208,0.9549711041371194,,,,,,EXTREME_LONG,long,QQQ
2016-11-15,NASDAQ-100 STOCK INDEX (MINI) - CHICAGO MERCANTILE EXCHANGE,209742,255504,32135,93757,61164,32238,112768,85033,9397,7963,26905,23378,NQ,2016-11-18 15:30:00-05:00,27735,10.85501596843885,-25.29978943824964,39.743589743589745,-0.1557310947590833,28926,11.32115348487695,0.23496808881996856,3.8461538461538463,-1.9505916965825036,-61622,-24.11782203018348,23.892782728585008,1434,0.5612436595904565,0.7835691507960625,3527,1.3804089172772247,0.3884694700486039,,,,,,UNWINDING_LONG,long,QQQ
2016-11-22,NASDAQ-100 STOCK INDEX (MINI) - CHICAGO MERCANTILE EXCHANGE,209742,250586,28811,98714,64142,30882,106962,76065,11993,9599,28799,25447,NQ,2016-11-25 15:30:00-05:00,30897,12.3298987174064,1.4748827489675485,46.15384615384615,0.004903918807243279,33260,13.272888349708284,1.9517348648313337,6.41025641025641,-1.7257013782833495,-69903,-27.895812216165307,-3.777990185981828,2394,0.955360634672328,0.3941169750818715,3352,1.3376645143782973,-0.04274440289892745,2016-12-01,118.4800033569336,113.61600036621094,0.01751976015763047,220.55614353821264,NORMAL,,QQQ
2016-11-29,NASDAQ-100 STOCK INDEX (MINI) - CHICAGO MERCANTILE EXCHANGE,209742,255284,36548,102262,65183,30282,102942,76433,10722,11421,30600,25597,NQ,2016-12-02 15:30:00-05:00,26509,10.384121214020464,-1.9457775033859352,36.53846153846153,-0.18209053885240453,34901,13.671440434966547,0.39855208525826313,7.6923076923076925,-1.6589964561951158,-65714,-25.741527083561838,2.1542851326034693,-699,-0.2738126948809953,-1.2291733295533234,5003,1.9597781294558219,0.6221136150775246,,,,,,UNWINDING_LONG,long,QQQ
2016-12-06,NASDAQ-100 STOCK INDEX (MINI) - CHICAGO MERCANTILE EXCHANGE,209742,254185,59998,85922,53233,35219,82237,74902,10830,8927,31323,32651,NQ,2016-12-09 15:30:00-05:00,7335,2.885693490961308,-7.498427723059156,16.666666666666664,-0.9484199241276341,18014,7.086964218974369,-6.5844762159921775,3.205128205128205,-2.266369886444968,-25924,-10.19887090111533,15.542656182446509,1903,0.7486673092432677,1.022480004124263,-1328,-0.5224541180636151,-2.4822322475194367,,,,,,UNWINDING_LONG,long,QQQ
2016-12-13,NASDAQ-100 STOCK INDEX (MINI) - CHICAGO MERCANTILE EXCHANGE,209742,299000,45584,94260,42607,30989,94389,66663,8816,11708,32951,20727,NQ,2016-12-16 15:30:00-05:00,27726,9.272909698996656,6.3872162080353485,32.05128205128205,-0.27092760722359316,11618,3.88561872909699,-3.2013454898773794,2.564102564102564,-2.5195342473522886,-48676,-16.27959866220736,-6.08072776109203,-2892,-0.9672240802675586,-1.7158913895108263,12224,4.088294314381271,4.610748432444886,,,,,,NORMAL,,QQQ
2016-12-20,NASDAQ-100 STOCK INDEX (MINI) - CHICAGO MERCANTILE EXCHANGE,209742,221956,13037,90738,65306,25109,98732,69314,6532,6637,29481,21290,NQ,2016-12-23 15:30:00-05:00,29418,13.253978265962623,3.9810685669659662,53.205128205128204,0.156556668397425,40197,18.1103461947413,14.22472746564431,13.461538461538462,-1.1290813584953947,-77701,-35.00738885184451,-18.72779018963715,-105,-0.047306673394726884,0.9199174068728317,8191,3.6903710645353134,-0.3979232498459573,,,,,,NORMAL,,QQQ
2016-12-27,NASDAQ-100 STOCK INDEX (MINI) - CHICAGO MERCANTILE EXCHANGE,209742,224401,14720,99297,61460,24362,103202,62576,6394,9111,29355,19785,NQ,2016-12-30 15:30:00-05:00,40626,18.10419739662479,4.850219130662168,74.35897435897436,0.6756529424712402,37098,16.532011889430084,-1.5783343053112162,12.179487179487179,-1.2613401691087172,-84577,-37.69011724546682,-2.6827283936223125,-2717,-1.210778918097513,-1.163472244702786,9570,4.264686877509458,0.5743158129741448,2017-01-01,124.56999969482422,115.15300064086914,0.04927559310958746,231.8929604557519,NORMAL,,QQQ
2017-01-03,NASDAQ-100 STOCK INDEX (MINI) - CHICAGO MERCANTILE EXCHANGE,209742,229623,21615,93188,61153,27166,98112,65104,9662,13268,28818,20634,NQ,2017-01-06 15:30:00-05:00,33008,14.374866629213972,-3.7293307674108185,57.692307692307686,0.28503034642471275,33987,14.801217648057904,-1.7307942413721804,9.615384615384617,-1.4055127310729112,-71573,-31.169786998689155,6.520330246777668,-3606,-1.5704001776825491,-0.3596212595850361,8184,3.564102899099829,-0.7005839784096293,,,,,,NORMAL,,QQQ
2017-01-10,NASDAQ-100 STOCK INDEX (MINI) - CHICAGO MERCANTILE EXCHANGE,209742,222116,22653,83651,63184,26774,89501,66707,9086,9393,28928,26827,NQ,2017-01-13 15:30:00-05:00,22794,10.262205334149723,-4.11266129506425,37.82051282051282,-0.1492200401716791,36410,16.392335536386394,1.5911178883284904,12.179487179487179,-1.2384800809356726,-60998,-27.46222694447946,3.7075600542096936,-307,-0.13821606728015992,1.4321841104023891,2101,0.9459021412235048,-2.6182007578763242,,,,,,NORMAL,,QQQ
2017-01-17,NASDAQ-100 STOCK INDEX (MINI) - CHICAGO MERCANTILE EXCHANGE,209742,225374,22208,87178,63936,26896,93345,66379,8338,10226,29075,26223,NQ,2017-01-20 15:30:00-05:00,26966,11.965000399336214,1.702795065186491,48.07692307692308,0.03434356133448923,37040,16.43490375997231,0.04256822358591705,13.461538461538462,-1.2181059708915951,-64970,-28.827637615696574,-1.3654106712171128,-1888,-0.8377186365774224,-0.6995025692972625,2852,1.2654520929654707,0.3195499517419659,,,,,,NORMAL,,QQQ
2017-01-24,NASDAQ-100 STOCK INDEX (MINI) - CHICAGO MERCANTILE EXCHANGE,209742,223472,26594,83614,58785,28124,92748,62749,6837,9399,28881,29959,NQ,2017-01-27 15:30:00-05:00,29999,13.424053125223741,1.4590527258875277,55.769230769230774,0.1978992563526118,30661,13.720287105319683,-2.7146166546526285,9.615384615384617,-1.4523556762151275,-57020,-25.515500823369372,3.312136792327202,-2562,-1.1464523519725067,-0.3087337153950843,-1078,-0.4823870552015465,-1.7478391481670172,2017-02-01,130.02000427246094,117.58300094604492,0.11137709758627708,242.03840236874638,NORMAL,,QQQ
2017-01-31,NASDAQ-100 STOCK INDEX (MINI) - CHICAGO MERCANTILE EXCHANGE,209742,237584,26274,97519,64615,27644,101645,66475,6899,10884,29219,26130,NQ,2017-02-03 15:30:00-05:00,35170,14.803185399690214,1.379132274466473,62.82051282051282,0.3535703879963297,36971,15.561233079668664,1.8409459743489816,11.538461538461538,-1.2623535984675156,-71245,-29.98728870631019,-4.471787882940816,-3985,-1.677301501784632,-0.5308491498121253,3089,1.3001717287359418,1.7825587839374883,,,,,,NORMAL,,QQQ
2017-02-07,NASDAQ-100 STOCK INDEX (MINI) - CHICAGO MERCANTILE EXCHANGE,209742,231695,30452,82826,60498,25805,93449,73569,9080,10863,28787,29203,NQ,2017-02-10 15:30:00-05:00,19880,8.580245581475646,-6.222939818214568,29.48717948717949,-0.3086338026913509,34693,14.973564384212002,-0.5876686954566619,10.897435897435898,-1.2991676245255297,-52374,-22.60471740866225,7.382571297647939,-1783,-0.7695461706122273,0.9077553311724047,-416,-0.1795463864131725,-1.4797181151491143,,,,,,NORMAL,,QQQ
2017-02-14,NASDAQ-100 STOCK INDEX (MINI) - CHICAGO MERCANTILE EXCHANGE,209742,228852,30119,76028,59236,25527,92128,74777,9127,10938,28744,32084,NQ,2017-02-17 15:30:00-05:00,17351,7.58175589463933,-0.998489686836316,26.282051282051285,-0.4103484255138388,33709,14.729606907521019,-0.24395747669098355,10.256410256410255,-1.3041846316971792,-45909,-20.06056315872267,2.544154249939581,-1811,-0.7913411287644416,-0.021794958152214328,-3340,-1.4594585146732386,-1.279912128260066,,,,,,NORMAL,,QQQ
2017-02-21,NASDAQ-100 STOCK INDEX (MINI) - CHICAGO MERCANTILE EXCHANGE,209742,234577,32046,66580,55524,25608,97544,78518,8813,19771,29599,33049,NQ,2017-02-24 15:30:00-05:00,19026,8.110769598042435,0.5290137034031046,28.205128205128204,-0.3459480303469412,29916,12.753168469202011,-1.9764384383190077,7.051282051282051,-1.466368006302889,-34534,-14.721818422095943,5.338744736626726,-10958,-4.671387220400977,-3.880046091636535,-3450,-1.4707324247475242,-0.011273910074285576,2017-03-01,132.3800048828125,119.78700180053711,0.1266383394281915,246.43165539557882,NORMAL,,QQQ
2017-02-28,NASDAQ-100 STOCK INDEX (MINI) - CHICAGO MERCANTILE EXCHANGE,209742,239259,31592,68917,48140,26626,106013,79628,8143,18568,30786,30935,NQ,2017-03-03 15:30:00-05:00,26385,11.027798327335649,2.9170287292932144,46.15384615384615,-0.021821652360766462,21514,8.991929248220547,-3.761239220981464,4.487179487179487,-1.7854810372434893,-37325,-15.600249102437107,-0.8784306803411646,-10425,-4.3572028638421125,0.31418435655886423,-149,-0.06227560927697599,1.4084568154705481,,,,,,NORMAL,,QQQ
2017-03-07,NASDAQ-100 STOCK INDEX (MINI) - CHICAGO MERCANTILE EXCHANGE,209742,234280,31762,50465,39969,28964,98974,80823,9741,20307,30794,30681,NQ,2017-03-10 15:30:00-05:00,18151,7.747567013829606,-3.280231313506043,28.205128205128204,-0.37037251916579067,11005,4.697370667577258,-4.294558580643289,3.205128205128205,-2.140799984351316,-18703,-7.983182516646748,7.61706658579036,-10566,-4.509988048488988,-0.1527851846468753,113,0.04823288372887143,0.11050849300584742,,,,,,NORMAL,,QQQ
2017-03-14,NASDAQ-100 STOCK INDEX (MINI) - CHICAGO MERCANTILE EXCHANGE,209742,304608,36636,44850,42813,31569,92449,89066,10544,18946,37896,35907,NQ,2017-03-17 15:30:00-04:00,3383,1.110607731904612,-6.6369592819249945,14.743589743589745,-1.0860181801431126,11244,3.691301607311692,-1.0060690602655655,2.564102564102564,-2.185377411466673,-8214,-2.6965805231641977,5.2866019934825506,-8402,-2.7582991910915013,1.7516888573974865,1989,0.6529703750393949,0.6047374913105235,,,,,,NORMAL,,QQQ
2017-03-21,NASDAQ-100 STOCK INDEX (MINI) - CHICAGO MERCANTILE EXCHANGE,209742,238636,12593,75734,74356,27678,93849,76179,10248,16610,32351,27196,NQ,2017-03-24 15:30:00-04:00,17670,7.404582711745085,6.293974979840472,26.282051282051285,-0.38754739879659916,46678,19.560334568128866,15.869032960817174,26.923076923076923,-0.7503761038816856,-63141,-26.459126032953954,-23.762545509789756,-6362,-2.6659850148343085,0.09231417625719285,5155,2.160193767914313,1.5072233928749181,,,,,,NORMAL,,QQQ
2017-03-28,NASDAQ-100 STOCK INDEX (MINI) - CHICAGO MERCANTILE EXCHANGE,209742,239468,12945,82534,77676,23589,99805,75754,7631,18530,31567,29217,NQ,2017-03-31 15:30:00-04:00,24051,10.043513120750998,2.638930409005913,41.66666666666667,-0.09306460872202198,54087,22.586316334541568,3.025981766412702,35.256410256410255,-0.4741587863027554,-69589,-29.059832628994272,-2.600706596040318,-10899,-4.551338801008903,-1.8853537861745946,2350,0.9813419747106085,-1.1788517932037046,2017-04-01,135.99000549316406,122.63200225830079,0.14778867015626027,253.15184268651834,NORMAL,,QQQ
2017-04-04,NASDAQ-100 STOCK INDEX (MINI) - CHICAGO MERCANTILE EXCHANGE,209742,242137,13112,84839,70449,27192,105511,72156,11016,14905,30284,31280,NQ,2017-04-07 15:30:00-04:00,33355,13.775259460553324,3.731746339802326,62.82051282051282,0.32022893371092953,43257,17.864679912611457,-4.721636421930111,20.51282051282051,-0.8817379957608944,-71727,-29.62248644362489,-0.5626538146306181,-3889,-1.6061155461577536,2.9452232548511494,-996,-0.4113373833821349,-1.3926793580927432,,,,,,NORMAL,,QQQ
2017-04-11,NASDAQ-100 STOCK INDEX (MINI) - CHICAGO MERCANTILE EXCHANGE,209742,248870,18437,96051,71898,26623,109079,71668,10293,14823,30802,31344,NQ,2017-04-14 15:30:00-04:00,37411,15.032346204845904,1.2570867442925806,69.23076923076923,0.45230341673243646,45275,18.192228874512796,0.3275489619013392,23.076923076923077,-0.8416676029549348,-77614,-31.18656326596215,-1.5640768223372596,-4530,-1.8202274279744446,-0.21411188181669094,-542,-0.21778438542210793,0.19355299796002695,,,,,,NORMAL,,QQQ
2017-04-18,NASDAQ-100 STOCK INDEX (MINI) - CHICAGO MERCANTILE EXCHANGE,209742,255345,18823,103342,67303,28412,119978,69046,9314,14399,30829,31048,NQ,2017-04-21 15:30:00-04:00,50932,19.94634709902289,4.914000894176986,86.53846153846155,0.9838248537673486,38891,15.230766218253736,-2.9614626562590605,14.743589743589745,-1.092216574860726,-84519,-33.099923632732185,-1.9133603667700356,-5085,-1.991423368383951,-0.17119594040950648,-219,-0.08576631616048876,0.1320180692616192,,,,,,NORMAL,,QQQ
2017-04-25,NASDAQ-100 STOCK INDEX (MINI) - CHICAGO MERCANTILE EXCHANGE,209742,274869,17218,114112,71824,25277,135684,74826,8408,17964,32055,33010,NQ,2017-04-28 15:30:00-04:00,60858,22.140728856291542,2.1943817572686513,91.66666666666666,1.2109795724356314,46547,16.934248678461376,1.7034824602076402,20.51282051282051,-0.9288980452747003,-96894,-35.25097410038964,-2.1510504676574556,-9556,-3.4765652001498895,-1.4851418317659384,-955,-0.34743823421338893,-0.2616719180529002,2017-05-01,141.2899932861328,125.23800125122071,0.13422167160849158,263.01802124236474,EXTREME_LONG,long,QQQ
2017-05-02,NASDAQ-100 STOCK INDEX (MINI) - CHICAGO MERCANTILE EXCHANGE,209742,272977,20339,106876,72766,26190,125468,75850,7942,15967,33001,34633,NQ,2017-05-05 15:30:00-04:00,49618,18.176622938928922,-3.9641059173626196,79.48717948717949,0.7632738012333738,46576,17.062243339182423,0.12799466072104693,21.153846153846153,-0.9080857961955083,-86537,-31.70120559607586,3.549768504313782,-8025,-2.9398081157020557,0.5367570844478338,-1632,-0.5978525663334273,-0.2504143321200384,,,,,,UNWINDING_LONG,long,QQQ
2017-05-09,NASDAQ-100 STOCK INDEX (MINI) - CHICAGO MERCANTILE EXCHANGE,209742,269319,23588,110521,73687,25152,121642,71766,8503,17358,31763,34386,NQ,2017-05-12 15:30:00-04:00,49876,18.519302388617216,0.3426794496882941,82.6923076923077,0.7910334474961168,48535,18.02137985066037,0.9591365114779471,23.717948717948715,-0.8162040404474661,-86933,-32.27882176898028,-0.5776161729044205,-8855,-3.287922500826158,-0.3481143851241022,-2623,-0.9739379694711476,-0.3760854031377203,,,,,,NORMAL,,QQQ
2017-05-16,NASDAQ-100 STOCK INDEX (MINI) - CHICAGO MERCANTILE EXCHANGE,209742,269961,29927,97769,71672,24797,114117,80055,9161,18907,32680,36029,NQ,2017-05-19 15:30:00-04:00,34062,12.617378065720604,-5.901924322896612,51.28205128205128,0.13646124193243198,46875,17.363619189438474,-0.6577606612218965,21.794871794871796,-0.8668112604878052,-67842,-25.130296598397546,7.148525170582733,-9746,-3.6101510958990373,-0.3222285950728794,-3349,-1.240549560862495,-0.2666115913913474,,,,,,UNWINDING_LONG,long,QQQ
2017-05-23,NASDAQ-100 STOCK INDEX (MINI) - CHICAGO MERCANTILE EXCHANGE,209742,270209,34808,99531,64572,23749,113891,81120,9187,15481,32135,34712,NQ,2017-05-26 15:30:00-04:00,32771,12.128019422002968,-0.4893586437176367,50.0,0.07282124266943435,40823,15.10793496885744,-2.255684220581033,14.743589743589745,-1.055125660338614,-64723,-23.952940131527818,1.1773564668697283,-6294,-2.3293080541358724,1.2808430417631649,-2577,-0.9537062051967181,0.2868433556657769,2017-06-01,137.63999938964844,127.35800094604492,0.05860632877091409,256.2233845531559,UNWINDING_LONG,long,QQQ
2017-05-30,NASDAQ-100 STOCK INDEX (MINI) - CHICAGO MERCANTILE EXCHANGE,209742,275501,30733,103405,65056,23815,122517,81995,8332,16436,35038,36025,NQ,2017-06-02 15:30:00-04:00,40522,14.708476557253876,2.5804571352509083,64.1025641025641,0.3516555715781097,41241,14.969455646258996,-0.1384793225984442,14.102564102564102,-1.0546023157431084,-72672,-26.37812566923532,-2.4251855377075024,-8104,-2.941550121415167,-0.6122420672792948,-987,-0.35825641286238524,0.5954497923343329,,,,,,NORMAL,,QQQ
2017-06-06,NASDAQ-100 STOCK INDEX (MINI) - CHICAGO MERCANTILE EXCHANGE,209742,316206,27349,124511,76601,30384,138828,86888,13677,17056,36578,34194,NQ,2017-06-09 15:30:00-04:00,51940,16.426000771648862,1.7175242143949863,70.51282051282051,0.5353063144726323,46217,14.61610469124558,-0.3533509550134166,12.82051282051282,-1.073068507475218,-97162,-30.727437177030165,-4.3493115077948445,-3379,-1.0686071738044187,1.8729429476107484,2384,0.7539388879401403,1.1121953008025256,,,,,,NORMAL,,QQQ
2017-06-13,NASDAQ-100 STOCK INDEX (MINI) - CHICAGO MERCANTILE EXCHANGE,209742,448235,27921,113752,65493,30545,138125,94798,20932,16608,38638,35406,NQ,2017-06-16 15:30:00-04:00,43327,9.66613495153212,-6.759865820116742,34.61538461538461,-0.21587586895887437,34948,7.796803016274945,-6.819301674970635,5.769230769230769,-1.6479644461757161,-85831,-19.14866085870135,11.578776318328813,4324,0.9646725489977356,2.0332797228021544,3232,0.7210503418965498,-0.03288854604359048,,,,,,NORMAL,,QQQ
2017-06-20,NASDAQ-100 STOCK INDEX (MINI) - CHICAGO MERCANTILE EXCHANGE,209742,284706,6848,113503,91270,32348,120713,76102,10952,15657,37279,29452,NQ,2017-06-23 15:30:00-04:00,44611,15.669146417708092,6.0030114661759715,68.58974358974359,0.4451579129627986,58922,20.695735249696178,12.898932233421233,39.743589743589745,-0.5234445918278973,-106655,-37.46145146221014,-18.31279060350879,-4705,-1.652581961742991,-2.6172545107407266,7827,2.749151756548861,2.028101414652311,,,,,,NORMAL,,QQQ
2017-06-27,NASDAQ-100 STOCK INDEX (MINI) - CHICAGO MERCANTILE EXCHANGE,209742,285882,15194,97146,82864,35429,124445,85312,10444,17110,36054,34004,NQ,2017-06-30 15:30:00-04:00,39133,13.688514841787871,-1.9806315759202207,57.05128205128205,0.22484132026602427,47435,16.592510196514645,-4.103225053181532,23.076923076923077,-0.8664512580986085,-81952,-28.666372839143424,8.795078623066718,-6666,-2.3317312737423133,-0.6791493119993222,2050,0.7170790745832196,-2.032072681965641,2017-07-01,143.22999572753906,129.80900039672852,0.08196094912015875,266.62942776505236,NORMAL,,QQQ
2017-07-03,NASDAQ-100 STOCK INDEX (MINI) - CHICAGO MERCANTILE EXCHANGE,209742,292139,36742,94105,75628,39305,116522,90304,11248,18542,35876,33760,NQ,2017-07-06 15:30:00-04:00,26218,8.974495017782631,-4.71401982400524,27.564102564102566,-0.2978699465003799,36323,12.433464891712507,-4.159045304802138,8.974358974358974,-1.2138418875210493,-57363,-19.635515970137504,9.03085686900592,-7294,-2.496756680895053,-0.16502540715273994,2116,0.7243127415374189,0.007233666954199247,,,,,,NORMAL,,QQQ
2017-07-11,NASDAQ-100 STOCK INDEX (MINI) - CHICAGO MERCANTILE EXCHANGE,209742,279925,45344,84945,72486,40107,105054,84505,9498,16901,31936,37860,NQ,2017-07-14 15:30:00-04:00,20549,7.340894882557828,-1.6336001352248033,21.153846153846153,-0.47812237059985524,32379,11.56702688220059,-0.8664380095119171,8.333333333333332,-1.275027435713724,-39601,-14.147003661695097,5.488512308442408,-7403,-2.6446369563275876,-0.14788027543253435,-5924,-2.1162811467357328,-2.8405938882731516,,,,,,NORMAL,,QQQ
2017-07-18,NASDAQ-100 STOCK INDEX (MINI) - CHICAGO MERCANTILE EXCHANGE,209742,283514,35716,83288,73798,40864,116343,85632,9151,18348,32058,38934,NQ,2017-07-21 15:30:00-04:00,30711,10.832269305924928,3.4913744233671,39.743589743589745,-0.09317293812016965,32934,11.616357569643828,0.049330687443237764,8.974358974358974,-1.2575425016949182,-47572,-16.779418300330846,-2.6324146386357494,-9197,-3.243931516609409,-0.5992945602818214,-6876,-2.425277058628498,-0.3089959118927652,,,,,,NORMAL,,QQQ
2017-07-25,NASDAQ-100 STOCK INDEX (MINI) - CHICAGO MERCANTILE EXCHANGE,209742,290215,40575,93249,66449,42521,125418,80400,8875,18445,32679,39381,NQ,2017-07-28 15:30:00-04:00,45018,15.511948038523164,4.679678732598235,67.3076923076923,0.4228994621303066,23928,8.244921868270076,-3.371435701373752,6.41025641025641,-1.5375608765812248,-52674,-18.14999224712713,-1.3705739467962843,-9570,-3.2975552607549576,-0.05362374414554871,-6702,-2.309322398911152,0.11595465971734598,2017-08-01,146.1999969482422,132.7300003051758,0.07507898406248215,272.15822584896745,NORMAL,,QQQ
2017-08-01,NASDAQ-100 STOCK INDEX (MINI) - CHICAGO MERCANTILE EXCHANGE,209742,292801,46047,91155,63364,39471,122180,88272,9193,16191,34299,39994,NQ,2017-08-04 15:30:00-04:00,33908,11.580561541798012,-3.9313864967251515,44.871794871794876,-0.013756967658984017,23893,8.160149726264596,-0.08477214200548033,6.41025641025641,-1.5266369812722966,-45108,-15.405685089873327,2.744307157253804,-6998,-2.3900191597706293,0.9075361009843284,-5695,-1.945007018418653,0.364315380492499,,,,,,NORMAL,,QQQ
2017-08-08,NASDAQ-100 STOCK INDEX (MINI) - CHICAGO MERCANTILE EXCHANGE,209742,299774,54914,87037,62604,40532,119882,91334,9867,19349,30972,39987,NQ,2017-08-11 15:30:00-04:00,28548,9.523174124507129,-2.057387417290883,31.41025641025641,-0.24039420955000185,22072,7.362880036294008,-0.7972696899705873,5.769230769230769,-1.5763254585873931,-32123,-10.715739190189943,4.689945899683384,-9482,-3.163049497287957,-0.7730303375173277,-9015,-3.007265473323237,-1.062258454904584,,,,,,NORMAL,,QQQ
2017-08-15,NASDAQ-100 STOCK INDEX (MINI) - CHICAGO MERCANTILE EXCHANGE,209742,302526,59680,78285,60561,41905,120990,95926,8779,22240,32484,44138,NQ,2017-08-18 15:30:00-04:00,25064,8.284907743466677,-1.238266381040452,25.64102564102564,-0.3743583111611609,18656,6.166742693190007,-1.1961373431040014,5.128205128205128,-1.657212554740199,-18605,-6.1498846380145835,4.5658545521753595,-13461,-4.449534916007219,-1.2864854187192623,-11654,-3.852230882634881,-0.8449654093116439,,,,,,NORMAL,,QQQ
2017-08-22,NASDAQ-100 STOCK INDEX (MINI) - CHICAGO MERCANTILE EXCHANGE,209742,293728,72066,69157,56667,45602,98786,97366,12033,21378,34190,40239,NQ,2017-08-25 15:30:00-04:00,1420,0.48344046192395684,-7.80146728154272,12.82051282051282,-1.2350544232659415,11065,3.7670906416821004,-2.3996520515079065,3.205128205128205,-1.8394092397252744,2909,0.9903720448850637,7.140256682899647,-9345,-3.1815148709009695,1.2680200451062498,-6049,-2.0593882775901515,1.7928426050447293,2017-09-01,145.4499969482422,135.525,0.02944301691404827,270.7620652905032,NORMAL,,QQQ
2017-08-29,NASDAQ-100 STOCK INDEX (MINI) - CHICAGO MERCANTILE EXCHANGE,209742,290894,83178,62375,52341,46107,95658,102011,9506,22157,33108,41141,NQ,2017-09-01 15:30:00-04:00,-6353,-2.1839570427715937,-2.6673975046955505,9.615384615384617,-1.5152976129405789,6234,2.1430486706497898,-1.6240419710323106,1.282051282051282,-1.9468406319299036,20803,7.151402228990629,6.161030184105566,-12651,-4.34900685473059,-1.16749198382962,-8033,-2.761487002138236,-0.7020987245480845,2017-09-01,145.4499969482422,135.525,0.02944301691404827,270.7620652905032,EXTREME_SHORT,short,QQQ
2017-09-05,NASDAQ-100 STOCK INDEX (MINI) - CHICAGO MERCANTILE EXCHANGE,209742,281453,78342,64221,52086,42308,88428,94263,11869,20351,32158,41740,NQ,2017-09-08 15:30:00-04:00,-5835,-2.073170298415721,0.11078674435587255,10.256410256410255,-1.4847042039252407,9778,3.4741146834462593,1.3310660127964695,3.205128205128205,-1.7980566209713933,14121,5.0171787118986115,-2.1342235170920176,-8482,-3.0136470387595797,1.3353598159710098,-9582,-3.40447605816957,-0.6429890560313338,,,,,,UNWINDING_SHORT,short,QQQ
2017-09-12,NASDAQ-100 STOCK INDEX (MINI) - CHICAGO MERCANTILE EXCHANGE,209742,357762,87126,71479,52176,53334,91065,89742,12895,19573,34433,43567,NQ,2017-09-15 15:30:00-04:00,1323,0.36979891659818537,2.4429692150139064,14.102564102564102,-1.201425186311498,-1158,-0.32367887031042986,-3.797793553756689,0.641025641025641,-2.089492928874586,15647,4.373577965239461,-0.6436007466591507,-6678,-1.8666040552098881,1.1470429835496916,-9134,-2.5530939563173285,0.8513821018522414,,,,,,UNWINDING_SHORT,short,QQQ
2017-09-19,NASDAQ-100 STOCK INDEX (MINI) - CHICAGO MERCANTILE EXCHANGE,209742,264612,47396,76043,75022,54559,85575,63964,6958,16715,31488,35158,NQ,2017-09-22 15:30:00-04:00,21611,8.167052136713377,7.797253220115191,26.923076923076923,-0.35136668298717194,20463,7.733209378259489,8.05688824856992,9.615384615384617,-1.374237844786987,-28647,-10.826039635390686,-15.199617600630146,-9757,-3.687285535047541,-1.820681479837653,-3670,-1.3869363445346394,1.166157611782689,,,,,,UNWINDING_SHORT,short,QQQ
2017-09-26,NASDAQ-100 STOCK INDEX (MINI) - CHICAGO MERCANTILE EXCHANGE,209742,267660,58323,68677,69877,56854,80790,73618,7935,14307,33083,36552,NQ,2017-09-29 15:30:00-04:00,7172,2.6795187924979453,-5.487533344215431,17.94871794871795,-0.9364895668081039,13023,4.865501008742434,-2.8677083695170547,7.051282051282051,-1.5970973433285238,-10354,-3.8683404318912054,6.95769920349948,-6372,-2.3806321452589105,1.3066533897886305,-3469,-1.2960472240902638,0.09088912044437558,2017-10-01,152.14999389648438,138.8919990539551,0.1054198966229231,283.2344272651251,NORMAL,,QQQ
2017-10-03,NASDAQ-100 STOCK INDEX (MINI) - CHICAGO MERCANTILE EXCHANGE,209742,269830,64395,69721,67964,53116,80419,77417,7196,16017,32509,36212,NQ,2017-10-06 15:30:00-04:00,3002,1.1125523477745247,-1.5669664447234206,16.666666666666664,-1.0936242284312752,14848,5.502723937293852,0.6372229285514175,7.6923076923076925,-1.5217437780011656,-5326,-1.9738353778304858,1.8945050540607196,-8821,-3.2690953563354705,-0.88846321107656,-3703,-1.37234555090242,-0.0762983268121562,,,,,,NORMAL,,QQQ
2017-10-10,NASDAQ-100 STOCK INDEX (MINI) - CHICAGO MERCANTILE EXCHANGE,209742,282136,65454,75513,68391,55545,88538,76768,7839,17145,33277,38528,NQ,2017-10-13 15:30:00-04:00,11770,4.171746958913432,3.0591946111389072,20.51282051282051,-0.7494092576926207,12846,4.553123316414779,-0.9496006208790728,6.41025641025641,-1.579216550678641,-10059,-3.5653018402472565,-1.5914664624167707,-9306,-3.298409277795106,-0.029313921459635406,-5251,-1.861159157285848,-0.48881360638342786,,,,,,NORMAL,,QQQ
2017-10-17,NASDAQ-100 STOCK INDEX (MINI) - CHICAGO MERCANTILE EXCHANGE,209742,278487,62722,71545,68536,57475,87623,71317,7211,18843,33330,40242,NQ,2017-10-20 15:30:00-04:00,16306,5.855210476611116,1.6834635176976844,22.435897435897438,-0.5576532249352933,11061,3.9718191513427916,-0.5813041650719875,6.41025641025641,-1.6050264206781066,-8823,-3.1681909748031325,0.397110865444124,-11632,-4.176855652148934,-0.8784463743538278,-6912,-2.481983001001842,-0.6208238437159943,,,,,,NORMAL,,QQQ
2017-10-24,NASDAQ-100 STOCK INDEX (MINI) - CHICAGO MERCANTILE EXCHANGE,209742,279448,57235,74389,63043,52212,91957,72781,7355,18221,36367,38354,NQ,2017-10-27 15:30:00-04:00,19176,6.862099567719218,1.0068890911081017,23.076923076923077,-0.4458389783157283,10831,3.875855257507658,-0.0959638938351337,5.769230769230769,-1.5902095412655575,-17154,-6.138530245340815,-2.970339270537682,-10866,-3.888379949042398,0.2884757031065357,-1987,-0.7110446308436632,1.770938370158179,2017-11-01,155.14999389648438,141.9499984741211,0.08322277822042436,288.81906949898195,NORMAL,,QQQ
2017-10-31,NASDAQ-100 STOCK INDEX (MINI) - CHICAGO MERCANTILE EXCHANGE,209742,271964,47588,75294,64747,50431,89222,63226,7320,17530,35389,37785,NQ,2017-11-03 15:30:00-04:00,25996,9.558618052389287,2.6965184846700687,36.53846153846153,-0.15237466549512974,14316,5.263931990998809,1.3880767334911508,9.615384615384617,-1.4531781354996502,-27706,-10.187377741171625,-4.0488474958308105,-10210,-3.754173346472327,0.134206602570071,-2396,-0.8809989557441426,-0.16995432490047935,,,,,,NORMAL,,QQQ
2017-11-07,NASDAQ-100 STOCK INDEX (MINI) - CHICAGO MERCANTILE EXCHANGE,209742,275700,51376,76477,61575,49432,88170,60409,7830,18392,34252,38493,NQ,2017-11-10 15:30:00-05:00,27761,10.069278200943055,0.5106601485537681,39.743589743589745,-0.09411174502199503,12143,4.404425099746101,-0.8595068912527077,7.6923076923076925,-1.5049719873619996,-25101,-9.104461371055494,1.0829163701161306,-10562,-3.830975698222706,-0.07680235175037886,-4241,-1.5382662314109539,-0.6572672756668113,,,,,,NORMAL,,QQQ
2017-11-14,NASDAQ-100 STOCK INDEX (MINI) - CHICAGO MERCANTILE EXCHANGE,209742,286304,55416,70851,60467,47961,95589,73785,6745,21112,34597,39105,NQ,2017-11-17 15:30:00-05:00,21804,7.615681233933162,-2.4535969670098927,28.205128205128204,-0.35468410681434354,12506,4.368084274058344,-0.03634082568775732,7.6923076923076925,-1.489078784552669,-15435,-5.391122722700347,3.7133386483551476,-14367,-5.018092656756455,-1.1871169585337489,-4508,-1.5745501285347043,-0.036283897123750464,,,,,,NORMAL,,QQQ
2017-11-21,NASDAQ-100 STOCK INDEX (MINI) - CHICAGO MERCANTILE EXCHANGE,209742,294625,59771,80552,71081,55849,86668,63891,7516,22640,35671,37775,NQ,2017-11-24 15:30:00-05:00,22777,7.7308442935935515,0.11516305966038942,28.846153846153843,-0.3369085994036745,15232,5.169961815867628,0.8018775418092847,10.897435897435898,-1.4047685245834949,-20781,-7.05337293169283,-1.662250208992483,-15124,-5.133305048790835,-0.1152123920343806,-2104,-0.7141281289775138,0.8604219995571906,2017-12-01,155.75999450683594,144.52399749755858,0.06538986154683837,289.9546145560646,NORMAL,,QQQ
2017-11-28,NASDAQ-100 STOCK INDEX (MINI) - CHICAGO MERCANTILE EXCHANGE,209742,294553,64965,74758,71439,58335,88029,70402,6999,25275,35183,37845,NQ,2017-12-01 15:30:00-05:00,17627,5.984322006565881,-1.7465222870276707,23.076923076923077,-0.5207177316262901,13104,4.448774923358445,-0.7211868925091833,8.974358974358974,-1.4475942135075819,-9793,-3.3246987808645643,3.7286741508282657,-18276,-6.204655868383618,-1.0713508195927828,-2662,-0.9037422806761432,-0.18961415169862939,2017-12-01,155.75999450683594,144.52399749755858,0.06538986154683837,289.9546145560646,NORMAL,,QQQ
2017-12-05,NASDAQ-100 STOCK INDEX (MINI) - CHICAGO MERCANTILE EXCHANGE,209742,304281,60722,68859,74458,62377,92868,87408,8537,21333,39760,36368,NQ,2017-12-08 15:30:00-05:00,5460,1.7943939976534848,-4.189928008912396,18.58974358974359,-0.968840644966036,12081,3.9703432025003202,-0.4784317208581248,7.051282051282051,-1.4698190368680384,-8137,-2.6741728862465943,0.65052589461797,-12796,-4.205323368859705,1.9993324995239128,3392,1.1147590549524946,2.018501335628638,,,,,,NORMAL,,QQQ
2017-12-12,NASDAQ-100 STOCK INDEX (MINI) - CHICAGO MERCANTILE EXCHANGE,209742,362049,68844,66763,67670,63181,81098,77383,8611,20182,40684,39398,NQ,2017-12-15 15:30:00-05:00,3715,1.0261042013650086,-0.7682897962884763,16.025641025641026,-1.040628793164893,4489,1.2398874185538422,-2.730455783946478,1.282051282051282,-1.677843033581784,2081,0.5747840761885822,3.2489569624351766,-11571,-3.195976235260973,1.0093471335987325,1286,0.35520053915354,-0.7595585157989546,,,,,,NORMAL,,QQQ
2017-12-19,NASDAQ-100 STOCK INDEX (MINI) - CHICAGO MERCANTILE EXCHANGE,209742,275883,39508,52148,102865,60065,79423,102134,7259,18105,34280,30883,NQ,2017-12-22 15:30:00-05:00,-22711,-8.23211288843459,-9.258217089799599,4.487179487179487,-2.0260650554116535,42800,15.51382288868832,14.273935470134479,33.33333333333333,-0.47622801585540536,-12640,-4.581652367126645,-5.1564364433152265,-10846,-3.931376706792372,-0.7354004715313991,3397,1.2313190736652857,0.8761185345117457,,,,,,EXTREME_SHORT,short,QQQ
2017-12-26,NASDAQ-100 STOCK INDEX (MINI) - CHICAGO MERCANTILE EXCHANGE,209742,287695,53870,49757,90751,60561,82771,117039,9266,16139,37177,30339,NQ,2017-12-29 15:30:00-05:00,-34268,-11.911225429708546,-3.6791125412739554,1.282051282051282,-2.3817576369880915,30190,10.493752063817585,-5.020070824870736,20.51282051282051,-0.8831180130216161,4113,1.4296390274422566,6.011291394568901,-6873,-2.3889883383444275,1.5423883684479445,6838,2.3768226767931315,1.1455036031278458,2018-01-01,169.39999389648438,148.2259963989258,0.1646613781419652,315.3461201098022,EXTREME_SHORT,short,QQQ
2018-01-02,NASDAQ-100 STOCK INDEX (MINI) - CHICAGO MERCANTILE EXCHANGE,209742,276944,49341,50827,78236,55400,88400,106241,10158,14999,34478,33146,NQ,2018-01-05 15:30:00-05:00,-17841,-6.442096597145993,5.469128832562553,6.41025641025641,-1.7558618313932444,22836,8.245710324108845,-2.2480417397087393,19.871794871794872,-1.0604705337969986,-1486,-0.5365705702235831,-1.9662095976658396,-4841,-1.7480068172626957,0.6409815210817318,1332,0.4809636605234271,-1.8958590162697044,,,,,,EXTREME_SHORT,short,QQQ
2018-01-09,NASDAQ-100 STOCK INDEX (MINI) - CHICAGO MERCANTILE EXCHANGE,209742,259301,44358,50041,80279,55994,75578,86872,8423,15202,35003,35532,NQ,2018-01-12 15:30:00-05:00,-11294,-4.355555898357507,2.086540698788486,9.615384615384617,-1.5126589647299136,24285,9.365563572836201,1.119853248727356,21.153846153846153,-0.9545451431890792,-5683,-2.1916614282243416,-1.6550908580007584,-6779,-2.6143362347233525,-0.8663294174606568,-529,-0.20401001153100065,-0.6849736720544277,,,,,,EXTREME_SHORT,short,QQQ
2018-01-16,NASDAQ-100 STOCK INDEX (MINI) - CHICAGO MERCANTILE EXCHANGE,209742,274087,52843,64646,79145,56480,78975,83656,10689,17349,35447,34968,NQ,2018-01-19 15:30:00-05:00,-4681,-1.707851886444815,2.6477040119126922,13.461538461538462,-1.2197137011730914,22665,8.269272165407335,-1.0962914074288665,20.51282051282051,-1.0352528744056355,-11803,-4.306296905727014,-2.1146354775026723,-6660,-2.429885401350666,0.18445083337268642,479,0.1747620281151605,0.37877203964616113,,,,,,UNWINDING_SHORT,short,QQQ
2018-01-23,NASDAQ-100 STOCK INDEX (MINI) - CHICAGO MERCANTILE EXCHANGE,209742,255968,58822,63947,74155,57012,61093,71998,10998,14399,35153,32865,NQ,2018-01-26 15:30:00-05:00,-10905,-4.260298162270284,-2.552446275825469,10.256410256410255,-1.4677052631540157,17143,6.697321540192524,-1.5719506252148108,16.025641025641026,-1.1549020739115377,-5125,-2.0022034004250533,2.3040935053019607,-3401,-1.3286817102137767,1.1012036911368894,2288,0.8938617327165895,0.719099704601429,2018-02-01,167.2100067138672,151.3479965209961,0.09898135669745034,311.26935513925247,NORMAL,,QQQ
2018-01-30,NASDAQ-100 STOCK INDEX (MINI) - CHICAGO MERCANTILE EXCHANGE,209742,259722,56196,67373,69443,57742,64624,64713,11435,16988,37851,32733,NQ,2018-02-02 15:30:00-05:00,-89,-0.03426740899885262,4.226030753271432,17.307692307692307,-1.019123241798908,11701,4.505201715680612,-2.192119824511912,10.897435897435898,-1.3248866776573707,-11177,-4.303447532361525,-2.3012441319364716,-5553,-2.1380553052879616,-0.8093735950741849,5118,1.970568530967727,1.0767067982511374,,,,,,UNWINDING_SHORT,short,QQQ
2018-02-06,NASDAQ-100 STOCK INDEX (MINI) - CHICAGO MERCANTILE EXCHANGE,209742,245714,51892,67854,55736,51215,73991,65550,10960,13810,35674,29824,NQ,2018-02-09 15:30:00-05:00,8441,3.4352946922031307,3.4695621012019835,25.64102564102564,-0.6572829760639561,4521,1.8399439999348837,-2.6652577157457285,2.564102564102564,-1.5311235651485533,-15962,-6.496170344384121,-2.1927228120225966,-2850,-1.159885069633802,0.9781702356541597,5850,2.380816721879909,0.410248190912182,,,,,,UNWINDING_SHORT,short,QQQ
2018-02-13,NASDAQ-100 STOCK INDEX (MINI) - CHICAGO MERCANTILE EXCHANGE,209742,230028,74618,24251,41840,67104,51384,78757,12727,11587,29302,28172,NQ,2018-02-16 15:30:00-05:00,-27373,-11.899855669744554,-15.335150361947685,1.9230769230769231,-2.2017876360543855,-25264,-10.983010763907002,-12.822954763841885,0.0,-2.5814972733553674,50367,21.896030048515833,28.392200392899955,1140,0.49559184099327036,1.6554769106270721,1130,0.4912445441424522,-1.8895721777374568,,,,,,EXTREME_SHORT,short,QQQ
2018-02-20,NASDAQ-100 STOCK INDEX (MINI) - CHICAGO MERCANTILE EXCHANGE,209742,232293,84183,26390,43205,60721,41359,76980,10690,10088,29922,35180,NQ,2018-02-23 15:30:00-05:00,-35621,-15.334512878132358,-3.4346572083878044,0.0,-2.4954298329550424,-17516,-7.5404768977110805,3.4425338661959213,0.641025641025641,-2.2318212981849253,57793,24.879354952581437,2.9833249040656042,602,0.25915546314352994,-0.23643637784974042,-5258,-2.263520639881529,-2.754765184023981,2018-03-01,160.1300048828125,153.23199768066405,0.03209804178046422,298.0895960587551,EXTREME_SHORT,short,QQQ
2018-02-27,NASDAQ-100 STOCK INDEX (MINI) - CHICAGO MERCANTILE EXCHANGE,209742,231434,78051,38604,51754,67099,34295,55210,11025,9292,31140,36060,NQ,2018-03-02 15:30:00-05:00,-20915,-9.0371336968639,6.297379181268457,5.128205128205128,-1.814469973327331,-15345,-6.630400027653672,0.9100768700574084,1.282051282051282,-2.110807767018233,39447,17.044600188390643,-7.834754764190794,1733,0.7488095958242955,0.4896541326807656,-4920,-2.125876059697365,0.1376445801841637,,,,,,EXTREME_SHORT,short,QQQ
2018-03-06,NASDAQ-100 STOCK INDEX (MINI) - CHICAGO MERCANTILE EXCHANGE,209742,242052,74022,43123,43296,70773,48533,53149,8312,6809,33902,34211,NQ,2018-03-09 15:30:00-05:00,-4616,-1.9070282418653843,7.130105454998517,16.025641025641026,-1.0903163932876014,-27477,-11.351693024639333,-4.721292996985661,0.0,-2.451295381611649,30899,12.7654388313255,-4.279161357065142,1503,0.6209409548361509,-0.12786864098814466,-309,-0.12765851965693323,1.9982175400404318,,,,,,UNWINDING_SHORT,short,QQQ
2018-03-13,NASDAQ-100 STOCK INDEX (MINI) - CHICAGO MERCANTILE EXCHANGE,209742,294100,69616,52740,47061,69072,56631,55086,9061,8271,38203,35403,NQ,2018-03-16 15:30:00-04:00,1545,0.5253315198911934,2.4323597617565778,22.435897435897438,-0.8400447739958233,-22011,-7.484189051343081,3.8675039732962526,1.9230769230769231,-2.0839667176288756,16876,5.738184291057464,-7.027254540268037,790,0.26861611696701804,-0.3523248378691328,2800,0.9520571234274057,1.0797156430843389,,,,,,UNWINDING_SHORT,short,QQQ
2018-03-20,NASDAQ-100 STOCK INDEX (MINI) - CHICAGO MERCANTILE EXCHANGE,209742,231638,45900,61121,75829,54240,54627,57853,8097,14042,35824,33021,NQ,2018-03-23 15:30:00-04:00,-3226,-1.3926903185142334,-1.9180218384054268,17.94871794871795,-1.0159542147381981,21589,9.320146090019772,16.804335141362852,26.923076923076923,-0.7248144909125639,-15221,-6.571028933076611,-12.309213224134075,-5945,-2.566504632227873,-2.835120749194891,2803,1.2100777937989449,0.2580206703715392,,,,,,NORMAL,,QQQ
2018-03-27,NASDAQ-100 STOCK INDEX (MINI) - CHICAGO MERCANTILE EXCHANGE,209742,234482,59880,51025,61161,51205,53230,66495,8683,14403,33885,33711,NQ,2018-03-30 15:30:00-04:00,-13265,-5.657150655487415,-4.2644603369731815,9.615384615384617,-1.417872765756615,9956,4.245954913383543,-5.074191176636229,12.82051282051282,-1.1141646697856724,8855,3.776409276618248,10.34743820969486,-5720,-2.4394196569459488,0.12708497528192408,174,0.07420612243157257,-1.1358716713673722,2018-04-01,160.94000244140625,155.56199798583984,0.03325634384471537,299.59744491710296,EXTREME_SHORT,short,QQQ
2018-04-03,NASDAQ-100 STOCK INDEX (MINI) - CHICAGO MERCANTILE EXCHANGE,209742,253749,72354,37532,58682,61654,58232,87844,8189,14304,34518,30641,NQ,2018-04-06 15:30:00-04:00,-29612,-11.66979968393964,-6.012649028452225,3.205128205128205,-1.9799094573366889,-2972,-1.1712361428025333,-5.417191056186077,3.8461538461538463,-1.5309515114485133,34822,13.723009745851215,9.946600469232967,-6115,-2.4098617137407436,0.029557943205205106,3877,1.5278877946317029,1.4536816722001302,,,,,,EXTREME_SHORT,short,QQQ
2018-04-10,NASDAQ-100 STOCK INDEX (MINI) - CHICAGO MERCANTILE EXCHANGE,209742,242932,71780,37965,53475,62107,55595,83276,8061,7582,31372,29353,NQ,2018-04-13 15:30:00-04:00,-27681,-11.39454662210001,0.2752530618396296,3.8461538461538463,-1.9155754818591828,-8632,-3.5532577017436977,-2.3820215589411644,3.8461538461538463,-1.70098272969444,33815,13.919533038051801,0.1965232922005864,479,0.19717451797210742,2.607036231712851,2019,0.8310967678198015,-0.6967910268119014,,,,,,EXTREME_SHORT,short,QQQ
2018-04-17,NASDAQ-100 STOCK INDEX (MINI) - CHICAGO MERCANTILE EXCHANGE,209742,238235,75801,42759,46991,61633,53999,66881,6822,9960,30346,32726,NQ,2018-04-20 15:30:00-04:00,-12882,-5.407265934896216,5.9872806872037945,12.179487179487179,-1.3119505992981477,-14642,-6.146032279052196,-2.5927745773084987,3.205128205128205,-1.8839793475950275,33042,13.869498604319265,-0.05003443373253624,-3138,-1.3171868113417424,-1.5143613293138498,-2380,-0.9990135790291099,-1.8301103468489113,,,,,,UNWINDING_SHORT,short,QQQ
2018-04-24,NASDAQ-100 STOCK INDEX (MINI) - CHICAGO MERCANTILE EXCHANGE,209742,244199,87655,27971,42855,59545,48245,89949,7294,11160,33918,31342,NQ,2018-04-27 15:30:00-04:00,-41704,-17.077875011773184,-11.670609076876968,0.0,-2.401098825706018,-16690,-6.834589822235144,-0.6885575431829478,2.564102564102564,-1.9099502470335554,59684,24.440722525481267,10.571223921162002,-3866,-1.5831350660731616,-0.26594825473141914,2576,1.0548773746002236,2.0538909536293337,2018-05-01,170.07000732421875,158.24599914550782,0.003955215182261468,316.59338187172773,EXTREME_SHORT,short,QQQ
2018-05-01,NASDAQ-100 STOCK INDEX (MINI) - CHICAGO MERCANTILE EXCHANGE,209742,239248,84165,34213,44984,59039,45961,69821,9397,19191,30972,33215,NQ,2018-05-04 15:30:00-04:00,-23860,-9.972915134086806,7.104959877686378,6.41025641025641,-1.6816302040760644,-14055,-5.874657259412827,0.959932562822317,4.487179487179487,-1.8033579130032515,49952,20.878753427405872,-3.5619690980753944,-9794,-4.093660135089949,-2.5105250690167873,-2243,-0.9375208988162911,-1.9923982734165147,,,,,,EXTREME_SHORT,short,QQQ
2018-05-08,NASDAQ-100 STOCK INDEX (MINI) - CHICAGO MERCANTILE EXCHANGE,209742,235042,82520,45709,46816,56642,45701,67414,7917,9358,30231,34062,NQ,2018-05-11 15:30:00-04:00,-21713,-9.23792343496056,0.7349916991262457,7.6923076923076925,-1.5864763792068934,-9826,-4.1805294372920585,1.6941278221207687,5.769230769230769,-1.643771055872274,36811,15.661456250372273,-5.217297177033599,-1441,-0.6130819172743595,3.4805782178155895,-3831,-1.6299214608452957,-0.6924005620290046,,,,,,EXTREME_SHORT,short,QQQ
2018-05-15,NASDAQ-100 STOCK INDEX (MINI) - CHICAGO MERCANTILE EXCHANGE,209742,248298,86625,37452,51529,60757,51324,76086,6592,9859,33613,45529,NQ,2018-05-18 15:30:00-04:00,-24762,-9.972694101442622,-0.7347706664820617,7.051282051282051,-1.6297031089391074,-9228,-3.7165019452432158,0.46402749204884275,6.41025641025641,-1.5851461761537038,49173,19.804025807698814,4.14256955732654,-3267,-1.3157576782736873,-0.7026757609993278,-11916,-4.799072082739289,-3.1691506218939933,,,,,,EXTREME_SHORT,short,QQQ
2018-05-22,NASDAQ-100 STOCK INDEX (MINI) - CHICAGO MERCANTILE EXCHANGE,209742,245088,88552,38360,50019,62080,43506,83887,8458,7632,33210,31786,NQ,2018-05-25 15:30:00-04:00,-40381,-16.476122861992426,-6.503428760549804,0.641025641025641,-2.2004066753146923,-12061,-4.921089567828698,-1.2045876225854824,5.128205128205128,-1.658456031386281,50192,20.479174827000914,0.6751490193021006,826,0.33702180441310875,1.652779482686796,1424,0.5810157984071027,5.380087881146392,2018-06-01,171.64999389648438,160.79099884033204,0.026553358078712206,319.53460178519487,EXTREME_SHORT,short,QQQ
2018-05-29,NASDAQ-100 STOCK INDEX (MINI) - CHICAGO MERCANTILE EXCHANGE,209742,251285,85507,51761,50845,61525,46913,73505,13531,7380,32301,34926,NQ,2018-06-01 15:30:00-04:00,-26592,-10.582406430944943,5.893716431047483,6.41025641025641,-1.6191814059833516,-10680,-4.250154207374097,0.6709353604546013,6.41025641025641,-1.585217540760056,33746,13.42937302266351,-7.049801804337404,6151,2.4478182143780964,2.110796409964988,-2625,-1.044630598722566,-1.6256463971296686,2018-06-01,171.64999389648438,160.79099884033204,0.026553358078712206,319.53460178519487,EXTREME_SHORT,short,QQQ
2018-06-05,NASDAQ-100 STOCK INDEX (MINI) - CHICAGO MERCANTILE EXCHANGE,209742,259707,71115,62885,54820,59427,59203,64506,12776,9213,34254,36137,NQ,2018-06-08 15:30:00-04:00,-5303,-2.041916467403651,8.540489963541292,22.435897435897438,-0.8274955674717854,-4607,-1.7739221507314011,2.4762320566426954,8.974358974358974,-1.3734232631273329,8230,3.168955784788242,-10.260417237875268,3563,1.3719306757230263,-1.0758875386550701,-1883,-0.7250478423762162,0.3195827563463497,,,,,,UNWINDING_SHORT,short,QQQ
2018-06-12,NASDAQ-100 STOCK INDEX (MINI) - CHICAGO MERCANTILE EXCHANGE,209742,292508,73026,48925,49581,60399,53059,67136,13471,10972,36960,38665,NQ,2018-06-15 15:30:00-04:00,-14077,-4.8125179482270575,-2.7706014808234065,17.94871794871795,-1.0671950497968787,-10818,-3.698360386724466,-1.9244382359930647,8.333333333333332,-1.5086882100634835,24101,8.239432767650799,5.070476982862557,2499,0.8543356079149972,-0.5175950678080291,-1705,-0.5828900406142739,0.14215780176194237,,,,,,NORMAL,,QQQ
2018-06-19,NASDAQ-100 STOCK INDEX (MINI) - CHICAGO MERCANTILE EXCHANGE,209742,225971,43578,52728,80217,49472,50108,69714,8541,6831,33703,37402,NQ,2018-06-22 15:30:00-04:00,-19606,-8.676334573905502,-3.863816625678444,10.897435897435898,-1.3999524126293135,30745,13.60572816865881,17.304088555383277,43.58974358974359,-0.1339838334334921,-9150,-4.049192152975381,-12.28862492062618,1710,0.7567342712117927,-0.09760133670320448,-3699,-1.63693571298972,-1.054045672375446,,,,,,NORMAL,,QQQ
2018-06-26,NASDAQ-100 STOCK INDEX (MINI) - CHICAGO MERCANTILE EXCHANGE,209742,235491,48085,51434,80003,47902,51408,82817,8606,5242,37290,37997,NQ,2018-06-29 15:30:00-04:00,-31409,-13.337664709054698,-4.661330135149196,2.564102564102564,-1.7952111130215138,32101,13.631518826621825,0.025790657963014496,44.230769230769226,-0.11973429033858984,-3349,-1.4221350285148902,2.6270571244604914,3364,1.4285046986933683,0.6717704274815756,-707,-0.3002237877456039,1.3367119252441162,2018-07-01,176.4499969482422,163.89099884033203,0.1019171396227278,328.47003504035774,EXTREME_SHORT,short,QQQ
2018-07-03,NASDAQ-100 STOCK INDEX (MINI) - CHICAGO MERCANTILE EXCHANGE,209742,242301,47581,53033,74573,53153,63902,84308,8839,5258,37085,36228,NQ,2018-07-06 15:30:00-04:00,-20406,-8.421756410415146,4.915908298639552,12.179487179487179,-1.3307250178349779,21420,8.840244159124396,-4.791274667497429,33.97435897435898,-0.4922856284139926,-5452,-2.250093891482082,-0.8279588629671919,3581,1.4779138344455862,0.04940913575221795,857,0.35369230832724585,0.6539160960728497,,,,,,UNWINDING_SHORT,short,QQQ
2018-07-10,NASDAQ-100 STOCK INDEX (MINI) - CHICAGO MERCANTILE EXCHANGE,209742,243295,45234,58807,77333,47408,64143,87137,12752,5641,35481,35950,NQ,2018-07-13 15:30:00-04:00,-22994,-9.451077909533694,-1.0293214991185486,10.256410256410255,-1.403243506344172,29925,12.299882858258492,3.4596386991340964,40.38461538461539,-0.20007121276793227,-13573,-5.578824061324729,-3.3287301698426472,7111,2.9227892065188352,1.444875372073249,-469,-0.19277009391890504,-0.5464624022461508,,,,,,NORMAL,,QQQ
2018-07-17,NASDAQ-100 STOCK INDEX (MINI) - CHICAGO MERCANTILE EXCHANGE,209742,248675,43939,69998,76602,48297,70196,79279,12524,6275,36699,36111,NQ,2018-07-20 15:30:00-04:00,-9083,-3.6525585603699606,5.798519349163733,23.076923076923077,-0.8772149603557574,28305,11.382326329546597,-0.917556528711895,38.46153846153847,-0.26359773740787096,-26059,-10.479139439026842,-4.900315377702112,6249,2.512918467879763,-0.4098707386390723,588,0.23645320197044334,0.4292232958893484,,,,,,UNWINDING_SHORT,short,QQQ
2018-07-24,NASDAQ-100 STOCK INDEX (MINI) - CHICAGO MERCANTILE EXCHANGE,209742,239453,48297,69026,74166,49388,59717,65312,7775,8430,40598,38397,NQ,2018-07-27 15:30:00-04:00,-5595,-2.336575444868095,1.3159831155018655,25.0,-0.7508499030585191,24778,10.347750915628536,-1.034575413918061,36.53846153846153,-0.3392355800895445,-20729,-8.65681365445411,1.8223257845727314,-655,-0.27354011016775737,-2.78645857804752,2201,0.9191782938614258,0.6827250918909824,2018-08-01,186.64999389648438,167.34099884033202,0.15974891925603402,347.4578129544793,CONFIRMED_BULLISH,short,QQQ
2018-07-31,NASDAQ-100 STOCK INDEX (MINI) - CHICAGO MERCANTILE EXCHANGE,209742,239608,57424,69341,66506,49738,61198,66227,7975,7161,35416,36052,NQ,2018-08-03 15:30:00-04:00,-5029,-2.0988447798070182,0.23773066506107687,26.282051282051285,-0.719601255237405,16768,6.998096891589596,-3.34965402403894,28.846153846153843,-0.6133924903774182,-11917,-4.973540115522019,3.6832735389320908,814,0.33972154519047776,0.6132616553582351,-636,-0.2654335414510367,-1.1846118353124626,,,,,,NORMAL,,QQQ
2018-08-07,NASDAQ-100 STOCK INDEX (MINI) - CHICAGO MERCANTILE EXCHANGE,209742,244972,66362,72344,69515,50045,53948,64889,11260,8665,33732,38874,NQ,2018-08-10 15:30:00-04:00,-10941,-4.466224711395588,-2.36737993158857,21.153846153846153,-0.9178206265099568,19470,7.9478471008931635,0.9497502093035672,32.05128205128205,-0.5221650008573994,-5982,-2.4419117286873604,2.531628386834659,2595,1.059304736867887,0.7195831916774091,-5142,-2.099015397678102,-1.8335818562270654,,,,,,NORMAL,,QQQ
2018-08-14,NASDAQ-100 STOCK INDEX (MINI) - CHICAGO MERCANTILE EXCHANGE,209742,237572,67944,71939,64704,48352,52681,59704,7637,6546,33390,39815,NQ,2018-08-17 15:30:00-04:00,-7023,-2.9561564494132306,1.5100682619823576,24.358974358974358,-0.7736821567349477,16352,6.882966006094994,-1.064881094798169,28.846153846153843,-0.6053069764897628,-3995,-1.681595474214133,0.7603162544732274,1091,0.45922920209452295,-0.600075534773364,-6425,-2.7044432845621538,-0.6054278868840517,,,,,,NORMAL,,QQQ
2018-08-21,NASDAQ-100 STOCK INDEX (MINI) - CHICAGO MERCANTILE EXCHANGE,209742,239836,67421,69458,63945,51506,52761,60297,8631,10036,35109,36570,NQ,2018-08-24 15:30:00-04:00,-7536,-3.1421471338748144,-0.18599068446158373,24.358974358974358,-0.7799595411090985,12439,5.186460748177922,-1.6965052579170727,25.64102564102564,-0.7459895509947794,-2037,-0.8493303757567672,0.8322650984573658,-1405,-0.5858169749328708,-1.0450461770273938,-1461,-0.6091662636134691,2.095277020948685,,,,,,NORMAL,,QQQ
2018-08-28,NASDAQ-100 STOCK INDEX (MINI) - CHICAGO MERCANTILE EXCHANGE,209742,246273,68954,74474,64359,53018,58996,58209,9200,11826,34483,38465,NQ,2018-08-31 15:30:00-04:00,787,0.3195640610217117,3.4617111948965262,35.256410256410255,-0.475215087660567,11341,4.605052116959635,-0.5814086312182871,23.717948717948715,-0.7874944773117093,-5520,-2.24141501504428,-1.3920846392875128,-2626,-1.0662963459250507,-0.48047937099217997,-3982,-1.616904817012015,-1.007738553398546,2018-09-01,185.7899932861328,170.40499877929688,0.09243244125900302,345.85688104457535,NORMAL,,QQQ
2018-09-04,NASDAQ-100 STOCK INDEX (MINI) - CHICAGO MERCANTILE EXCHANGE,209742,266283,69265,76251,86901,54903,55019,68801,7890,13373,36386,42133,NQ,2018-09-07 15:30:00-04:00,-13782,-5.175696533387411,-5.495260594409123,18.58974358974359,-0.9689589342609918,31998,12.016538795191583,7.411486678231948,44.230769230769226,-0.11365749702907531,-6986,-2.623524596012513,-0.3821095809682329,-5483,-2.0590875121581176,-0.9927911662330668,-5747,-2.15823015363354,-0.5413253366215252,,,,,,NORMAL,,QQQ
2018-09-11,NASDAQ-100 STOCK INDEX (MINI) - CHICAGO MERCANTILE EXCHANGE,209742,263631,82018,68507,82302,70872,43533,67356,9540,10404,36802,37056,NQ,2018-09-14 15:30:00-04:00,-23823,-9.03649419074388,-3.8607976573564695,10.897435897435898,-1.3184719907079419,11430,4.3356054485246425,-7.68093334666694,20.51282051282051,-0.7965771762476814,13511,5.124966335521998,7.748490931534511,-864,-0.32773080555776823,1.7313567066003492,-254,-0.09634678774499206,2.0618833658885483,,,,,,NORMAL,,QQQ
2018-09-18,NASDAQ-100 STOCK INDEX (MINI) - CHICAGO MERCANTILE EXCHANGE,209742,308395,82706,64001,80690,68652,34810,63453,8377,10231,37903,38149,NQ,2018-09-21 15:30:00-04:00,-28643,-9.28776406880786,-0.2512698780639795,9.615384615384617,-1.3333380884532873,12038,3.903435529110394,-0.4321699194142483,18.58974358974359,-0.8249579393652089,18705,6.065273431800127,0.9403070962781284,-1854,-0.6011770618849203,-0.273446256327152,-246,-0.07976783021774024,0.016578957527251817,,,,,,EXTREME_SHORT,short,QQQ
2018-09-25,NASDAQ-100 STOCK INDEX (MINI) - CHICAGO MERCANTILE EXCHANGE,209742,247101,49326,83483,106515,51210,37814,58287,9606,9193,33206,34294,NQ,2018-09-28 15:30:00-04:00,-20473,-8.285276061205742,1.0024880076021176,14.102564102564102,-1.2343507220070447,55305,22.381536294875374,18.47810076576498,84.61538461538461,0.8739135733721631,-34157,-13.823092581575954,-19.888366013376082,413,0.16713813379953946,0.7683151956844597,-1088,-0.4403057858932177,-0.3605379556754775,2018-10-01,169.82000732421875,171.81100006103514,-0.010661151397239318,316.12799501890635,UNWINDING_SHORT,short,QQQ
2018-10-02,NASDAQ-100 STOCK INDEX (MINI) - CHICAGO MERCANTILE EXCHANGE,209742,247207,43768,82192,104115,53679,48740,55125,7672,11435,33927,35791,NQ,2018-10-05 15:30:00-04:00,-6385,-2.5828556634723125,5.70242039773343,26.923076923076923,-0.7243079942299666,50436,20.40233488533901,-1.9792014095363655,80.76923076923077,0.7045090279057824,-38424,-15.54324917983714,-1.7201565982611857,-3763,-1.5222060863972298,-1.6893442201967692,-1864,-0.7540239556323243,-0.31371816973910654,,,,,,UNWINDING_SHORT,short,QQQ
2018-10-09,NASDAQ-100 STOCK INDEX (MINI) - CHICAGO MERCANTILE EXCHANGE,209742,247730,67198,67667,87516,61358,35757,60482,10714,12493,36337,35522,NQ,2018-10-12 15:30:00-04:00,-24725,-9.980624066524038,-7.397768403051726,7.6923076923076925,-1.3709999361868448,26158,10.559076413837646,-9.843258471501363,42.30769230769231,-0.1966160621230513,-469,-0.1893190166713761,15.353930163165764,-1779,-0.7181205344528317,0.804085551944398,815,0.32898720381060026,1.0830111594429246,,,,,,EXTREME_SHORT,short,QQQ
2018-10-16,NASDAQ-100 STOCK INDEX (MINI) - CHICAGO MERCANTILE EXCHANGE,209742,250718,79566,66069,67842,62913,48061,53886,8977,14685,32200,39093,NQ,2018-10-19 15:30:00-04:00,-5825,-2.323327403696583,7.657296662827456,28.846153846153843,-0.6915717061161232,4929,1.9659537807417098,-8.593122633095936,13.461538461538462,-0.99869283799484,13497,5.383339050247689,5.5726580669190655,-5708,-2.2766614283776994,-1.5585408939248677,-6893,-2.749303998915116,-3.078291202725716,,,,,,UNWINDING_SHORT,short,QQQ
2018-10-23,NASDAQ-100 STOCK INDEX (MINI) - CHICAGO MERCANTILE EXCHANGE,209742,254359,77081,60772,58846,60660,60037,64492,8527,17401,34980,36146,NQ,2018-10-26 15:30:00-04:00,-4455,-1.7514615169897665,0.5718658867068167,32.69230769230769,-0.6365440712627618,-1814,-0.7131652506889868,-2.6791190314306967,10.897435897435898,-1.246402617362404,16309,6.411803789132683,1.0284647388849937,-8874,-3.4887698095998174,-1.212108381222118,-1166,-0.4584072118541117,2.290896787061004,2018-11-01,169.3699951171875,171.80800018310546,-0.040124692283964467,315.29027595986037,UNWINDING_SHORT,short,QQQ
2018-10-30,NASDAQ-100 STOCK INDEX (MINI) - CHICAGO MERCANTILE EXCHANGE,209742,248265,84505,50629,52690,74834,53257,50136,7915,16752,32813,38829,NQ,2018-11-02 15:30:00-04:00,3121,1.2571244436388536,3.0085859606286203,41.66666666666667,-0.36642440755019046,-22144,-8.919501339294705,-8.206336088605719,1.282051282051282,-2.0307864172541192,33876,13.645096972992569,7.233293183859886,-8837,-3.5595029504763054,-0.07073314087648797,-6016,-2.4232171268604112,-1.9648099150062994,,,,,,UNWINDING_SHORT,short,QQQ
2018-11-06,NASDAQ-100 STOCK INDEX (MINI) - CHICAGO MERCANTILE EXCHANGE,209742,243313,94359,38879,53859,83979,38852,51035,8689,16280,29130,34716,NQ,2018-11-09 15:30:00-05:00,-12183,-5.007130732842059,-6.264255176480913,21.153846153846153,-0.9059033288367357,-30120,-12.37911661111408,-3.4596152718193753,0.0,-2.345147981681433,55480,22.801905364694857,9.156808391702288,-7591,-3.1198497408687573,0.43965320960754806,-5586,-2.295808279869962,0.1274088469904493,,,,,,NORMAL,,QQQ
2018-11-13,NASDAQ-100 STOCK INDEX (MINI) - CHICAGO MERCANTILE EXCHANGE,209742,248663,95410,38890,54854,82232,38078,54982,6629,10864,31383,39386,NQ,2018-11-16 15:30:00-05:00,-16904,-6.797955465831266,-1.7908247329892069,17.307692307692307,-1.050348479552188,-27378,-11.010081918097988,1.3690346930160917,1.282051282051282,-2.1748014257276194,56520,22.72955767444292,-0.07234769025193799,-4235,-1.7031082227754029,1.4167415180933545,-8003,-3.218412067738264,-0.9226037878683022,,,,,,NORMAL,,QQQ
2018-11-20,NASDAQ-100 STOCK INDEX (MINI) - CHICAGO MERCANTILE EXCHANGE,209742,256397,85192,50702,58061,85018,38966,39084,8999,13290,35598,38722,NQ,2018-11-23 15:30:00-05:00,-118,-0.046022379357012755,6.751933086474253,36.53846153846153,-0.44837436123421615,-26957,-10.51377356209316,0.49630835600482825,2.564102564102564,-2.0983080640111975,34490,13.45179545782517,-9.277762216617749,-4291,-1.6735765239062859,0.029531698869116996,-3124,-1.2184229924687107,1.9999890752695535,,,,,,NORMAL,,QQQ
2018-11-27,NASDAQ-100 STOCK INDEX (MINI) - CHICAGO MERCANTILE EXCHANGE,209742,240730,81022,55812,53134,82319,48280,39042,8277,9279,30854,35115,NQ,2018-11-30 15:30:00-05:00,9238,3.8374942882067047,3.8835166675637174,48.07692307692308,-0.10366767485444846,-29185,-12.123540896439994,-1.6097673343468344,0.641025641025641,-2.232072822964374,25210,10.472313380135422,-2.979482077689749,-1002,-0.4162339550533793,1.2573425688529065,-4261,-1.7700328168487518,-0.5516098243800411,2018-12-01,154.25999450683594,170.51299896240235,-0.17353335359663527,287.16229343913614,NORMAL,,QQQ
2018-12-04,NASDAQ-100 STOCK INDEX (MINI) - CHICAGO MERCANTILE EXCHANGE,209742,243099,95772,44966,53629,84164,32653,47879,6516,10005,32787,34343,NQ,2018-12-07 15:30:00-05:00,-15226,-6.263291909880337,-10.100786198087041,18.58974358974359,-0.9814112478707288,-30535,-12.560726288466839,-0.43718539202684426,0.0,-2.2417623830405056,50806,20.899304398619492,10.42699101848407,-3489,-1.435217750792887,-1.0189837957395076,-1556,-0.6400684494794302,1.1299643673693216,,,,,,NORMAL,,QQQ
2018-12-11,NASDAQ-100 STOCK INDEX (MINI) - CHICAGO MERCANTILE EXCHANGE,209742,253480,93234,54963,53306,84304,47279,53809,8804,8078,29772,31241,NQ,2018-12-14 15:30:00-05:00,-6530,-2.576140129398769,3.687151780481568,30.128205128205128,-0.6499716714137956,-30998,-12.228972700015781,0.3317535884510576,1.282051282051282,-2.1760358924027083,38271,15.098232602177687,-5.801071796441805,726,0.28641312924096574,1.7216308800338527,-1469,-0.5795329020041029,0.0605355474753273,,,,,,NORMAL,,QQQ
2018-12-18,NASDAQ-100 STOCK INDEX (MINI) - CHICAGO MERCANTILE EXCHANGE,209742,272148,70140,53609,51106,75043,57295,51075,10006,10993,39237,37064,NQ,2018-12-21 15:30:00-05:00,6220,2.2855211135117655,4.861661242910534,46.794871794871796,-0.21917329272927072,-23937,-8.79558181577671,3.4333908842390706,5.769230769230769,-1.810911351135874,16531,6.074268412775401,-9.023964189402285,-987,-0.3626703117421403,-0.6490834409831061,2173,0.7984626012316828,1.3779955032357858,,,,,,NORMAL,,QQQ
2018-12-24,NASDAQ-100 STOCK INDEX (MINI) - CHICAGO MERCANTILE EXCHANGE,209742,208265,37339,44686,49602,71257,67201,44699,10581,9136,34563,29508,NQ,2018-12-27 15:30:00-05:00,22502,10.804503877271745,8.518982763759979,67.94871794871796,0.5300412241468971,-21655,-10.397810481838043,-1.6022286660613325,5.128205128205128,-1.9580332767447535,-7347,-3.5277170912059157,-9.601985503981318,1445,0.6938275754447458,1.0564978871868862,5055,2.4271961203274675,1.6287335190957846,2019-01-01,168.16000366210938,171.31599884033204,-0.09489203003991563,313.03781949898195,NORMAL,,QQQ
2018-12-31,NASDAQ-100 STOCK INDEX (MINI) - CHICAGO MERCANTILE EXCHANGE,209742,203989,70539,36771,48361,69474,41791,44498,4839,10584,27189,31392,NQ,2019-01-03 15:30:00-05:00,-2707,-1.3270323399791166,-12.131536217250861,37.82051282051282,-0.525629063468621,-21113,-10.350067895817912,0.04774258602013148,5.769230769230769,-1.9460237868413888,33768,16.55383378515508,20.081550876360996,-5745,-2.816328331429636,-3.510155906874382,-4203,-2.060405217928418,-4.487601338255885,,,,,,NORMAL,,QQQ
2019-01-08,NASDAQ-100 STOCK INDEX (MINI) - CHICAGO MERCANTILE EXCHANGE,209742,205311,91052,37060,46753,63630,28983,42487,4861,11313,23689,40848,NQ,2019-01-11 15:30:00-05:00,-13504,-6.577338768989485,-5.250306429010368,17.94871794871795,-0.9771995536550672,-16877,-8.220212263346825,2.1298556324710862,7.6923076923076925,-1.7209789952042729,53992,26.297665492837695,9.743831707682613,-6452,-3.1425495954917175,-0.3262212640620814,-17159,-8.357564865009667,-6.29715964708125,,,,,,NORMAL,,QQQ
2019-01-15,NASDAQ-100 STOCK INDEX (MINI) - CHICAGO MERCANTILE EXCHANGE,209742,208903,98242,39303,46718,60657,25174,46642,5487,9407,23154,42766,NQ,2019-01-18 15:30:00-05:00,-21468,-10.276539829490241,-3.699201060500757,7.6923076923076925,-1.2890630520487512,-13939,-6.672474784948038,1.547737478398787,10.256410256410255,-1.5480593164973873,58939,28.213572806517856,1.9159073136801616,-3920,-1.8764689832123043,1.2660806122794133,-19612,-9.388089208867273,-1.0305243438576053,,,,,,EXTREME_SHORT,short,QQQ
2019-01-22,NASDAQ-100 STOCK INDEX (MINI) - CHICAGO MERCANTILE EXCHANGE,209742,206783,91858,49405,49378,58475,28338,47824,5107,8749,22257,32485,NQ,2019-01-25 15:30:00-05:00,-19486,-9.42340521222731,0.8531346172629313,10.897435897435898,-1.197086099376996,-9097,-4.399297814617256,2.2731769703307823,13.461538461538462,-1.3072326734900295,42453,20.530217667796677,-7.683355138721179,-3642,-1.761266641841931,0.11520234137037333,-10228,-4.946247999110178,4.4418412097570945,2019-02-01,173.19000244140625,172.54099884033204,0.019844511670250593,322.40140070535193,UNWINDING_SHORT,short,QQQ
2019-01-29,NASDAQ-100 STOCK INDEX (MINI) - CHICAGO MERCANTILE EXCHANGE,209742,217732,83944,54020,50229,56771,44037,50064,5099,6618,23719,39555,NQ,2019-02-01 15:30:00-05:00,-6027,-2.7680818621057077,6.655323350121602,31.41025641025641,-0.6050439882574904,-6542,-3.004611173369096,1.39468664124816,17.94871794871795,-1.1531331480204112,29924,13.743501184942957,-6.78671648285372,-1519,-0.6976466481729833,1.0636199936689477,-15836,-7.27316150129517,-2.3269135021849916,2019-02-01,173.19000244140625,172.54099884033204,0.019844511670250593,322.40140070535193,CONFIRMED_BULLISH,short,QQQ
2019-02-05,NASDAQ-100 STOCK INDEX (MINI) - CHICAGO MERCANTILE EXCHANGE,209742,215458,83376,49922,55310,48552,33513,55560,5900,6179,26794,44680,NQ,2019-02-08 15:30:00-05:00,-22047,-10.232620742789779,-7.464538880684071,8.333333333333332,-1.2514048573369794,6758,3.1365741815110137,6.141185354880109,25.64102564102564,-0.5263124766193961,33454,15.526924040880358,1.7834228559374008,-279,-0.12949159464953727,0.568155053523446,-17886,-8.301385884952056,-1.0282243836568865,,,,,,EXTREME_SHORT,short,QQQ
2019-02-12,NASDAQ-100 STOCK INDEX (MINI) - CHICAGO MERCANTILE EXCHANGE,209742,215006,86048,51586,56376,64939,29682,41383,8455,6707,25826,41772,NQ,2019-02-15 15:30:00-05:00,-11701,-5.442173706780276,4.790447036009503,23.717948717948715,-0.8244844528006626,-8563,-3.98267955312875,-7.119253734639764,16.025641025641026,-1.2309104332926086,34462,16.02838990539799,0.5014658645176322,1748,0.8130005674260253,0.9424921620755626,-15946,-7.416537212914989,0.8848486720370676,,,,,,UNWINDING_SHORT,short,QQQ
2019-02-19,NASDAQ-100 STOCK INDEX (MINI) - CHICAGO MERCANTILE EXCHANGE,209742,221601,89196,53849,59475,66327,28472,42110,8566,7927,25626,41122,NQ,2019-02-22 15:30:00-05:00,-13638,-6.15430435783232,-0.7121306510520444,22.435897435897438,-0.886219652784724,-6852,-3.0920438084665682,0.8906357446621818,18.58974358974359,-1.1261023303036715,35347,15.950740294493256,-0.07764961090473399,639,0.28835609947608537,-0.52464446794994,-15496,-6.992748227670453,0.4237889852445358,2019-03-01,179.66000366210938,173.4999984741211,0.06075461322297491,334.4456147287667,NORMAL,,QQQ
2019-02-26,NASDAQ-100 STOCK INDEX (MINI) - CHICAGO MERCANTILE EXCHANGE,209742,223287,87825,54192,63077,68573,29696,42658,7099,6891,25818,41201,NQ,2019-03-01 15:30:00-05:00,-12962,-5.805084935531402,0.3492194223009184,23.076923076923077,-0.8548023539747027,-5496,-2.461406172325303,0.6306376361412651,19.871794871794872,-1.0495017741714099,33633,15.0626771822811,-0.8880631122121567,208,0.09315365426558644,-0.19520244521049893,-15383,-6.889339728689982,0.10340849898047111,2019-03-01,179.66000366210938,173.4999984741211,0.06075461322297491,334.4456147287667,CONFIRMED_BULLISH,short,QQQ
2019-03-05,NASDAQ-100 STOCK INDEX (MINI) - CHICAGO MERCANTILE EXCHANGE,209742,232670,94796,54476,62304,67007,27312,44877,7510,8556,26132,43138,NQ,2019-03-08 15:30:00-05:00,-17565,-7.549318777667942,-1.7442338421365404,19.230769230769234,-1.0027601851225334,-4703,-2.021317746164095,0.4400884261612079,20.51282051282051,-0.9961415082448161,40320,17.329264623715993,2.2665874414348934,-1046,-0.449563759831521,-0.5427174140971075,-17006,-7.309064340052434,-0.41972461136245265,,,,,,NORMAL,,QQQ
2019-03-12,NASDAQ-100 STOCK INDEX (MINI) - CHICAGO MERCANTILE EXCHANGE,209742,257837,103710,46228,55381,69353,29119,53956,6505,8290,30990,47878,NQ,2019-03-15 15:30:00-04:00,-24837,-9.632830043787354,-2.0835112661194124,10.897435897435898,-1.1795435587962213,-13972,-5.4189274619236185,-3.3976097157595233,12.82051282051282,-1.3341112375859296,57482,22.29392988593569,4.964665262219697,-1785,-0.6922978470894402,-0.24273408725791917,-16888,-6.5498745331352755,0.759189806917159,,,,,,NORMAL,,QQQ
2019-03-19,NASDAQ-100 STOCK INDEX (MINI) - CHICAGO MERCANTILE EXCHANGE,209742,199340,66853,36852,64879,63480,23740,46809,9144,7621,28501,38355,NQ,2019-03-22 15:30:00-04:00,-23069,-11.572689876592756,-1.9398598328054018,5.769230769230769,-1.3444233506453644,1399,0.7018159927761614,6.12074345469978,24.358974358974358,-0.690057476927796,30001,15.0501655463028,-7.2437643396328895,1523,0.7640212701916324,1.4563191172810726,-9854,-4.943312932677837,1.6065616004574386,,,,,,EXTREME_SHORT,short,QQQ
2019-03-26,NASDAQ-100 STOCK INDEX (MINI) - CHICAGO MERCANTILE EXCHANGE,209742,193624,50216,46072,68311,48155,29788,47243,8696,7108,29545,37978,NQ,2019-03-29 15:30:00-04:00,-17455,-9.014894847746147,2.557795028846609,15.384615384615385,-1.1226133118093624,20156,10.40986654546957,9.708050552693408,56.41025641025641,0.32554754580282397,4144,2.1402305499318266,-12.909934996370973,1588,0.820146262859976,0.0561249926683437,-8433,-4.355348510515225,0.5879644221626119,2019-04-01,189.5399932861328,175.28899841308595,0.22870478436153102,352.8376838368965,UNWINDING_SHORT,short,QQQ
2019-04-02,NASDAQ-100 STOCK INDEX (MINI) - CHICAGO MERCANTILE EXCHANGE,209742,196541,55124,48433,70463,45443,24633,50789,9462,7617,29128,36528,NQ,2019-04-05 15:30:00-04:00,-26156,-13.308164708635857,-4.29326986088971,3.205128205128205,-1.4882157563285732,25020,12.730168260057697,2.320301714588128,64.74358974358975,0.574003479377684,6691,3.404378730137732,1.2641481802059054,1845,0.938735429248859,0.11858916638888295,-7400,-3.7651177108084317,0.5902307997067933,,,,,,EXTREME_SHORT,short,QQQ
2019-04-09,NASDAQ-100 STOCK INDEX (MINI) - CHICAGO MERCANTILE EXCHANGE,209742,201019,53701,52610,73866,43244,24834,50293,9295,7483,30531,38597,NQ,2019-04-12 15:30:00-04:00,-25459,-12.664971967823938,0.6431927408119194,4.487179487179487,-1.4175439015890439,30622,15.233385898845382,2.503217638787685,75.0,0.8374155095026978,1091,0.5427347663653684,-2.8616439637723636,1812,0.9014073296554057,-0.03732809959345329,-8066,-4.01255602704222,-0.2474383162337883,,,,,,EXTREME_SHORT,short,QQQ
2019-04-16,NASDAQ-100 STOCK INDEX (MINI) - CHICAGO MERCANTILE EXCHANGE,209742,209067,55927,45170,72785,48587,27273,54231,10188,7903,33210,43492,NQ,2019-04-19 15:30:00-04:00,-26958,-12.894430971889394,-0.22945900406545583,3.8461538461538463,-1.4207183689708807,24198,11.574280015497424,-3.6591058833479586,60.89743589743589,0.45704151097949464,10757,5.145240520981313,4.602505754615944,2285,1.0929510635346564,0.19154373387925072,-10282,-4.918040628123999,-0.9054846010817785,,,,,,EXTREME_SHORT,short,QQQ
2019-04-23,NASDAQ-100 STOCK INDEX (MINI) - CHICAGO MERCANTILE EXCHANGE,209742,217253,53925,49248,72989,55136,40804,54569,7485,6966,32487,41771,NQ,2019-04-26 15:30:00-04:00,-13765,-6.335930919250828,6.558500052638566,24.358974358974358,-0.8473776879094811,17853,8.21760804223647,-3.356671973260953,51.28205128205128,0.11066693265271732,4677,2.15278960474654,-2.9924509162347728,519,0.23889198307963527,-0.8540590804550212,-9284,-4.273358710811818,0.6446819173121803,2019-05-01,173.9499969482422,175.03899841308595,0.03443145314011099,323.8161665121437,UNWINDING_SHORT,short,QQQ
2019-04-30,NASDAQ-100 STOCK INDEX (MINI) - CHICAGO MERCANTILE EXCHANGE,209742,219945,53250,54133,73446,54023,43531,55959,7974,6927,32322,39481,NQ,2019-05-03 15:30:00-04:00,-12428,-5.650503534974653,0.6854273842761751,27.564102564102566,-0.7807888287652532,19423,8.830844074655028,0.6132360324185573,53.84615384615385,0.18036068150216292,-883,-0.4014640023642274,-2.554253607110767,1047,0.4760280979335743,0.23713611485393904,-7159,-3.2549046352497215,1.0184540755620968,,,,,,UNWINDING_SHORT,short,QQQ
2019-05-07,NASDAQ-100 STOCK INDEX (MINI) - CHICAGO MERCANTILE EXCHANGE,209742,208882,51656,44323,69888,53182,40976,54731,3963,10291,33145,37101,NQ,2019-05-10 15:30:00-04:00,-13755,-6.585057592324853,-0.9345540573502005,22.435897435897438,-0.8619899508213877,16706,7.99781694928237,-0.8330271253726576,50.0,0.0891913035737961,7333,3.5105944983292003,3.9120585006934276,-6328,-3.0294616099041565,-3.505489707837731,-3956,-1.8938922453825604,1.361012389867161,,,,,,NORMAL,,QQQ
2019-05-14,NASDAQ-100 STOCK INDEX (MINI) - CHICAGO MERCANTILE EXCHANGE,209742,216460,58605,37505,67469,37823,39940,74969,4007,11953,32327,40098,NQ,2019-05-17 15:30:00-04:00,-35029,-16.182666543472234,-9.59760895114738,1.282051282051282,-1.6842095312702774,29646,13.695832948350734,5.698015999068364,71.15384615384616,0.682725353313303,21100,9.747759401275063,6.237164902945863,-7946,-3.670886075949367,-0.6414244660452106,-7771,-3.590039730204195,-1.6961474848216345,,,,,,EXTREME_SHORT,short,QQQ
2019-05-21,NASDAQ-100 STOCK INDEX (MINI) - CHICAGO MERCANTILE EXCHANGE,209742,216280,53735,47020,73184,35339,40287,71490,6400,13197,32636,39196,NQ,2019-05-24 15:30:00-04:00,-31203,-14.427131496208618,1.7555350472636153,2.564102564102564,-1.5292564638930644,37845,17.498150545589052,3.802317597238318,82.6923076923077,1.0730480463592054,6715,3.104771592380248,-6.642987808894816,-6797,-3.1426854078046977,0.5282006681446694,-6560,-3.033105233955983,0.5569344962482119,,,,,,EXTREME_SHORT,short,QQQ
2019-05-28,NASDAQ-100 STOCK INDEX (MINI) - CHICAGO MERCANTILE EXCHANGE,209742,223713,54355,45479,78989,44411,39355,72971,6295,12814,34803,38122,NQ,2019-05-31 15:30:00-04:00,-33616,-15.026395426282782,-0.599263930074164,2.564102564102564,-1.569886056868501,34578,15.456410669026834,-2.041739876562218,76.28205128205127,0.8455315349943847,8876,3.9675834663162175,0.8628118739359696,-6519,-2.914001421464108,0.22868398634058984,-3319,-1.4835972875961612,1.5495079463598218,2019-06-01,186.74000549316406,175.0479995727539,0.0782377900614792,347.6253738092641,EXTREME_SHORT,short,QQQ
2019-06-04,NASDAQ-100 STOCK INDEX (MINI) - CHICAGO MERCANTILE EXCHANGE,209742,222720,58465,40486,76661,47976,40475,73773,5198,13496,31557,36625,NQ,2019-06-07 15:30:00-04:00,-33298,-14.950610632183908,0.07578479409887429,3.205128205128205,-1.5414101442834458,28685,12.879400143678161,-2.5770105253486726,66.02564102564102,0.5785029187933839,17979,8.072467672413794,4.1048842060975765,-8298,-3.7257543103448274,-0.8117528888807195,-5068,-2.2755028735632186,-0.7919055859670574,,,,,,EXTREME_SHORT,short,QQQ
2019-06-11,NASDAQ-100 STOCK INDEX (MINI) - CHICAGO MERCANTILE EXCHANGE,209742,219921,55495,45380,82879,50336,34035,65634,5073,9450,33696,40378,NQ,2019-06-14 15:30:00-04:00,-31599,-14.36834135894253,0.5822692732413781,4.487179487179487,-1.4702675568061583,32543,14.79758640602762,1.918186262349458,73.07692307692307,0.7869222602841971,10115,4.599378867866188,-3.473088804547605,-4377,-1.990260138868048,1.7354941714767793,-6682,-3.03836377608323,-0.7628609025200115,,,,,,EXTREME_SHORT,short,QQQ
2019-06-18,NASDAQ-100 STOCK INDEX (MINI) - CHICAGO MERCANTILE EXCHANGE,209742,247705,51758,52988,81600,47385,26959,54698,6065,10364,35346,36293,NQ,2019-06-21 15:30:00-04:00,-27739,-11.19840132415575,3.16994003478678,10.897435897435898,-1.1873097201006557,34215,13.81280151793464,-0.9847848880929799,71.15384615384616,0.680663263279103,-1230,-0.496558406168628,-5.095937274034816,-4299,-1.7355321854625463,0.2547279534055018,-947,-0.38230960214771603,2.656054173935514,,,,,,UNWINDING_SHORT,short,QQQ
2019-06-25,NASDAQ-100 STOCK INDEX (MINI) - CHICAGO MERCANTILE EXCHANGE,209742,216956,29884,62435,87721,39005,48255,58462,9123,11174,30533,34440,NQ,2019-06-28 15:30:00-04:00,-10207,-4.704640572281938,6.493760751873812,33.33333333333333,-0.6361785806032764,48716,22.454322535444977,8.641521017510337,99.35897435897436,1.5993344429447207,-32551,-15.003503014436108,-14.50694460826748,-2051,-0.945352974796733,0.7901792106658133,-3907,-1.8008259739301977,-1.4185163717824816,2019-07-01,191.10000610351562,175.5790008544922,0.06367584441844787,355.7417216586678,CONFIRMED_BULLISH,short,QQQ
2019-07-02,NASDAQ-100 STOCK INDEX (MINI) - CHICAGO MERCANTILE EXCHANGE,209742,209069,31643,57954,83613,37790,45989,52840,5555,13170,30959,36005,NQ,2019-07-05 15:30:00-04:00,-6851,-3.2769085804208182,1.4277319918611195,36.53846153846153,-0.5085611704451615,45823,21.917644414045125,-0.5366781213998522,96.7948717948718,1.5190253361326118,-26311,-12.584840411538774,2.4186626028973333,-7615,-3.6423381754349045,-2.6969852006381716,-5046,-2.4135572466506274,-0.6127312727204297,,,,,,UNWINDING_SHORT,short,QQQ
2019-07-09,NASDAQ-100 STOCK INDEX (MINI) - CHICAGO MERCANTILE EXCHANGE,209742,210823,32332,57066,80516,37290,48007,51622,4114,12710,32395,38676,NQ,2019-07-12 15:30:00-04:00,-3615,-1.7147085469801682,1.56220003344065,45.51282051282051,-0.37194330255416924,43226,20.503455505329114,-1.4141889087160102,95.51282051282051,1.3687788666089251,-24734,-11.732116514801517,0.8527238967372579,-8596,-4.077353988891155,-0.43501581345625073,-6281,-2.9792764546562758,-0.5657192080056483,,,,,,UNWINDING_SHORT,short,QQQ
2019-07-16,NASDAQ-100 STOCK INDEX (MINI) - CHICAGO MERCANTILE EXCHANGE,209742,216097,27334,59741,87650,35177,53307,60993,4914,12800,34082,38576,NQ,2019-07-19 15:30:00-04:00,-7686,-3.5567360953645815,-1.8420275483844133,36.53846153846153,-0.5177392184358713,52473,24.282151071046798,3.7786955657176833,100.0,1.7687687565167312,-32407,-14.996506198605257,-3.2643896838037403,-7886,-3.6492871256889265,0.42806686320222864,-4494,-2.079621651388034,0.8996548032682417,,,,,,NORMAL,,QQQ
2019-07-23,NASDAQ-100 STOCK INDEX (MINI) - CHICAGO MERCANTILE EXCHANGE,209742,224625,37014,59482,86268,37677,53319,65471,3641,13614,34912,38910,NQ,2019-07-26 15:30:00-04:00,-12152,-5.409905397885365,-1.8531693025207834,30.76923076923077,-0.6629467041789816,48591,21.632053422370618,-2.65009764867618,96.15384615384616,1.4798340526249187,-22468,-10.002448525319977,4.99405767328528,-9973,-4.439844184752365,-0.7905570590634388,-3998,-1.7798553144129103,0.2997663369751238,2019-08-01,187.47000122070312,177.34400024414063,-0.010921136112444576,348.984295466114,NORMAL,,QQQ
2019-07-30,NASDAQ-100 STOCK INDEX (MINI) - CHICAGO MERCANTILE EXCHANGE,209742,228217,38729,57892,90548,38749,50046,67067,3431,12862,32964,39148,NQ,2019-08-02 15:30:00-04:00,-17021,-7.458252452709482,-2.0483470548241174,23.717948717948715,-0.8258222034529843,51799,22.697257434809853,1.065204012439235,99.35897435897436,1.592027565382922,-19163,-8.39683283892085,1.6056156863991262,-9431,-4.132470411932503,0.30737377281986245,-6184,-2.709701731247015,-0.9298464168341045,,,,,,NORMAL,,QQQ
2019-08-06,NASDAQ-100 STOCK INDEX (MINI) - CHICAGO MERCANTILE EXCHANGE,209742,204915,34820,47677,94787,36471,26705,50880,3348,13791,31909,42750,NQ,2019-08-09 15:30:00-04:00,-24175,-11.79757460410414,-4.339322151394658,8.974358974358974,-1.1848225275445299,58316,28.458629187711978,5.761371752902125,100.0,2.186333058293286,-12857,-6.274308859771125,2.122523979149726,-10443,-5.096259424639484,-0.9637890127069815,-10841,-5.290486299197228,-2.5807845679502135,,,,,,EXTREME_SHORT,short,QQQ
2019-08-13,NASDAQ-100 STOCK INDEX (MINI) - CHICAGO MERCANTILE EXCHANGE,209742,194142,38145,42729,86488,35282,22846,49999,3425,13923,31675,40646,NQ,2019-08-16 15:30:00-04:00,-27153,-13.98615446425812,-2.1885798601539808,5.128205128205128,-1.3597285701508721,51206,26.375539553522678,-2.0830896341892995,99.35897435897436,1.9447837548199358,-4584,-2.361158327409834,3.913150532361291,-10498,-5.407382225381422,-0.31112280074193777,-8971,-4.620844536473303,0.6696417627239253,,,,,,EXTREME_SHORT,short,QQQ
2019-08-20,NASDAQ-100 STOCK INDEX (MINI) - CHICAGO MERCANTILE EXCHANGE,209742,191768,44433,36135,82499,36237,18276,54442,3712,11592,31049,41563,NQ,2019-08-23 15:30:00-04:00,-36166,-18.859246589629134,-4.873092125371013,0.0,-1.763335436544825,46262,24.12394142922698,-2.251598124295697,98.07692307692307,1.697243908271809,8298,4.327103583496725,6.688261910906559,-7880,-4.1091318676734385,1.2982503577079836,-10514,-5.482666555421134,-0.861822018947831,,,,,,EXTREME_SHORT,short,QQQ
2019-08-27,NASDAQ-100 STOCK INDEX (MINI) - CHICAGO MERCANTILE EXCHANGE,209742,200114,49229,37052,83530,40538,18772,53163,3306,11339,32119,44864,NQ,2019-08-30 15:30:00-04:00,-34391,-17.185704148635278,1.673542440993856,0.641025641025641,-1.5989424648303998,42992,21.48375426007176,-2.6401871691552223,93.58974358974359,1.4177663282340593,12177,6.085031532026745,1.7579279485300203,-8033,-4.014211899217446,0.09491996845599271,-12745,-6.36886974424578,-0.8862031888246458,2019-09-01,188.80999755859375,179.28800048828126,0.0854268518025503,351.47876218004654,EXTREME_SHORT,short,QQQ
2019-09-03,NASDAQ-100 STOCK INDEX (MINI) - CHICAGO MERCANTILE EXCHANGE,209742,200086,46398,41514,83656,41465,20342,51317,3100,10850,33334,41684,NQ,2019-09-06 15:30:00-04:00,-30975,-15.480843237407914,1.7048609112273638,3.205128205128205,-1.433118913687252,42191,21.08643283388143,-0.3973214261903273,92.94871794871796,1.3750527889774753,4884,2.4409503913317274,-3.6440811406950178,-7750,-3.873334466179543,0.140877433037903,-8350,-4.173205521625701,2.1956642226200787,,,,,,EXTREME_SHORT,short,QQQ
2019-09-10,NASDAQ-100 STOCK INDEX (MINI) - CHICAGO MERCANTILE EXCHANGE,209742,204212,38960,46155,80006,42565,34958,54054,3781,11423,33973,37481,NQ,2019-09-13 15:30:00-04:00,-19096,-9.35106653869508,6.129776698712833,20.51282051282051,-0.8887168750873129,37441,18.334377999334027,-2.7520548345474047,88.46153846153845,1.0924113348693123,-7195,-3.523299316396686,-5.964249707728413,-7642,-3.7421894893542005,0.13114497682534232,-3508,-1.7178226548880575,2.4553828667376436,,,,,,UNWINDING_SHORT,short,QQQ
2019-09-17,NASDAQ-100 STOCK INDEX (MINI) - CHICAGO MERCANTILE EXCHANGE,209742,249740,35957,49915,88296,45886,42693,55044,3857,11437,34533,43054,NQ,2019-09-20 15:30:00-04:00,-12351,-4.945543365099704,4.405523173595377,37.82051282051282,-0.49543406611381385,42410,16.98166092736446,-1.3527170719695683,81.41025641025641,0.9475667142136108,-13958,-5.589012573075999,-2.0657132566793135,-7580,-3.0351565628253385,0.707032926528862,-8521,-3.411948426363418,-1.6941257714753606,,,,,,UNWINDING_SHORT,short,QQQ
2019-09-24,NASDAQ-100 STOCK INDEX (MINI) - CHICAGO MERCANTILE EXCHANGE,209742,202930,32505,42600,81901,44446,44709,57441,3394,11264,29995,36753,NQ,2019-09-27 15:30:00-04:00,-12732,-6.274084659734884,-1.3285412946351798,31.41025641025641,-0.6017255225997087,37455,18.45710343468191,1.4754425073174495,89.1025641025641,1.1013096514694174,-10095,-4.974621790765289,0.6143907823107106,-7870,-3.878184595673385,-0.8430280328480464,-6758,-3.3302123885083526,0.08173603785506556,2019-10-01,197.0800018310547,183.57000122070312,0.05537108296952009,366.87376722476733,NORMAL,,QQQ
2019-10-01,NASDAQ-100 STOCK INDEX (MINI) - CHICAGO MERCANTILE EXCHANGE,209742,206517,33370,45749,85067,45150,43323,52309,3485,13631,30454,38860,NQ,2019-10-04 15:30:00-04:00,-8986,-4.351215638422018,1.9228690213128656,41.66666666666667,-0.4223025438624615,39917,19.328675121176463,0.8715716864945549,89.74358974358975,1.1895955979459276,-12379,-5.994179655912104,-1.0195578651468153,-10146,-4.912912738418629,-1.034728142745244,-8406,-4.070367088423713,-0.7401546999153603,,,,,,UNWINDING_SHORT,short,QQQ
2019-10-08,NASDAQ-100 STOCK INDEX (MINI) - CHICAGO MERCANTILE EXCHANGE,209742,202812,38557,39878,76449,47973,43561,51492,3157,15044,31094,38431,NQ,2019-10-11 15:30:00-04:00,-7931,-3.9105181152988977,0.4406975231231205,42.94871794871795,-0.37240636844629793,28476,14.04058931424176,-5.288085806934703,70.51282051282051,0.6496618301189593,-1321,-0.6513421296570223,5.342837526255082,-11887,-5.861093031970495,-0.9481802935518662,-7337,-3.6176360373153464,0.4527310511083664,,,,,,NORMAL,,QQQ
2019-10-15,NASDAQ-100 STOCK INDEX (MINI) - CHICAGO MERCANTILE EXCHANGE,209742,214331,34989,43102,83968,46401,52295,56128,2877,15896,29793,42395,NQ,2019-10-18 15:30:00-04:00,-3833,-1.7883553942266868,2.122162721072211,53.205128205128204,-0.16802549561915336,37567,17.527562508456548,3.4869731942147872,83.97435897435898,1.0033864696201307,-8113,-3.7852667136345186,-3.133924583977496,-13019,-6.0742496419090095,-0.21315660993851449,-12602,-5.879690758686331,-2.2620547213709843,,,,,,NORMAL,,QQQ
2019-10-22,NASDAQ-100 STOCK INDEX (MINI) - CHICAGO MERCANTILE EXCHANGE,209742,218954,36680,50309,87165,44159,48148,59556,3163,15217,32656,38571,NQ,2019-10-25 15:30:00-04:00,-11408,-5.210226805630406,-3.4218714114037194,37.17948717948718,-0.4720531474218349,43006,19.64156854864492,2.1140060401883716,90.38461538461539,1.2200170606872955,-13629,-6.224595120436256,-2.439328406801738,-12054,-5.50526594627182,0.5689836956371899,-5915,-2.701480676306439,3.1782100823798918,2019-11-01,205.10000610351562,187.26400146484374,0.0732600709202303,381.8033854166667,NORMAL,,QQQ
2019-10-29,NASDAQ-100 STOCK INDEX (MINI) - CHICAGO MERCANTILE EXCHANGE,209742,229678,33228,58286,91178,45389,58765,60293,3445,13848,32965,41765,NQ,2019-11-01 15:30:00-04:00,-1528,-0.6652792169907435,4.544947588639663,57.692307692307686,-0.030517187272832067,45789,19.93617150967877,0.2946029610338492,90.38461538461539,1.2473584154213273,-25058,-10.910056688058935,-4.685461567622679,-10403,-4.5293846167242835,0.9758813295475361,-8800,-3.8314509879048058,-1.1299703115983668,2019-11-01,205.10000610351562,187.26400146484374,0.0732600709202303,381.8033854166667,NORMAL,,QQQ
2019-11-05,NASDAQ-100 STOCK INDEX (MINI) - CHICAGO MERCANTILE EXCHANGE,209742,226851,34640,55666,91500,38568,53310,65047,3872,11744,32655,44952,NQ,2019-11-08 15:30:00-05:00,-11737,-5.173880652939594,-4.508601435948851,38.46153846153847,-0.4557540530362831,52932,23.33337741513152,3.3972059054527506,97.43589743589743,1.5818112911272857,-21026,-9.26863888631745,1.6414178017414844,-7872,-3.470119153100493,1.0592654636237904,-12297,-5.420738722773979,-1.5892877348691736,,,,,,NORMAL,,QQQ
2019-11-12,NASDAQ-100 STOCK INDEX (MINI) - CHICAGO MERCANTILE EXCHANGE,209742,231853,33710,55271,95303,40313,54419,67284,3587,12088,32413,44476,NQ,2019-11-15 15:30:00-05:00,-12865,-5.54877443897642,-0.374893786036826,35.256410256410255,-0.4879918268383121,54990,23.71761417794896,0.3842367628174408,97.43589743589743,1.600527641403596,-21561,-9.29942679197595,-0.030787905658499426,-8501,-3.666547338184108,-0.1964281850836147,-12063,-5.2028656088124805,0.2178731139614989,,,,,,NORMAL,,QQQ
2019-11-19,NASDAQ-100 STOCK INDEX (MINI) - CHICAGO MERCANTILE EXCHANGE,209742,232945,32184,49591,97249,38582,51824,71753,3651,12645,33566,45903,NQ,2019-11-22 15:30:00-05:00,-19929,-8.555238360986499,-3.006463922010078,25.0,-0.7927827116617918,58667,25.184914894073707,1.4673007161247469,98.71794871794873,1.7264193711379647,-17407,-7.472579364227608,1.8268474277483424,-8994,-3.860997231106055,-0.19444989292194714,-12337,-5.296099937753547,-0.0932343289410662,,,,,,NORMAL,,QQQ
2019-11-26,NASDAQ-100 STOCK INDEX (MINI) - CHICAGO MERCANTILE EXCHANGE,209742,224422,33409,43399,98307,38167,41497,71777,3870,12659,34445,45526,NQ,2019-11-29 15:30:00-05:00,-30280,-13.492438352746166,-4.937199991759668,7.6923076923076925,-1.2996454085646727,60140,26.797729277878283,1.6128143838045759,99.35897435897436,1.8634511136498129,-9990,-4.451435242534155,3.021144121693453,-8789,-3.916282717380649,-0.055285486274593953,-11081,-4.9375729652173135,0.3585269725362332,2019-12-01,212.61000061035156,191.20600128173828,0.13410145210407198,395.7835962496364,EXTREME_SHORT,short,QQQ
2019-12-03,NASDAQ-100 STOCK INDEX (MINI) - CHICAGO MERCANTILE EXCHANGE,209742,210730,41118,38006,81196,39022,34927,61838,4251,13781,33554,42399,NQ,2019-12-06 15:30:00-05:00,-26911,-12.770369667346841,0.722068685399325,10.256410256410255,-1.2071350476374885,42174,20.013287144687514,-6.784442133190769,87.82051282051282,1.173162910036629,3112,1.4767712238409338,5.928206466375088,-9530,-4.522374602572012,-0.606091885191363,-8845,-4.197314098609596,0.7402588666077179,,,,,,UNWINDING_SHORT,short,QQQ
2019-12-10,NASDAQ-100 STOCK INDEX (MINI) - CHICAGO MERCANTILE EXCHANGE,209742,213003,45833,34706,71316,37986,37545,64521,4833,13288,34699,43725,NQ,2019-12-13 15:30:00-05:00,-26976,-12.664610357600598,0.1057593097462437,11.538461538461538,-1.1807834100759378,33330,15.647666934268532,-4.365620210418982,74.35897435897436,0.7349246676839729,11127,5.223870086336812,3.7470988624958785,-8455,-3.9694276606432775,0.5529469419287345,-9026,-4.237499002361469,-0.040184903751873335,,,,,,UNWINDING_SHORT,short,QQQ
2019-12-17,NASDAQ-100 STOCK INDEX (MINI) - CHICAGO MERCANTILE EXCHANGE,209742,276325,42973,37142,65714,42245,56441,72755,5731,10294,36169,44592,NQ,2019-12-20 15:30:00-05:00,-16314,-5.90391748846467,6.760692869135927,35.8974358974359,-0.4606102369729591,23469,8.493259748484574,-7.154407185783958,50.0,0.030947200629389965,5831,2.110196326789107,-3.113673759547705,-4563,-1.6513163846919388,2.3181112759513387,-8423,-3.0482222021170724,1.1892768002443965,,,,,,UNWINDING_SHORT,short,QQQ
2019-12-24,NASDAQ-100 STOCK INDEX (MINI) - CHICAGO MERCANTILE EXCHANGE,209742,211094,21883,49985,83795,41957,53046,57349,4916,11191,32952,36110,NQ,2019-12-27 15:30:00-05:00,-4303,-2.038428377879049,3.8654891105856213,57.692307692307686,-0.04503026315827939,41838,19.819606431258112,11.326346682773538,86.53846153846155,1.1419210891818448,-28102,-13.312552701640028,-15.422749028429134,-6275,-2.972609358863824,-1.321292974171885,-3158,-1.496015992875212,1.5522062092418605,2020-01-01,219.07000732421875,195.14700164794922,0.1602669888083355,407.80920502472367,CONFIRMED_BULLISH,short,QQQ
2019-12-31,NASDAQ-100 STOCK INDEX (MINI) - CHICAGO MERCANTILE EXCHANGE,209742,216734,21743,57643,81146,40447,58921,58007,4774,11145,36716,36058,NQ,2020-01-03 15:30:00-05:00,914,0.4217150977696162,2.4601434756486653,66.02564102564102,0.23011643187720796,40699,18.77831812267572,-1.0412883085823914,83.97435897435898,1.0361893309884351,-35900,-16.564083161848163,-3.2515304602081354,-6371,-2.9395480173853663,0.03306134147845752,658,0.30359795878819196,1.799613951663404,,,,,,NORMAL,,QQQ
2020-01-07,NASDAQ-100 STOCK INDEX (MINI) - CHICAGO MERCANTILE EXCHANGE,209742,210289,21830,47504,77914,44759,54684,51020,4817,11639,35722,40045,NQ,2020-01-10 15:30:00-05:00,3664,1.7423640799090776,1.3206489821394614,70.51282051282051,0.3839247177408431,33155,15.76639767177551,-3.0119204509002113,74.35897435897436,0.7389425495481494,-25674,-12.208912496611806,4.355170665236358,-6822,-3.2441069195250347,-0.3045589021396684,-4323,-2.055742335547746,-2.359340294335938,,,,,,NORMAL,,QQQ
2020-01-14,NASDAQ-100 STOCK INDEX (MINI) - CHICAGO MERCANTILE EXCHANGE,209742,215871,21929,50801,77012,37277,60052,64650,5697,9850,36492,38604,NQ,2020-01-17 15:30:00-05:00,-4598,-2.1299757725678763,-3.872339852476954,55.769230769230774,-0.026708551685565324,39735,18.406826299039704,2.6404286272641944,82.6923076923077,0.9961430216069537,-28872,-13.374654307433607,-1.1657418108218014,-4153,-1.9238341416864702,1.3202727778385646,-2112,-0.9783620773517517,1.0773802581959941,,,,,,NORMAL,,QQQ
2020-01-21,NASDAQ-100 STOCK INDEX (MINI) - CHICAGO MERCANTILE EXCHANGE,209742,216925,26081,46324,77499,44071,60317,62364,4771,10278,35411,41042,NQ,2020-01-24 15:30:00-05:00,-2047,-0.9436441166301717,1.1863316559377046,63.46153846153846,0.11207485226581655,33428,15.409934309093005,-2.9968919899466986,71.7948717948718,0.7029060452833042,-20243,-9.33179670392993,4.042857603503677,-5507,-2.538665437363144,-0.6148312956766737,-5631,-2.595828051169759,-1.6174659738180073,,,,,,NORMAL,,QQQ
2020-01-28,NASDAQ-100 STOCK INDEX (MINI) - CHICAGO MERCANTILE EXCHANGE,209742,206168,24103,47055,77879,40610,50139,54112,6088,9426,35802,42808,NQ,2020-01-31 15:30:00-05:00,-3973,-1.9270691862946723,-0.9834250696645006,58.97435897435898,0.01518374552757199,37269,18.077005160839704,2.667070851746699,80.76923076923077,0.9601132015166228,-22952,-11.132668503356486,-1.800871799426556,-3338,-1.619067944588879,0.919597492774265,-7006,-3.3981995265996665,-0.8023714754299074,2020-02-01,205.8000030517578,196.77300262451172,0.04424599725840412,383.1064629235747,NORMAL,,QQQ
2020-02-04,NASDAQ-100 STOCK INDEX (MINI) - CHICAGO MERCANTILE EXCHANGE,209742,204786,34460,42286,74245,41805,41865,53258,6128,9143,34826,45032,NQ,2020-02-07 15:30:00-05:00,-11393,-5.563368589649683,-3.636299403355011,38.46153846153847,-0.37674591567694515,32440,15.840926625843563,-2.2360785349961407,74.35897435897436,0.7406626005824826,-7826,-3.8215503012901273,7.311118202066359,-3015,-1.4722686121121562,0.14679933247672272,-10206,-4.983739122791597,-1.5855395961919307,,,,,,NORMAL,,QQQ
2020-02-11,NASDAQ-100 STOCK INDEX (MINI) - CHICAGO MERCANTILE EXCHANGE,209742,207829,33813,41890,72888,49763,47331,57433,6257,7867,36020,39356,NQ,2020-02-14 15:30:00-05:00,-10102,-4.860726847552555,0.7026417420971285,44.871794871794876,-0.2898233430584111,23125,11.126936086879118,-4.713990538964445,56.41025641025641,0.2833384528196707,-8077,-3.886368119944762,-0.06481781865463487,-1610,-0.774675334048665,0.6975932780634913,-3336,-1.6051657853331345,3.3785733374584628,,,,,,NORMAL,,QQQ
2020-02-18,NASDAQ-100 STOCK INDEX (MINI) - CHICAGO MERCANTILE EXCHANGE,209742,208321,28761,46569,70924,41607,54482,61529,7040,7413,37061,41150,NQ,2020-02-21 15:30:00-05:00,-7047,-3.3827602594073567,1.4779665881451982,51.28205128205128,-0.11644546646249308,29317,14.072993121192775,2.9460570343136574,66.66666666666666,0.571463270537913,-17808,-8.548346062086875,-4.661977942142112,-373,-0.1790505997955079,0.5956247342531571,-4089,-1.9628361999030342,-0.3576704145698997,,,,,,NORMAL,,QQQ
2020-02-25,NASDAQ-100 STOCK INDEX (MINI) - CHICAGO MERCANTILE EXCHANGE,209742,214665,23960,67641,72148,33201,47624,45397,7669,8658,49361,45865,NQ,2020-02-28 15:30:00-05:00,2227,1.0374304148324134,4.42019067423977,72.43589743589743,0.3885263286967539,38947,18.143153285351595,4.070160164158819,80.76923076923077,0.9648036890351768,-43681,-20.348449910325392,-11.800103848238518,-989,-0.4607178627163254,-0.28166726292081756,3496,1.6285840728577086,3.5914202727607427,2020-03-01,190.39999389648438,198.41800231933593,-0.07167241233338645,354.43861574680045,NORMAL,,QQQ
2020-03-03,NASDAQ-100 STOCK INDEX (MINI) - CHICAGO MERCANTILE EXCHANGE,209742,216843,25980,51877,77560,38893,49190,59888,7429,10968,37230,35763,NQ,2020-03-06 15:30:00-05:00,-10698,-4.933523332549356,-5.9709537473817695,44.871794871794876,-0.2778362397587399,38667,17.83179535424247,-0.311357931109125,78.2051282051282,0.926204899824174,-25897,-11.94274198383162,8.405707926493772,-3539,-1.6320563725829287,-1.1713385098666032,1467,0.6765263347214344,-0.9520577381362741,,,,,,NORMAL,,QQQ
2020-03-10,NASDAQ-100 STOCK INDEX (MINI) - CHICAGO MERCANTILE EXCHANGE,209742,220158,32054,40114,72923,54699,50039,62556,7947,10287,38302,33609,NQ,2020-03-13 15:30:00-04:00,-12517,-5.685462258923137,-0.7519389263737812,37.17948717948718,-0.3552689648530052,18224,8.277691476121694,-9.554103878120776,49.358974358974365,-0.0049777596851018025,-8060,-3.6610070949045683,8.281734888927051,-2340,-1.0628730275529392,0.5691833450299895,4693,2.1316509052589505,1.455124570537516,,,,,,NORMAL,,QQQ
2020-03-17,NASDAQ-100 STOCK INDEX (MINI) - CHICAGO MERCANTILE EXCHANGE,209742,296271,36586,45725,59441,65875,62183,46442,8637,10748,61894,59951,NQ,2020-03-20 15:30:00-04:00,15741,5.313041100883988,10.998503359807126,80.12820512820514,0.9008108096746839,-6434,-2.17166040550712,-10.449351881628814,20.51282051282051,-1.015654849667442,-9139,-3.0846758542010524,0.5763312407035159,-2111,-0.7125233316794422,0.35034969587349707,1943,0.6558184905036267,-1.475832414755324,,,,,,NORMAL,,QQQ
2020-03-24,NASDAQ-100 STOCK INDEX (MINI) - CHICAGO MERCANTILE EXCHANGE,209742,199855,33447,65000,63431,39534,49024,40809,10629,9372,31489,33305,NQ,2020-03-27 15:30:00-04:00,8215,4.110480098071101,-1.202561002812887,79.48717948717949,0.7667354418854622,23897,11.957168947486927,14.128829352994048,58.97435897435898,0.3606952782657962,-31553,-15.787946261039254,-12.703270406838202,1257,0.6289559930949938,1.3414793247744359,-1816,-0.90865877761377,-1.5644772681173968,2020-04-01,218.91000366210938,201.63500213623047,0.02963173431951478,407.51135062172773,NORMAL,,QQQ
2020-03-31,NASDAQ-100 STOCK INDEX (MINI) - CHICAGO MERCANTILE EXCHANGE,209742,186519,35916,40543,60210,38825,38738,45848,11696,13768,26996,34572,NQ,2020-04-03 15:30:00-04:00,-7110,-3.8119440914866582,-7.922424189557759,51.28205128205128,-0.1322369314912529,21385,11.465319886982023,-0.4918490605049044,57.05128205128205,0.32167857218369406,-4627,-2.4807124207185325,13.307233840320722,-2072,-1.110878784466998,-1.7398347775619918,-7576,-4.061784590309834,-3.1531258126960644,,,,,,NORMAL,,QQQ
2020-04-07,NASDAQ-100 STOCK INDEX (MINI) - CHICAGO MERCANTILE EXCHANGE,209742,183367,33060,30868,61496,39491,41939,48728,7435,16379,27657,36121,NQ,2020-04-10 15:30:00-04:00,-6789,-3.702411011796016,0.10953307969064241,51.92307692307693,-0.10803219694689413,22005,12.000523540222614,0.5352036532405915,60.256410256410255,0.37857374981229963,2192,1.195416841634536,3.6761292623530686,-8944,-4.877649740683983,-3.7667709562169853,-8464,-4.615879629377151,-0.5540950390673167,,,,,,NORMAL,,QQQ
2020-04-14,NASDAQ-100 STOCK INDEX (MINI) - CHICAGO MERCANTILE EXCHANGE,209742,177937,32055,26596,65814,33990,35034,54070,7470,17440,26422,34699,NQ,2020-04-17 15:30:00-04:00,-19036,-10.69816845287939,-6.995757441083374,16.666666666666664,-0.9171300910846768,31824,17.884981763208327,5.884458222985712,80.76923076923077,0.9576140328607708,5459,3.067939776437728,1.8725229348031918,-9970,-5.603106717546098,-0.7254569768621142,-8277,-4.6516463692205665,-0.03576673984341561,,,,,,NORMAL,,QQQ
2020-04-21,NASDAQ-100 STOCK INDEX (MINI) - CHICAGO MERCANTILE EXCHANGE,209742,179254,32342,28406,62232,37220,36890,54841,9125,15661,26813,31274,NQ,2020-04-24 15:30:00-04:00,-17951,-10.014281410735604,0.6838870421437857,19.230769230769234,-0.8311713068567651,25012,13.953384582770816,-3.9315971804375103,66.66666666666666,0.5715493548054471,3936,2.19576690059915,-0.872172875838578,-6536,-3.646222678433954,1.9568840391121434,-4461,-2.488647394200408,2.1629989750201584,2020-05-01,233.36000061035156,205.86100158691406,0.06523025885959798,434.41070503381326,NORMAL,,QQQ
2020-04-28,NASDAQ-100 STOCK INDEX (MINI) - CHICAGO MERCANTILE EXCHANGE,209742,181751,33842,35009,63428,37129,34107,51789,9839,14427,27927,30789,NQ,2020-05-01 15:30:00-04:00,-17682,-9.728694752711126,0.2855866580244779,21.794871794871796,-0.7944400637332575,26299,14.469796589839946,0.51641200706913,68.58974358974359,0.6245697566543539,-1167,-0.642087251239333,-2.8378541518384828,-4588,-2.5243327409477803,1.121889937486174,-2862,-1.574681844941706,0.9139655492587022,2020-05-01,233.36000061035156,205.86100158691406,0.06523025885959798,434.41070503381326,NORMAL,,QQQ
2020-05-05,NASDAQ-100 STOCK INDEX (MINI) - CHICAGO MERCANTILE EXCHANGE,209742,184505,34688,47540,64453,31762,34810,48055,9854,13872,28958,31534,NQ,2020-05-08 15:30:00-04:00,-13245,-7.178667244790114,2.550027507921012,32.69230769230769,-0.4674659063237255,32691,17.718219018454786,3.2484224286148393,79.48717948717949,0.9442959425313524,-12852,-6.96566488713043,-6.3235776358910964,-4018,-2.177718761009187,0.34661397993859344,-2576,-1.3961681255250535,0.1785137194166524,,,,,,NORMAL,,QQQ
2020-05-12,NASDAQ-100 STOCK INDEX (MINI) - CHICAGO MERCANTILE EXCHANGE,209742,196564,36072,51464,69920,28919,36804,56060,9042,15883,31134,30646,NQ,2020-05-15 15:30:00-04:00,-19256,-9.796300441586455,-2.6176331967963407,21.794871794871796,-0.7963521183814815,41001,20.858855131153213,3.1406361126984272,90.38461538461539,1.251520685472611,-15392,-7.8305284792739265,-0.8648635921434966,-6841,-3.480291406361287,-1.3025726453521003,488,0.24826519606845607,1.6444333215935096,,,,,,NORMAL,,QQQ
2020-05-19,NASDAQ-100 STOCK INDEX (MINI) - CHICAGO MERCANTILE EXCHANGE,209742,198166,40272,40640,63880,30927,39266,65905,8216,16301,31204,29065,NQ,2020-05-22 15:30:00-04:00,-26639,-13.442770202759302,-3.646469761172847,8.333333333333332,-1.2649037523448579,32953,16.628987818293755,-4.229867312859458,76.92307692307693,0.8340626596281006,-368,-0.1857028955522138,7.644825583721713,-8085,-4.07991280037948,-0.5996213940181931,2139,1.0793980803972427,0.8311328843287866,,,,,,EXTREME_SHORT,short,QQQ
2020-05-26,NASDAQ-100 STOCK INDEX (MINI) - CHICAGO MERCANTILE EXCHANGE,209742,210002,39703,42314,72655,31262,40874,73602,8528,16257,33594,31919,NQ,2020-05-29 15:30:00-04:00,-32728,-15.58461347987162,-2.1418432771123186,3.205128205128205,-1.5378070427700568,41393,19.710764659384196,3.0817768410904414,85.8974358974359,1.1326867511029586,-2611,-1.243321492176265,-1.0576185966240512,-7729,-3.6804411386558225,0.3994716617236578,1675,0.7976114513195113,-0.28178662907773144,2020-06-01,247.60000610351562,211.8740020751953,0.20310982717160259,460.919150396306,EXTREME_SHORT,short,QQQ
2020-06-02,NASDAQ-100 STOCK INDEX (MINI) - CHICAGO MERCANTILE EXCHANGE,209742,209734,42270,43458,73607,32781,41064,70259,8504,15933,29735,32749,NQ,2020-06-05 15:30:00-04:00,-29195,-13.92001296880811,1.6646005110635116,8.333333333333332,-1.3084342495074315,40826,19.465608818789516,-0.24515584059468054,84.61538461538461,1.1028925545392754,-1188,-0.5664317659511572,0.6768897262251078,-7429,-3.5421057148578674,0.13833542379795505,-3014,-1.4370583691723802,-2.2346698204918916,,,,,,EXTREME_SHORT,short,QQQ
2020-06-09,NASDAQ-100 STOCK INDEX (MINI) - CHICAGO MERCANTILE EXCHANGE,209742,216274,49463,37182,72443,32855,37615,76797,6775,12941,30616,37137,NQ,2020-06-12 15:30:00-04:00,-39182,-18.116833276306906,-4.196820307498797,0.641025641025641,-1.8802612229069393,39588,18.304558106845946,-1.1610507119435702,80.76923076923077,0.9844958234217731,12281,5.678444935590964,6.244876701542121,-6166,-2.851013066757909,0.6910926480999584,-6521,-3.015156699372093,-1.5780983301997127,,,,,,EXTREME_SHORT,short,QQQ
2020-06-16,NASDAQ-100 STOCK INDEX (MINI) - CHICAGO MERCANTILE EXCHANGE,209742,228649,37436,45690,78374,24347,35954,75909,7605,15452,32695,30666,NQ,2020-06-19 15:30:00-04:00,-39955,-17.474382131564102,0.6424511447428038,1.282051282051282,-1.7694926647175715,54027,23.628793478213332,5.3242353713673864,95.51282051282051,1.4892213482583319,-8254,-3.6098998902247548,-9.288344825815718,-7847,-3.4318977996842324,-0.5808847329263234,2029,0.8873863432597562,3.902543042631849,,,,,,EXTREME_SHORT,short,QQQ
2020-06-23,NASDAQ-100 STOCK INDEX (MINI) - CHICAGO MERCANTILE EXCHANGE,209742,182561,13762,49004,79756,24875,41059,55853,7930,12595,30130,30310,NQ,2020-06-26 15:30:00-04:00,-14794,-8.103592771731092,9.37078935983301,35.256410256410255,-0.4684329247648227,54881,30.061732790683664,6.432939312470332,100.0,2.103595070081526,-35242,-19.304232557884763,-15.694332667660008,-4665,-2.555310279851666,0.8765875198325666,-180,-0.09859718121614146,-0.9859835244758977,2020-07-01,265.7900085449219,219.57200317382814,0.3959559719808874,494.7807023523851,UNWINDING_SHORT,short,QQQ
2020-06-30,NASDAQ-100 STOCK INDEX (MINI) - CHICAGO MERCANTILE EXCHANGE,209742,194081,14381,55058,82938,24355,46851,58670,7374,12662,31153,31952,NQ,2020-07-03 15:30:00-04:00,-11819,-6.089725423920941,2.0138673478101516,42.94871794871795,-0.1736319318314265,58583,30.184819740211562,0.12308694952789878,100.0,2.0820009761994194,-40677,-20.95877494448194,-1.6545423865971784,-5288,-2.7246355902947736,-0.16932531044310783,-799,-0.411683781513904,-0.31308660029776253,,,,,,UNWINDING_SHORT,short,QQQ
2020-07-07,NASDAQ-100 STOCK INDEX (MINI) - CHICAGO MERCANTILE EXCHANGE,209742,212535,22681,57186,82135,21790,55721,75973,8314,12212,32608,34298,NQ,2020-07-10 15:30:00-04:00,-20252,-9.528783494483262,-3.4390580705623215,26.923076923076923,-0.6546871520167381,60345,28.39297056955325,-1.7918491706583133,98.07692307692307,1.8755571795914407,-34505,-16.23497306326017,4.723801881221771,-3898,-1.83405086221093,0.8905847280838437,-1690,-0.7951631495988896,-0.38347936808498556,,,,,,NORMAL,,QQQ
2020-07-14,NASDAQ-100 STOCK INDEX (MINI) - CHICAGO MERCANTILE EXCHANGE,209742,223283,34911,47287,68793,28190,65539,88883,10375,12310,33358,36306,NQ,2020-07-17 15:30:00-04:00,-23344,-10.454893565564776,-0.9261100710815136,21.153846153846153,-0.7787232814711869,40603,18.184546069338015,-10.208424500215234,78.2051282051282,0.8965092463887179,-12376,-5.54274172238818,10.692231340871992,-1935,-0.8666132217858055,0.9674376404251245,-2948,-1.320297559599253,-0.5251344100003634,,,,,,NORMAL,,QQQ
2020-07-21,NASDAQ-100 STOCK INDEX (MINI) - CHICAGO MERCANTILE EXCHANGE,209742,222203,49651,43445,65920,28945,52543,91702,7065,13133,34734,32688,NQ,2020-07-24 15:30:00-04:00,-39159,-17.623074395935248,-7.168180830370472,1.282051282051282,-1.8231397195122288,36975,16.640189376381056,-1.5443566929569599,72.43589743589743,0.7473422528973274,6206,2.792941589447487,8.335683311835666,-6068,-2.7308362173327994,-1.864222995546994,2046,0.9207796474395035,2.2410772070387566,,,,,,EXTREME_SHORT,short,QQQ
2020-07-28,NASDAQ-100 STOCK INDEX (MINI) - CHICAGO MERCANTILE EXCHANGE,209742,220915,47419,44012,66979,28371,52329,92785,7654,14362,37396,32247,NQ,2020-07-31 15:30:00-04:00,-40456,-18.312925785935768,-0.6898513900005199,0.641025641025641,-1.9314601165463101,38608,17.47640495213091,0.8362155757498542,73.07692307692307,0.8184243822871342,3407,1.5422221216304914,-1.2507194678169957,-6708,-3.036461987642306,-0.30562577030950644,5149,2.3307606998166714,1.409981052377168,2020-08-01,294.8800048828125,229.3520034790039,0.34703759512956694,548.9331097294939,EXTREME_SHORT,short,QQQ
2020-08-04,NASDAQ-100 STOCK INDEX (MINI) - CHICAGO MERCANTILE EXCHANGE,209742,228566,50202,38963,67607,29412,55360,96723,9248,21006,37793,34106,NQ,2020-08-07 15:30:00-04:00,-41363,-18.096742297629568,0.21618348830619993,1.9230769230769231,-1.8879913928518604,38195,16.710709379347758,-0.7656955727831516,71.7948717948718,0.7404476083349739,11239,4.917179283007972,3.3749571613774805,-11758,-5.144247175870427,-2.107785188228121,3687,1.6131008111442646,-0.7176598886724068,,,,,,EXTREME_SHORT,short,QQQ
2020-08-11,NASDAQ-100 STOCK INDEX (MINI) - CHICAGO MERCANTILE EXCHANGE,209742,235063,59328,40945,65736,32071,48712,98928,10051,15811,38323,34395,NQ,2020-08-14 15:30:00-04:00,-50216,-21.362783594185387,-3.2660412965558194,0.0,-2.368593895246681,33665,14.321692482440877,-2.389016896906881,64.1025641025641,0.5134002406973429,18383,7.820456643538115,2.9032773605301436,-5760,-2.4504069121894982,2.6938402636809284,3928,1.671041380395894,0.05794056925162927,,,,,,EXTREME_SHORT,short,QQQ
2020-08-18,NASDAQ-100 STOCK INDEX (MINI) - CHICAGO MERCANTILE EXCHANGE,209742,229944,42824,45096,85562,27117,40061,98485,10885,14816,41206,35024,NQ,2020-08-21 15:30:00-04:00,-58424,-25.407925407925408,-4.04514181374002,0.0,-2.946174513445892,58445,25.417058066311796,11.095365583870919,96.15384615384616,1.530554332270092,-2272,-0.9880666597084508,-8.808523303246567,-3931,-1.7095466722332393,0.7408602399562589,6182,2.6884806735553006,1.0174392931594067,,,,,,EXTREME_SHORT,short,QQQ
2020-08-25,NASDAQ-100 STOCK INDEX (MINI) - CHICAGO MERCANTILE EXCHANGE,209742,234983,41479,43170,83345,28924,43198,100936,12004,13915,43960,37041,NQ,2020-08-28 15:30:00-04:00,-57738,-24.57113918879238,0.8367862191330282,0.641025641025641,-2.727880477721519,54421,23.15954771196214,-2.2575103543496553,91.66666666666666,1.3009743899471113,-1691,-0.7196265261742338,0.2684401335342169,-1911,-0.8132503202359319,0.8962963519973074,6919,2.9444683232404048,0.2559876496851041,2020-09-01,277.8399963378906,236.6260025024414,0.19060676898869525,517.2123259344096,EXTREME_SHORT,short,QQQ
2020-09-01,NASDAQ-100 STOCK INDEX (MINI) - CHICAGO MERCANTILE EXCHANGE,209742,245148,44103,43638,82174,32209,50115,102256,11473,16454,44978,38286,NQ,2020-09-04 15:30:00-04:00,-52141,-21.269192487803288,3.3019467009890917,1.9230769230769231,-2.1692840350765437,49965,20.38156542170444,-2.7779822902577003,84.61538461538461,1.0301549598753954,465,0.18968133535660092,0.9093078615308348,-4981,-2.0318338309918906,-1.2185835107559586,6692,2.7297795617341363,-0.21468876150626848,,,,,,EXTREME_SHORT,short,QQQ
2020-09-08,NASDAQ-100 STOCK INDEX (MINI) - CHICAGO MERCANTILE EXCHANGE,209742,250803,45203,40742,69136,36955,54746,78121,12166,47938,57981,35476,NQ,2020-09-11 15:30:00-04:00,-23375,-9.320063954577895,11.949128533225393,34.61538461538461,-0.4159503295865484,32181,12.831186229829786,-7.550379191874654,56.41025641025641,0.33126820895764514,4461,1.7786868578127055,1.5890055224561046,-35772,-14.26298728484109,-12.231153453849199,22505,8.973178151776494,6.243398590042358,,,,,,UNWINDING_SHORT,short,QQQ
2020-09-15,NASDAQ-100 STOCK INDEX (MINI) - CHICAGO MERCANTILE EXCHANGE,209742,348364,79019,23801,73777,32472,64098,71579,10008,124039,60638,35649,NQ,2020-09-18 15:30:00-04:00,-7481,-2.1474664431456754,7.17259751143222,73.71794871794873,0.6187479307644127,41305,11.856850880113903,-0.9743353497158829,52.56410256410257,0.23551329656435788,55218,15.850661951292327,14.071975093479622,-114031,-32.73329046629387,-18.470303181452785,24989,7.1732440780333215,-1.7999340737431728,,,,,,UNWINDING_SHORT,short,QQQ
2020-09-22,NASDAQ-100 STOCK INDEX (MINI) - CHICAGO MERCANTILE EXCHANGE,209742,332017,124962,9942,74906,32999,64101,45919,10220,200248,49007,34088,NQ,2020-09-25 15:30:00-04:00,18182,5.476225614953451,7.6236920580991265,94.87179487179486,1.7423984811755056,41907,12.621944057081414,0.7650931769675111,55.12820512820513,0.3027742603951386,115020,34.64280443471268,18.792142483420353,-190028,-57.2344187195234,-24.501128253229524,14919,4.493444612775852,-2.67979946525747,2020-10-01,269.3800048828125,242.3030029296875,0.08796445170599543,501.4636507417103,EXTREME_LONG,long,QQQ
2020-09-29,NASDAQ-100 STOCK INDEX (MINI) - CHICAGO MERCANTILE EXCHANGE,209742,275596,81205,15633,70680,34360,53195,56842,12225,125741,48557,33286,NQ,2020-10-02 15:30:00-04:00,-3647,-1.32331383619501,-6.799539451148461,82.05128205128204,0.75045955580237,36320,13.178710866630865,0.5567668095494511,57.05128205128205,0.34904710968029934,65572,23.79279815381936,-10.850006280893322,-113516,-41.18927705772217,16.045141661801225,15271,5.5410818734669585,1.0476372606911069,,,,,,UNWINDING_LONG,long,QQQ
2020-10-06,NASDAQ-100 STOCK INDEX (MINI) - CHICAGO MERCANTILE EXCHANGE,209742,277502,92137,19013,67902,36229,46904,54587,12236,124238,48199,33311,NQ,2020-10-09 15:30:00-04:00,-7683,-2.7686286945679672,-1.4453148583729571,70.51282051282051,0.545050085124643,31673,11.413611433431111,-1.7650994331997545,49.358974358974365,0.1837374145252227,73124,26.350801075307565,2.5580029214882067,-112002,-40.36079019250312,0.8284868652190553,14888,5.365006378332408,-0.17607549513455023,,,,,,UNWINDING_LONG,long,QQQ
2020-10-13,NASDAQ-100 STOCK INDEX (MINI) - CHICAGO MERCANTILE EXCHANGE,209742,226211,41440,50961,67015,37152,45772,71387,11559,21123,49058,34221,NQ,2020-10-16 15:30:00-04:00,-25615,-11.323498857261583,-8.554870162693616,23.717948717948715,-0.6918288007466475,29863,13.201391621097118,1.7877801876660069,57.05128205128205,0.3428086622335276,-9521,-4.208902308022156,-30.559703383329722,-9564,-4.227911109539324,36.1328790829638,14837,6.558920653725946,1.1939142753935377,,,,,,UNWINDING_LONG,long,QQQ
2020-10-20,NASDAQ-100 STOCK INDEX (MINI) - CHICAGO MERCANTILE EXCHANGE,209742,219891,50495,45149,55115,37541,44716,73052,11904,21414,46851,31925,NQ,2020-10-23 15:30:00-04:00,-28336,-12.88638461783338,-1.5628857605717972,17.94871794871795,-0.9120241724116516,17574,7.992141561046155,-5.209250060050963,37.82051282051282,-0.13754787943421345,5346,2.431204551345894,6.64010685936805,-9510,-4.3248700492516745,-0.09695893971235048,14926,6.787908554693007,0.228987900967061,,,,,,UNWINDING_LONG,long,QQQ
2020-10-27,NASDAQ-100 STOCK INDEX (MINI) - CHICAGO MERCANTILE EXCHANGE,209742,227676,59810,44747,54224,35507,48087,80881,11057,21863,44148,34328,NQ,2020-10-30 15:30:00-04:00,-32794,-14.403801893919429,-1.5174172760860483,12.82051282051282,-1.1283618994224403,18717,8.220892847730987,0.22875128668483224,39.1025641025641,-0.11918543997933399,15063,6.615980604016234,4.18477605267034,-10806,-4.7462183102303275,-0.42134826097865297,9820,4.313146752402537,-2.4747618022904696,2020-11-01,299.6199951171875,250.35800170898438,0.1272808814652938,557.7568262798138,NORMAL,,QQQ
2020-11-03,NASDAQ-100 STOCK INDEX (MINI) - CHICAGO MERCANTILE EXCHANGE,209742,222955,52949,39151,51595,34802,51007,84637,12431,19441,43979,33930,NQ,2020-11-06 15:30:00-05:00,-33630,-15.083761297122738,-0.6799594032033092,10.897435897435898,-1.2254779871026222,16793,7.532013186517458,-0.6888796612135284,35.8974358974359,-0.18387638891048538,13798,6.188692785539683,-0.4272878184765512,-7010,-3.1441322239913885,1.602086086238939,10049,4.507187549056985,0.1940407966544475,,,,,,NORMAL,,QQQ
2020-11-10,NASDAQ-100 STOCK INDEX (MINI) - CHICAGO MERCANTILE EXCHANGE,209742,238100,57015,40712,54872,39444,59611,79611,11442,35645,44124,31652,NQ,2020-11-13 15:30:00-05:00,-20000,-8.399832003359933,6.683929293762805,42.94871794871795,-0.19515916991374582,15428,6.479630407391852,-1.0523827791256064,33.33333333333333,-0.28197887721042564,16303,6.847123057538849,0.6584302719991664,-24203,-10.165056698866023,-7.020924474874635,12472,5.238135237295254,0.7309476882382695,,,,,,NORMAL,,QQQ
2020-11-17,NASDAQ-100 STOCK INDEX (MINI) - CHICAGO MERCANTILE EXCHANGE,209742,238473,63201,39056,60621,34727,52350,84014,8994,35418,40112,32063,NQ,2020-11-20 15:30:00-05:00,-31664,-13.277813421225883,-4.87798141786595,18.58974358974359,-0.9444292218052519,25894,10.858252296905729,4.378621889513877,46.794871794871796,0.11692782366555035,24145,10.124835935305045,3.277712877766196,-26424,-11.080499679208968,-0.9154429803429451,8049,3.3752248682240755,-1.8629103690711788,,,,,,NORMAL,,QQQ
2020-11-24,NASDAQ-100 STOCK INDEX (MINI) - CHICAGO MERCANTILE EXCHANGE,209742,247258,70766,37725,63376,33726,47005,93286,9004,35817,44779,34376,NQ,2020-11-27 15:30:00-05:00,-46281,-18.717695686287197,-5.439882265061314,3.205128205128205,-1.8003155758149374,29650,11.991523024533079,1.13327072762735,51.28205128205128,0.21729938430193396,33041,13.362965000121331,3.2381290648162864,-26813,-10.84413851119074,0.23636116801822737,10403,4.207346172823528,0.8321213045994527,2020-12-01,313.739990234375,261.1520004272461,0.06395816955801258,584.04186663758,EXTREME_SHORT,short,QQQ
2020-12-01,NASDAQ-100 STOCK INDEX (MINI) - CHICAGO MERCANTILE EXCHANGE,209742,245965,69501,39259,66517,33075,45701,93536,8715,33617,43811,34758,NQ,2020-12-04 15:30:00-05:00,-47835,-19.447888927286403,-0.7301932409992062,2.564102564102564,-1.899246509087859,33442,13.596243367958856,1.604720343425777,57.05128205128205,0.3598540043231807,30242,12.295245258471734,-1.0677197416495972,-24902,-10.124204663265099,0.7199338479256419,9053,3.6806049641209113,-0.5267412087026169,,,,,,EXTREME_SHORT,short,QQQ
2020-12-08,NASDAQ-100 STOCK INDEX (MINI) - CHICAGO MERCANTILE EXCHANGE,209742,244507,59802,46008,70670,29554,45533,104704,9045,13817,44369,35336,NQ,2020-12-11 15:30:00-05:00,-59171,-24.200125149791212,-4.752236222504809,1.282051282051282,-2.6233274240321918,41116,16.81587848200665,3.2196351140477937,69.87179487179486,0.649155370584299,13794,5.64155627446249,-6.653688984009245,-4772,-1.9516823649220676,8.172522298343031,9033,3.6943727582441404,0.013767794123229038,,,,,,EXTREME_SHORT,short,QQQ
2020-12-15,NASDAQ-100 STOCK INDEX (MINI) - CHICAGO MERCANTILE EXCHANGE,209742,276828,58768,39431,67886,31866,42220,107724,13006,13850,53326,42335,NQ,2020-12-18 15:30:00-05:00,-65504,-23.662346294449982,0.5377788553412302,1.9230769230769231,-2.473734839746318,36020,13.011689568974237,-3.8041889130324122,54.48717948717948,0.2918975728052926,19337,6.9852038088632655,1.343647534400776,-844,-0.3048824540870143,1.6467999108350533,10991,3.970335370699496,0.2759626124553556,,,,,,EXTREME_SHORT,short,QQQ
2020-12-21,NASDAQ-100 STOCK INDEX (MINI) - CHICAGO MERCANTILE EXCHANGE,209742,212706,40391,49496,76432,24490,41623,85836,13783,12262,32487,32632,NQ,2020-12-24 15:30:00-05:00,-44213,-20.785967485637453,2.876378808812529,3.8461538461538463,-1.970799268858798,51942,24.41962144932442,11.407931880350183,94.87179487179486,1.339308387828373,-9105,-4.28055626075428,-11.265760069617546,1521,0.7150715071507151,1.0199539612377295,-145,-0.0681692100834015,-4.038504580782898,,,,,,EXTREME_SHORT,short,QQQ
2020-12-29,NASDAQ-100 STOCK INDEX (MINI) - CHICAGO MERCANTILE EXCHANGE,209742,216887,42414,43225,79630,21236,41964,98604,9388,13304,35383,32410,NQ,2021-01-01 15:30:00-05:00,-56640,-26.11498153416295,-5.329014048525497,0.0,-2.7476533461561865,58394,26.923697593677815,2.5040761443533945,97.43589743589743,1.5517919911417937,-811,-0.37392743686804647,3.906628823886234,-3916,-1.8055485114368313,-2.5206200185875463,2973,1.370759888790015,1.4389290988734165,2021-01-01,314.55999755859375,273.56800079345703,0.13216240175891267,585.5683491492147,EXTREME_SHORT,short,QQQ
2021-01-05,NASDAQ-100 STOCK INDEX (MINI) - CHICAGO MERCANTILE EXCHANGE,209742,220898,43197,39997,79503,21924,45851,102932,8608,14586,34731,32451,NQ,2021-01-08 15:30:00-05:00,-57081,-25.840433141087743,0.2745483930752073,0.641025641025641,-2.6247117758536547,57579,26.065876558411574,-0.857821035266241,95.51282051282051,1.451648846523701,3200,1.448632400474427,1.8225598373424736,-5978,-2.7062264031362893,-0.900677891699458,2280,1.0321505853380293,-0.3386093034519857,,,,,,EXTREME_SHORT,short,QQQ
2021-01-12,NASDAQ-100 STOCK INDEX (MINI) - CHICAGO MERCANTILE EXCHANGE,209742,232289,53308,31491,77760,24308,46853,117449,9258,13557,34736,35110,NQ,2021-01-15 15:30:00-05:00,-70596,-30.391452027431345,-4.551018886343602,0.0,-3.211034211406613,53452,23.01099061944388,-3.0548859389676934,89.1025641025641,1.1578422183003851,21817,9.392179569415685,7.943547168941258,-4299,-1.8507118287994697,0.8555145743368195,-374,-0.16100633262875125,-1.1931569179667805,,,,,,EXTREME_SHORT,short,QQQ
2021-01-19,NASDAQ-100 STOCK INDEX (MINI) - CHICAGO MERCANTILE EXCHANGE,209742,235051,51534,35461,79996,22686,50825,113677,8805,14428,33370,38278,NQ,2021-01-22 15:30:00-05:00,-62852,-26.739728824808232,3.6517232026231135,0.641025641025641,-2.578717137273932,57310,24.38194264223509,1.370952022791208,92.94871794871796,1.2672308209943217,16073,6.838090456964658,-2.5540891124510265,-5623,-2.3922467889947288,-0.541534960195259,-4908,-2.0880574853967864,-1.9270511527680352,,,,,,EXTREME_SHORT,short,QQQ
2021-01-26,NASDAQ-100 STOCK INDEX (MINI) - CHICAGO MERCANTILE EXCHANGE,209742,232059,45994,39134,77792,21848,52949,107694,9807,13152,34990,39704,NQ,2021-01-29 15:30:00-05:00,-54745,-23.590983327515847,3.148745497292385,5.128205128205128,-2.073710431975107,55944,24.107662275541994,-0.27428036669309463,91.02564102564102,1.22666021803987,6860,2.9561447735274218,-3.8819456834372366,-3345,-1.4414437707651933,0.9508030182295355,-4714,-2.031379950788377,0.056677534608409186,2021-02-01,314.1400146484375,283.0910018920898,0.1661593620695671,584.7865310500291,EXTREME_SHORT,short,QQQ
2021-02-02,NASDAQ-100 STOCK INDEX (MINI) - CHICAGO MERCANTILE EXCHANGE,209742,234732,44780,42666,81903,26752,48966,103787,9469,14442,39491,36962,NQ,2021-02-05 15:30:00-05:00,-54821,-23.35471942470562,0.2362639028102258,5.769230769230769,-2.001964200098444,55151,23.49530528432425,-0.6123569912177445,89.1025641025641,1.156410269339906,2114,0.9006015370720651,-2.0555432364553567,-4973,-2.1185863026770955,-0.6771425319119022,2529,1.0773989059864015,3.1087788567747787,,,,,,EXTREME_SHORT,short,QQQ
2021-02-09,NASDAQ-100 STOCK INDEX (MINI) - CHICAGO MERCANTILE EXCHANGE,209742,234372,46910,44902,80589,25848,48331,102355,9217,13169,38319,37092,NQ,2021-02-12 15:30:00-05:00,-54024,-23.050535046848598,0.30418437785702324,6.41025641025641,-1.9296742580084418,54741,23.356458962674722,-0.13884632164952748,88.46153846153845,1.129127201384383,2008,0.8567576331643711,-0.04384390390769399,-3952,-1.6862082501322684,0.4323780525448271,1227,0.5235267011417746,-0.553872204844627,,,,,,EXTREME_SHORT,short,QQQ
2021-02-16,NASDAQ-100 STOCK INDEX (MINI) - CHICAGO MERCANTILE EXCHANGE,209742,235353,51430,41539,72793,26006,49983,102293,9353,13832,37670,37559,NQ,2021-02-19 15:30:00-05:00,-52310,-22.226187896478905,0.8243471503696931,7.051282051282051,-1.7872720733633336,46787,19.87950015508619,-3.476958807588531,77.56410256410257,0.8083033001283679,9891,4.202623293520796,3.345865660356425,-4479,-1.9030987495379281,-0.21689049940565974,111,0.04716319740984819,-0.4763635037319264,,,,,,EXTREME_SHORT,short,QQQ
2021-02-23,NASDAQ-100 STOCK INDEX (MINI) - CHICAGO MERCANTILE EXCHANGE,209742,240070,69657,34252,57138,34541,51726,103574,8841,17484,38216,35727,NQ,2021-02-26 15:30:00-05:00,-51848,-21.597034198358813,0.629153698120092,7.6923076923076925,-1.6832653988520865,22597,9.412671304202942,-10.46682885088325,36.53846153846153,-0.14198879501558084,35405,14.747781896946725,10.545158603425929,-8643,-3.6001999416836754,-1.6971011921457473,2489,1.0367809388928229,0.9896177414829747,2021-03-01,319.1300048828125,291.6680023193359,0.06511584701813454,594.0756344531704,EXTREME_SHORT,short,QQQ
2021-03-02,NASDAQ-100 STOCK INDEX (MINI) - CHICAGO MERCANTILE EXCHANGE,209742,244016,86577,26127,49907,41642,48155,97593,8022,20996,35334,41637,NQ,2021-03-05 15:30:00-05:00,-49438,-20.260146875614712,1.3368873227441007,10.256410256410255,-1.4803503692919724,8265,3.387072978821061,-6.02559832538188,23.717948717948715,-0.6979874995998676,60450,24.772965707166744,10.02518381022002,-12974,-5.316864467903744,-1.7166645262200686,-6303,-2.583027342469346,-3.619808281362169,,,,,,UNWINDING_SHORT,short,QQQ
2021-03-09,NASDAQ-100 STOCK INDEX (MINI) - CHICAGO MERCANTILE EXCHANGE,209742,253528,86221,24463,50384,54451,57779,90891,7470,20368,35185,46866,NQ,2021-03-12 15:30:00-05:00,-33112,-13.060490360039127,7.199656515575585,28.205128205128204,-0.5086199060492358,-4067,-1.6041620649395727,-4.991235043760634,19.871794871794872,-1.1723281653934152,61758,24.359439588526712,-0.4135261186400321,-12898,-5.087406519201035,0.2294579487027093,-11681,-4.607380644346976,-2.0243533018776296,,,,,,UNWINDING_SHORT,short,QQQ
2021-03-16,NASDAQ-100 STOCK INDEX (MINI) - CHICAGO MERCANTILE EXCHANGE,209742,257385,74758,21724,53611,50700,49093,87970,9797,19419,36281,43727,NQ,2021-03-19 15:30:00-04:00,-38877,-15.10460982574742,-2.0441194657082935,19.871794871794872,-0.7704450998684,2911,1.1309905394642268,2.7351526044037993,21.794871794871796,-0.9298583143964972,53034,20.604930357246925,-3.754509231279787,-9622,-3.7383685917982787,1.349037927402756,-7446,-2.8929424791654523,1.7144381651815235,,,,,,NORMAL,,QQQ
2021-03-23,NASDAQ-100 STOCK INDEX (MINI) - CHICAGO MERCANTILE EXCHANGE,209742,221777,67838,23243,57748,46919,46733,84779,7892,18611,31917,38576,NQ,2021-03-26 15:30:00-04:00,-38046,-17.155070183111864,-2.050460357364443,16.666666666666664,-1.0324219791382834,10829,4.882832755425495,3.7518422159612683,26.923076923076923,-0.5779897466853733,44595,20.108036451029637,-0.4968939062172879,-10719,-4.833233383083007,-1.0948647912847282,-6659,-3.0025656402602614,-0.10962316109480907,2021-04-01,337.989990234375,300.7070007324219,0.07729330259073566,629.1843913612565,NORMAL,,QQQ
2021-03-30,NASDAQ-100 STOCK INDEX (MINI) - CHICAGO MERCANTILE EXCHANGE,209742,222230,71601,22754,55218,45524,45922,84645,7573,19940,32175,39626,NQ,2021-04-02 15:30:00-04:00,-38723,-17.424740134095305,-0.2696699509834417,16.025641025641026,-1.0557082379366,9694,4.36214732484363,-0.5206854305818647,25.64102564102564,-0.6263277860054064,48847,21.980380686675968,1.872344235646331,-12367,-5.56495522656707,-0.7317218434840633,-7451,-3.35283265085722,-0.35026701059695853,,,,,,NORMAL,,QQQ
2021-04-06,NASDAQ-100 STOCK INDEX (MINI) - CHICAGO MERCANTILE EXCHANGE,209742,214588,48222,25810,61618,42177,52895,81002,7573,17985,35071,38405,NQ,2021-04-09 15:30:00-04:00,-28107,-13.098122914608458,4.326617219486847,30.128205128205128,-0.47607627912863526,19441,9.059686468954462,4.697539144110832,35.8974358974359,-0.19864274253930791,22412,10.444200048464966,-11.536180638211002,-10412,-4.85208865360598,0.7128665729610901,-3334,-1.5536749492049882,1.7991577016522318,,,,,,NORMAL,,QQQ
2021-04-13,NASDAQ-100 STOCK INDEX (MINI) - CHICAGO MERCANTILE EXCHANGE,209742,214302,47714,31671,58575,39171,55631,76007,7970,18780,35513,39774,NQ,2021-04-16 15:30:00-04:00,-20376,-9.508077386118655,3.590045528489803,45.51282051282051,-0.0006029733443533736,19404,9.054511857098861,-0.005174611855601086,35.256410256410255,-0.2077920871502731,16043,7.486164384840086,-2.95803566362488,-10810,-5.04428330113578,-0.1921946475298002,-4261,-1.9883155546845106,-0.43464060547952243,,,,,,NORMAL,,QQQ
2021-04-20,NASDAQ-100 STOCK INDEX (MINI) - CHICAGO MERCANTILE EXCHANGE,209742,218144,47764,44018,53222,34451,61494,71773,7513,18244,37377,38884,NQ,2021-04-23 15:30:00-04:00,-10279,-4.712025084347954,4.796052301770701,72.43589743589743,0.6364096961557397,18771,8.6048665101951,-0.4496453469037611,33.33333333333333,-0.26067299598650434,3746,1.7172143171483056,-5.7689500676917795,-10731,-4.919227666128796,0.12505563500698447,-1507,-0.6908280768666569,1.2974874778178536,,,,,,NORMAL,,QQQ
2021-04-27,NASDAQ-100 STOCK INDEX (MINI) - CHICAGO MERCANTILE EXCHANGE,209742,217879,60435,41638,51077,33544,53393,73358,7372,17350,35574,41961,NQ,2021-04-30 15:30:00-04:00,-19965,-9.163342956411586,-4.451317872063632,49.358974358974365,0.038010408822855696,17533,8.047127075119677,-0.5577394350754226,30.128205128205128,-0.32504556579962496,18797,8.627265592370078,6.910051275221772,-9978,-4.5796061116491265,0.33962155447966946,-6387,-2.931443599429041,-2.240615522562384,2021-05-01,333.92999267578125,307.5209991455078,0.061578062269597424,621.6265134162304,NORMAL,,QQQ
2021-05-04,NASDAQ-100 STOCK INDEX (MINI) - CHICAGO MERCANTILE EXCHANGE,209742,237240,69189,36843,50764,37600,60277,89168,7653,16687,38816,46401,NQ,2021-05-07 15:30:00-04:00,-28891,-12.177963243972348,-3.0146202875607617,33.97435897435898,-0.36168169987904214,13164,5.548811330298432,-2.4983157448212454,25.0,-0.5739324102492183,32346,13.634294385432474,5.007028793062396,-9034,-3.8079581858034057,0.7716479258457207,-7585,-3.1971842859551507,-0.2657406865261098,,,,,,NORMAL,,QQQ
2021-05-11,NASDAQ-100 STOCK INDEX (MINI) - CHICAGO MERCANTILE EXCHANGE,209742,227436,70088,31612,50144,38936,50991,79685,8575,19143,36658,47080,NQ,2021-05-14 15:30:00-04:00,-28694,-12.616296452628431,-0.4383332086560827,33.97435897435898,-0.41703002994465943,11208,4.927979739355247,-0.620831590943185,23.717948717948715,-0.6429241681810866,38476,16.917286621291264,3.2829922358587904,-10568,-4.646581895566225,-0.8386237097628193,-10422,-4.582388012451855,-1.3852037264967039,,,,,,NORMAL,,QQQ
2021-05-18,NASDAQ-100 STOCK INDEX (MINI) - CHICAGO MERCANTILE EXCHANGE,209742,227977,67060,30664,46795,48892,55393,74812,9359,17501,37611,44349,NQ,2021-05-21 15:30:00-04:00,-19419,-8.517964531509758,4.098331921118673,51.92307692307693,0.12735930003929388,-2097,-0.919829631936555,-5.847809371291802,16.025641025641026,-1.2148673125012779,36396,15.964768375757204,-0.9525182455340602,-8142,-3.5714129056878545,1.0751689898783705,-6738,-2.9555613066230366,1.626826705828818,,,,,,NORMAL,,QQQ
2021-05-25,NASDAQ-100 STOCK INDEX (MINI) - CHICAGO MERCANTILE EXCHANGE,209742,233388,73101,30379,49158,49321,53862,79533,8926,16791,37390,46413,NQ,2021-05-28 15:30:00-04:00,-25671,-10.999280168646203,-2.4813156371364453,37.17948717948718,-0.2080591541031967,-163,-0.06984078016007678,0.8499888517764782,16.666666666666664,-1.13950793946627,42722,18.305139938642945,2.340371562885741,-7865,-3.3699247604846865,0.20148814520316805,-9023,-3.8660942293519804,-0.9105329227289438,2021-06-01,354.42999267578125,313.4759979248047,0.12825484226335618,659.7882353475858,NORMAL,,QQQ
2021-06-01,NASDAQ-100 STOCK INDEX (MINI) - CHICAGO MERCANTILE EXCHANGE,209742,238373,74907,32215,49133,51183,57404,79277,8149,17903,37164,46179,NQ,2021-06-04 15:30:00-04:00,-21873,-9.175955330511425,1.8233248381347789,48.07692307692308,0.03405197884743722,-2050,-0.8599967278173283,-0.7901559476572515,15.384615384615385,-1.2227139700130736,42692,17.909746489745064,-0.395393448897881,-9754,-4.091906382014741,-0.721981621530055,-9015,-3.781888049401568,0.08420617995041235,,,,,,NORMAL,,QQQ
2021-06-08,NASDAQ-100 STOCK INDEX (MINI) - CHICAGO MERCANTILE EXCHANGE,209742,238155,73795,31613,55367,50964,52023,80936,8011,16397,37619,46905,NQ,2021-06-11 15:30:00-04:00,-28913,-12.140412756398144,-2.964457425886719,34.61538461538461,-0.35402760558182594,4403,1.8487959522159938,2.708792680033322,17.94871794871795,-0.9613775306715213,42182,17.711994289433353,-0.1977522003117116,-8386,-3.5212361697214,0.5706702122933414,-9286,-3.899141315529802,-0.11725326612823395,,,,,,NORMAL,,QQQ
2021-06-15,NASDAQ-100 STOCK INDEX (MINI) - CHICAGO MERCANTILE EXCHANGE,209742,288897,71602,34728,58831,54377,66679,86892,6822,16203,38994,50728,NQ,2021-06-18 15:30:00-04:00,-20213,-6.996611248991855,5.143801507406288,57.692307692307686,0.3366262202174606,4454,1.5417259438484996,-0.3070700083674942,17.307692307692307,-0.9988999434874475,36874,12.763718557132819,-4.948275732300534,-9381,-3.247178060000623,0.27405810972077704,-11734,-4.06165519198884,-0.16251387645903792,,,,,,NORMAL,,QQQ
2021-06-22,NASDAQ-100 STOCK INDEX (MINI) - CHICAGO MERCANTILE EXCHANGE,209742,223769,52124,32900,55144,50879,62490,70153,8700,15395,34576,43707,NQ,2021-06-25 15:30:00-04:00,-7663,-3.424513672581993,3.5720975764098624,78.2051282051282,0.8104223475054496,4265,1.9059834025267128,0.36425745867821324,18.58974358974359,-0.9529351987805668,19224,8.59100232829391,-4.172716228838908,-6695,-2.991924708069482,0.25525335193114085,-9131,-4.080547350169148,-0.018892158180308094,2021-07-01,364.57000732421875,322.1489990234375,0.14238712044043694,678.664353366783,NORMAL,,QQQ
2021-06-29,NASDAQ-100 STOCK INDEX (MINI) - CHICAGO MERCANTILE EXCHANGE,209742,224134,57434,35749,56771,45341,56697,72641,9114,13659,34023,46649,NQ,2021-07-02 15:30:00-04:00,-15944,-7.11360168470647,-3.6890880121244773,56.41025641025641,0.31067329148921663,11430,5.099627901166267,3.193644498639554,25.0,-0.6336622301119141,21685,9.675015838739325,1.0840135104454145,-4545,-2.0278047953456415,0.9641199127238407,-12626,-5.63323725985348,-1.5526899096843323,,,,,,NORMAL,,QQQ
2021-07-06,NASDAQ-100 STOCK INDEX (MINI) - CHICAGO MERCANTILE EXCHANGE,209742,228288,64925,37402,61516,44342,49407,72149,9037,15261,32891,48622,NQ,2021-07-09 15:30:00-04:00,-22742,-9.961977852537146,-2.8483761678306756,41.66666666666667,-0.06898420480124692,17174,7.522953462293244,2.423325561126977,28.846153846153843,-0.3961927962691031,27523,12.05626226520886,2.3812464264695343,-6224,-2.726380712082983,-0.6985759167373415,-15731,-6.890857162881973,-1.257619903028493,,,,,,NORMAL,,QQQ
2021-07-13,NASDAQ-100 STOCK INDEX (MINI) - CHICAGO MERCANTILE EXCHANGE,209742,232282,70099,37883,63194,43877,48594,77571,9538,14417,31534,49211,NQ,2021-07-16 15:30:00-04:00,-28977,-12.474922723241576,-2.5129448707044304,33.33333333333333,-0.4024394962227435,19317,8.316184637638733,0.7932311753454888,34.61538461538461,-0.3163222609489054,32216,13.869348464366588,1.8130861991577287,-4879,-2.1004640910617267,0.6259166210212563,-17677,-7.610146287702017,-0.7192891248200439,,,,,,NORMAL,,QQQ
2021-07-20,NASDAQ-100 STOCK INDEX (MINI) - CHICAGO MERCANTILE EXCHANGE,209742,234532,55800,42385,62028,49096,61207,77431,11130,13266,35733,43720,NQ,2021-07-23 15:30:00-04:00,-16224,-6.917606126242901,5.5573165969986755,57.692307692307686,0.3439555084953482,12932,5.513959715518564,-2.8022249221201685,26.282051282051285,-0.5852463640677749,13415,5.719901761806491,-8.149446702560098,-2136,-0.9107499189876008,1.189714172074126,-7987,-3.405505432094554,4.2046408556074635,,,,,,NORMAL,,QQQ
2021-07-27,NASDAQ-100 STOCK INDEX (MINI) - CHICAGO MERCANTILE EXCHANGE,209742,234722,63603,40249,62298,46279,53698,81676,9953,12706,34607,43249,NQ,2021-07-30 15:30:00-04:00,-27978,-11.919632586634402,-5.002026460391501,35.256410256410255,-0.31850958361019305,16019,6.824669183118753,1.310709467600189,28.205128205128204,-0.4550481654597471,23354,9.94964255587461,4.229740794068118,-2753,-1.1728768500609232,-0.2621269310733224,-8642,-3.6818023022980375,-0.27629687020348337,2021-08-01,379.95001220703125,333.20599975585935,0.12414575338032818,707.294961641943,NORMAL,,QQQ
2021-08-03,NASDAQ-100 STOCK INDEX (MINI) - CHICAGO MERCANTILE EXCHANGE,209742,223043,64660,38642,63955,41591,38446,75229,10968,11929,33292,43930,NQ,2021-08-06 15:30:00-04:00,-36783,-16.49143887053169,-4.57180628389729,17.94871794871795,-0.9226475406503075,22364,10.026766139264627,3.2020969561458736,39.743589743589745,-0.14567404364297895,26018,11.665015266114606,1.715372710239997,-961,-0.43085862367346206,0.7420182263874612,-10638,-4.7694839111740785,-1.087681608876041,,,,,,NORMAL,,QQQ
2021-08-10,NASDAQ-100 STOCK INDEX (MINI) - CHICAGO MERCANTILE EXCHANGE,209742,233359,82364,35687,62488,49027,30037,77931,11049,10856,34086,46523,NQ,2021-08-13 15:30:00-04:00,-47894,-20.523742388337283,-4.032303517805591,10.256410256410255,-1.45009517781155,13461,5.768365479797223,-4.258400659467404,27.564102564102566,-0.5583975997453609,46677,20.00222832631268,8.337213060198073,193,0.08270518814358992,0.513563811817052,-12437,-5.329556605916206,-0.5600726947421277,,,,,,NORMAL,,QQQ
2021-08-17,NASDAQ-100 STOCK INDEX (MINI) - CHICAGO MERCANTILE EXCHANGE,209742,234502,85234,35513,65104,47574,29395,80419,8586,12292,34286,46807,NQ,2021-08-20 15:30:00-04:00,-51024,-21.758449821323484,-1.2347074329862018,7.6923076923076925,-1.5935641216890486,17530,7.475415987923344,1.7070505081261214,29.48717948717949,-0.39265751627459605,49721,21.20280424047556,1.200575914162883,-3706,-1.5803703166710732,-1.663075504814663,-12521,-5.339400090404347,-0.00984348448814032,,,,,,EXTREME_SHORT,short,QQQ
2021-08-24,NASDAQ-100 STOCK INDEX (MINI) - CHICAGO MERCANTILE EXCHANGE,209742,227123,69889,41105,65066,43356,38426,71282,10065,11713,34185,50175,NQ,2021-08-27 15:30:00-04:00,-32856,-14.466170313002205,7.292279508321279,24.358974358974358,-0.6038327074508614,21710,9.55869726976132,2.0832812818379756,39.1025641025641,-0.19302502852450745,28784,12.673309176085205,-8.529495064390357,-1648,-0.7255980239781968,0.8547722926928764,-15990,-7.040238108866121,-1.7008380184617744,2021-09-01,357.9599914550781,339.0399993896484,0.07196118739363445,666.3594954370274,UNWINDING_SHORT,short,QQQ
2021-08-31,NASDAQ-100 STOCK INDEX (MINI) - CHICAGO MERCANTILE EXCHANGE,209742,230598,69434,41290,64860,44172,41144,73419,8975,12863,36684,49353,NQ,2021-09-03 15:30:00-04:00,-32275,-13.996218527480725,0.46995178552148076,26.923076923076923,-0.5316502998818394,20688,8.971456820961153,-0.5872404488001663,36.53846153846153,-0.2531856041679499,28144,12.204789286984276,-0.46851988910092857,-3888,-1.6860510498790102,-0.9604530259008134,-12669,-5.4939765305856945,1.5462615782804265,,,,,,UNWINDING_SHORT,short,QQQ
2021-09-07,NASDAQ-100 STOCK INDEX (MINI) - CHICAGO MERCANTILE EXCHANGE,209742,234329,65092,43138,63395,43051,45146,74565,8830,12877,41005,49837,NQ,2021-09-10 15:30:00-04:00,-29419,-12.55457071041143,1.4416478170692955,36.53846153846153,-0.3325433472904339,20344,8.681810616697037,-0.28964620426411614,35.8974358974359,-0.27927059682983796,21954,9.368878798612208,-2.8359104883720683,-4047,-1.7270589641060219,-0.041007914227011666,-8832,-3.7690597407917927,1.7249167897939017,,,,,,UNWINDING_SHORT,short,QQQ
2021-09-14,NASDAQ-100 STOCK INDEX (MINI) - CHICAGO MERCANTILE EXCHANGE,209742,277699,59833,50404,71450,42837,48653,77642,10427,12465,40450,47465,NQ,2021-09-17 15:30:00-04:00,-28989,-10.439000500541953,2.1155702098694764,44.230769230769226,-0.04803928032638805,28613,10.303602101556,1.6217914848589636,40.38461538461539,-0.12522026969205718,9429,3.395402936272727,-5.97347586233948,-2038,-0.733888130673859,0.9931708334321628,-7015,-2.5261164066129154,1.2429433341788774,,,,,,UNWINDING_SHORT,short,QQQ
2021-09-21,NASDAQ-100 STOCK INDEX (MINI) - CHICAGO MERCANTILE EXCHANGE,209742,222302,52309,61941,74690,44851,41480,55741,9344,15028,37136,37398,NQ,2021-09-24 15:30:00-04:00,-14261,-6.415146962240556,4.023853538301397,64.1025641025641,0.4881975158969914,29839,13.422731239485024,3.119129137929024,51.92307692307693,0.17329532242490828,-9632,-4.332844508821333,-7.728247445094061,-5684,-2.556882079333519,-1.82299394865966,-262,-0.11785768908961683,2.4082587175232986,2021-10-01,386.1099853515625,346.27699890136716,0.08938293409260337,718.7620437027341,NORMAL,,QQQ
2021-09-28,NASDAQ-100 STOCK INDEX (MINI) - CHICAGO MERCANTILE EXCHANGE,209742,230609,64075,52060,69453,44818,36382,62174,9222,17014,41162,44228,NQ,2021-10-01 15:30:00-04:00,-25792,-11.184298964914639,-4.769152002674083,42.30769230769231,-0.14770787664847934,24635,10.682583940782884,-2.7401472987021407,41.66666666666667,-0.08736709282304476,12015,5.210117558291307,9.54296206711264,-7792,-3.3788794019314077,-0.8219973225978885,-3066,-1.3295231322281438,-1.211665443138527,2021-10-01,386.1099853515625,346.27699890136716,0.08938293409260337,718.7620437027341,NORMAL,,QQQ
2021-10-05,NASDAQ-100 STOCK INDEX (MINI) - CHICAGO MERCANTILE EXCHANGE,209742,225151,65638,50749,64135,48994,35557,57509,10005,15285,39085,41883,NQ,2021-10-08 15:30:00-04:00,-21952,-9.749901177432035,1.4343977874826042,49.358974358974365,0.050475588026480486,15141,6.724820231755578,-3.957763709027306,26.282051282051285,-0.4678426733642996,14889,6.612895345790158,1.4027777874988514,-5280,-2.34509284879925,1.0337865531321575,-2798,-1.2427215513144512,0.08680158091369261,,,,,,NORMAL,,QQQ
2021-10-12,NASDAQ-100 STOCK INDEX (MINI) - CHICAGO MERCANTILE EXCHANGE,209742,230615,66051,59154,64642,51068,41517,55648,9452,13734,38670,40728,NQ,2021-10-15 15:30:00-04:00,-14131,-6.127528564924225,3.62237261250781,67.3076923076923,0.533372101590219,13574,5.886000476985452,-0.8388197547701255,25.64102564102564,-0.5469583496946473,6897,2.9906987836870975,-3.6221965621030607,-4282,-1.856774277475446,0.4883185713238041,-2058,-0.8923964182728791,0.3503251330415721,,,,,,NORMAL,,QQQ
2021-10-19,NASDAQ-100 STOCK INDEX (MINI) - CHICAGO MERCANTILE EXCHANGE,209742,237365,68092,66853,67435,42274,47404,57630,8561,17364,36648,44019,NQ,2021-10-22 15:30:00-04:00,-10226,-4.308133044046089,1.8193955208781354,79.48717948717949,0.7812856404048915,25161,10.600130600551893,4.714130123566441,41.66666666666667,-0.08969914513044674,1239,0.5219809154677395,-2.468717868219358,-8803,-3.708634381648516,-1.8518601041730698,-7371,-3.1053440903250267,-2.2129476720521475,,,,,,NORMAL,,QQQ
2021-10-26,NASDAQ-100 STOCK INDEX (MINI) - CHICAGO MERCANTILE EXCHANGE,209742,245510,64937,78396,66439,39731,58026,63888,9295,13524,38307,41465,NQ,2021-10-29 15:30:00-04:00,-5862,-2.3876827827787057,1.9204502612673835,86.53846153846155,1.0424537432298464,26708,10.878579283939555,0.27844868338766204,42.94871794871795,-0.06989655943813734,-13459,-5.482057757321494,-6.004038672789234,-4229,-1.7225367602134332,1.9860976214350827,-3158,-1.2863019836259215,1.8190421066991052,2021-11-01,393.82000732421875,354.2029998779297,0.08023150399749544,733.1146151468877,NORMAL,,QQQ
2021-11-02,NASDAQ-100 STOCK INDEX (MINI) - CHICAGO MERCANTILE EXCHANGE,209742,255587,71280,85433,71353,39405,60882,63786,8779,14690,36010,44990,NQ,2021-11-05 15:30:00-04:00,-2904,-1.1362080230997664,1.2514747596789393,92.3076923076923,1.2182261929276628,31948,12.499853278922638,1.621273994983083,48.07692307692308,0.07785659018868933,-14153,-5.537449087786155,-0.05539133046466116,-5911,-2.312715435448595,-0.5901786752351617,-8980,-3.5134807325881208,-2.2271787489621993,,,,,,EXTREME_LONG,long,QQQ
2021-11-09,NASDAQ-100 STOCK INDEX (MINI) - CHICAGO MERCANTILE EXCHANGE,209742,262897,70435,91500,78737,36992,61363,70161,7916,13641,37267,43424,NQ,2021-11-12 15:30:00-05:00,-8798,-3.346557777380495,-2.2103497542807284,83.33333333333334,0.9145764514152687,41745,15.878842284240596,3.3789890053179583,62.82051282051282,0.4058416128871808,-21065,-8.012643734998878,-2.4751946472127235,-5725,-2.177658931064257,0.13505650438433792,-6157,-2.341981840796966,1.1714988917911549,,,,,,UNWINDING_LONG,long,QQQ
2021-11-16,NASDAQ-100 STOCK INDEX (MINI) - CHICAGO MERCANTILE EXCHANGE,209742,264338,74300,89951,77003,36285,56569,75565,9524,11686,38313,42222,NQ,2021-11-19 15:30:00-05:00,-18996,-7.186253962729536,-3.839696185349041,59.61538461538461,0.39586784369932343,40718,15.403763363572397,-0.47507892066819934,58.97435897435898,0.3461189475318965,-15651,-5.920828636064432,2.091815098934446,-2162,-0.8178922440209127,1.3597666870433442,-3909,-1.478788520757515,0.8631933200394508,,,,,,UNWINDING_LONG,long,QQQ
2021-11-23,NASDAQ-100 STOCK INDEX (MINI) - CHICAGO MERCANTILE EXCHANGE,209742,258727,67252,87062,75604,38980,53188,60562,10388,14586,40183,45425,NQ,2021-11-26 15:30:00-05:00,-7374,-2.850108415434029,4.336145547295507,84.61538461538461,0.9876815309501079,36624,14.155461161765103,-1.2483022018072933,55.769230769230774,0.2037218009353958,-19810,-7.6567192446091825,-1.73589060854475,-4198,-1.622559686464884,-0.8046674424439713,-5242,-2.0260738152570084,-0.5472852944994933,2021-12-01,397.8500061035156,362.5739990234375,0.047111444456885115,740.6166489419721,NORMAL,,QQQ
2021-11-30,NASDAQ-100 STOCK INDEX (MINI) - CHICAGO MERCANTILE EXCHANGE,209742,258476,67945,86472,81474,42263,51046,58319,10196,15125,36787,45269,NQ,2021-12-03 15:30:00-05:00,-7273,-2.813800894473762,0.03630752096026724,85.25641025641025,1.0067919751424372,39211,15.170073817298318,1.014612655533215,57.692307692307686,0.2989473246139174,-18527,-7.167783469258268,0.4889357753509147,-4929,-1.9069468732106656,-0.2843871867457817,-8482,-3.281542580355623,-1.2554687650986147,,,,,,NORMAL,,QQQ
2021-12-07,NASDAQ-100 STOCK INDEX (MINI) - CHICAGO MERCANTILE EXCHANGE,209742,251880,63899,87713,73962,40157,50141,54417,11187,16009,40430,41323,NQ,2021-12-10 15:30:00-05:00,-4276,-1.697633793870097,1.1161671006036649,91.66666666666666,1.15257993894901,33805,13.421073527076386,-1.7490002902219324,50.0,0.0944152733979813,-23814,-9.454502143878036,-2.2867186746197685,-4822,-1.9144036842941083,-0.00745681108344276,-893,-0.3545339050341432,2.92700867532148,,,,,,EXTREME_LONG,long,QQQ
2021-12-14,NASDAQ-100 STOCK INDEX (MINI) - CHICAGO MERCANTILE EXCHANGE,209742,269716,54921,84213,67698,39968,52818,52587,12602,12011,44448,43708,NQ,2021-12-17 15:30:00-05:00,231,0.08564564208278337,1.7832794359528803,94.87179487179486,1.3920900646505738,27730,10.281184653487372,-3.1398888735890136,35.256410256410255,-0.27526786998239366,-29292,-10.860312328523335,-1.4058101846452988,591,0.21911937000400422,2.1335230542981125,740,0.27436266294917616,0.6288965679833194,,,,,,EXTREME_LONG,long,QQQ
2021-12-21,NASDAQ-100 STOCK INDEX (MINI) - CHICAGO MERCANTILE EXCHANGE,209742,208070,45341,66064,71272,43901,36515,43320,11708,13462,37621,35710,NQ,2021-12-24 15:30:00-05:00,-6805,-3.2705339549190175,-3.356179597001801,83.97435897435898,0.9427779009112999,27371,13.154707550343634,2.8735228968562616,48.07692307692308,0.0351672129965426,-20723,-9.959628971019368,0.9006833575039668,-1754,-0.8429855337146153,-1.0621049037186194,1911,0.9184409093093671,0.6440782463601908,,,,,,UNWINDING_LONG,long,QQQ
2021-12-28,NASDAQ-100 STOCK INDEX (MINI) - CHICAGO MERCANTILE EXCHANGE,209742,211097,52497,69779,74926,37671,32778,48881,9489,14290,35448,34517,NQ,2021-12-31 15:30:00-05:00,-16103,-7.6282467301761745,-4.357712775257157,58.333333333333336,0.37261186153785525,37255,17.648284911675674,4.49357736133204,67.94871794871796,0.5463402610915752,-17282,-8.186757746438841,1.772871224580527,-4801,-2.2743099143995416,-1.4313243806849263,931,0.44102947933888215,-0.4774114299704849,2022-01-01,363.04998779296875,366.96599731445315,0.014219455971043595,675.834764943281,UNWINDING_LONG,long,QQQ
2022-01-04,NASDAQ-100 STOCK INDEX (MINI) - CHICAGO MERCANTILE EXCHANGE,209742,210931,44292,76702,74755,33669,35097,45095,9133,12978,39737,34570,NQ,2022-01-07 15:30:00-05:00,-9998,-4.739938652924416,2.888308077251758,76.92307692307693,0.7832454241972414,41086,19.478407630931443,1.830122719255769,76.28205128205127,0.7583947605646819,-32410,-15.365214216971427,-7.178456470532586,-3845,-1.8228709862466872,0.45143892815285436,5167,2.449616225211088,2.0085867458722055,,,,,,NORMAL,,QQQ
2022-01-11,NASDAQ-100 STOCK INDEX (MINI) - CHICAGO MERCANTILE EXCHANGE,209742,220222,40419,57348,72744,47083,45935,48243,10060,18218,41033,39299,NQ,2022-01-14 15:30:00-05:00,-2308,-1.0480333481668498,3.6919053047575665,94.23076923076923,1.2956682127857095,25661,11.652332646147977,-7.826074984783466,39.743589743589745,-0.20931767937769669,-16929,-7.6872428731007805,7.677971343870647,-8158,-3.7044436977232067,-1.8815727114765195,1734,0.7873872728428586,-1.6622289523682292,,,,,,EXTREME_LONG,long,QQQ
2022-01-18,NASDAQ-100 STOCK INDEX (MINI) - CHICAGO MERCANTILE EXCHANGE,209742,235810,41049,63221,74249,49458,51366,53453,17250,17259,41202,41725,NQ,2022-01-21 15:30:00-05:00,-2087,-0.8850345617234214,0.16299878644342836,94.87179487179486,1.3031577421592238,24791,10.51312497349561,-1.1392076726523666,33.97435897435898,-0.3709918087342721,-22172,-9.402485051524533,-1.7152421784237522,-9,-0.0038166320342648743,3.7006270656889417,-523,-0.22178872821339213,-1.0091760010562507,,,,,,EXTREME_LONG,long,QQQ
2022-01-25,NASDAQ-100 STOCK INDEX (MINI) - CHICAGO MERCANTILE EXCHANGE,209742,243347,41923,72075,73024,55176,61464,47679,11762,18192,43342,38393,NQ,2022-01-28 15:30:00-05:00,13785,5.664750335940036,6.549784897663458,100.0,2.192375869913281,17848,7.334382589471002,-3.1787423840246083,18.58974358974359,-0.793943698555912,-30152,-12.39053696984142,-2.988051918316888,-6430,-2.6423173492995597,-2.638500717265295,4949,2.033721393729941,2.255510121943333,2022-02-01,346.79998779296875,367.8469970703125,-0.101810362461362,645.5846195098894,EXTREME_LONG,long,QQQ
2022-02-01,NASDAQ-100 STOCK INDEX (MINI) - CHICAGO MERCANTILE EXCHANGE,209742,239334,69195,44207,66491,60357,43780,52157,11458,23194,36584,47593,NQ,2022-02-04 15:30:00-05:00,-8377,-3.5001295261015986,-9.164879862041635,80.76923076923077,0.9094194195697647,6134,2.562945507115579,-4.7714370823554235,9.615384615384617,-1.4277363445031868,24988,10.440639441115763,22.831176410957184,-11736,-4.903607510842588,-2.261290161543028,-11009,-4.5998479112871555,-6.6335693050170965,,,,,,UNWINDING_LONG,long,QQQ
2022-02-08,NASDAQ MINI - CHICAGO MERCANTILE EXCHANGE,209742,233767,62585,46120,63801,63306,53194,49853,9688,18731,35919,47177,NQ,2022-02-11 15:30:00-05:00,3341,1.4292008709527009,4.929330397054299,96.7948717948718,1.5714780844794531,495,0.21174930593283056,-2.3511962011827485,6.41025641025641,-1.7292833812806103,16465,7.043338024614252,-3.397301416501511,-9043,-3.86838176474866,1.035225746093928,-11258,-4.815906436751124,-0.21605852546396864,,,,,,EXTREME_LONG,long,QQQ
2022-02-15,NASDAQ MINI - CHICAGO MERCANTILE EXCHANGE,209742,235945,61278,41769,63363,60616,58365,53352,9464,21401,33484,48816,NQ,2022-02-18 15:30:00-05:00,5013,2.1246476933183582,0.6954468223656574,97.43589743589743,1.6491477138080421,2747,1.16425438131768,0.9525050753848494,7.6923076923076925,-1.621365533094739,19509,8.268452393566298,1.2251143689520454,-11937,-5.059229905274535,-1.1908481405258748,-15332,-6.498124562927801,-1.6822181261766769,,,,,,EXTREME_LONG,long,QQQ
2022-02-22,NASDAQ MINI - CHICAGO MERCANTILE EXCHANGE,209742,257929,69890,53680,64606,67136,56665,57857,17072,21229,38508,46839,NQ,2022-02-25 15:30:00-05:00,-1192,-0.46214268267624037,-2.5867903759945987,93.58974358974359,1.2825049752661277,-2530,-0.9808900899084632,-2.145144471226143,3.205128205128205,-1.9162848869529847,16210,6.28467524008545,-1.9837771534808475,-4157,-1.6116838354741034,3.447546069800431,-8331,-3.229958632026643,3.268165930901158,2022-03-01,362.5400085449219,370.70799865722654,-0.07942714488231957,674.8854143942699,EXTREME_LONG,long,QQQ
2022-03-01,NASDAQ MINI - CHICAGO MERCANTILE EXCHANGE,209742,249537,73655,52456,66676,64091,54527,45619,10956,20099,32438,55987,NQ,2022-03-04 15:30:00-05:00,8908,3.5698112905100245,4.031953973186265,97.43589743589743,1.8106869063830684,2585,1.0359185211010793,2.0168086110095427,6.41025641025641,-1.6581956358942609,21199,8.495333357377865,2.2106581172924145,-9143,-3.6639857015192137,-2.0523018660451102,-23549,-9.437077467469754,-6.2071188354431115,,,,,,EXTREME_LONG,long,QQQ
2022-03-08,NASDAQ MINI - CHICAGO MERCANTILE EXCHANGE,209742,248009,66169,59430,60789,62398,61795,46107,13000,21593,34709,46934,NQ,2022-03-11 15:30:00-05:00,15688,6.325576894386897,2.7557656038768723,100.0,2.1472483036508776,-1609,-0.6487667786249692,-1.6846852997260484,3.8461538461538463,-1.8905314390609052,6739,2.7172401001576554,-5.77809325722021,-8593,-3.4647936163606965,0.19919208515851716,-12225,-4.929256599558887,4.507820867910867,,,,,,EXTREME_LONG,long,QQQ
2022-03-15,NASDAQ MINI - CHICAGO MERCANTILE EXCHANGE,209742,264733,64662,41768,58460,63051,53805,50902,11831,19039,35781,49779,NQ,2022-03-18 15:30:00-04:00,2903,1.0965765507133602,-5.229000343673537,94.23076923076923,1.4219114892146099,-4591,-1.7342001186100713,-1.085433339985102,0.641025641025641,-2.055873261505656,22894,8.647958509139396,5.9307184089817415,-7208,-2.722743292298278,0.7420503240624186,-13998,-5.287591648944408,-0.35833504938552174,,,,,,EXTREME_LONG,long,QQQ
2022-03-22,NASDAQ MINI - CHICAGO MERCANTILE EXCHANGE,209742,212808,68455,16043,63260,48994,31043,70492,11111,18859,28314,47795,NQ,2022-03-25 15:30:00-04:00,-39449,-18.537367016277585,-19.633943566990947,14.102564102564102,-1.1384445195098376,14266,6.703695349798879,8.43789546840895,16.666666666666664,-0.9295106222633263,52412,24.628773354385174,15.980814845245778,-7748,-3.640840569903387,-0.9180972776051091,-19481,-9.154261118003083,-3.8666694690586745,2022-04-01,313.25,366.5899993896484,-0.21264296796693716,583.1297265852239,UNWINDING_LONG,long,QQQ
2022-03-29,NASDAQ MINI - CHICAGO MERCANTILE EXCHANGE,209742,223320,73515,14835,70800,45216,31433,86160,9870,16598,28742,51551,NQ,2022-04-01 15:30:00-04:00,-54727,-24.50608991581587,-5.968722899538285,3.8461538461538463,-1.8952072785348038,25584,11.456206340677056,4.752510990878177,37.82051282051282,-0.2970329976448263,58680,26.276195593766793,1.6474222393816191,-6728,-3.0127171771449044,0.6281233927584826,-22809,-10.213594841483074,-1.059333723479991,2022-04-01,313.25,366.5899993896484,-0.21264296796693716,583.1297265852239,EXTREME_SHORT,short,QQQ
2022-04-05,NASDAQ MINI - CHICAGO MERCANTILE EXCHANGE,209742,232689,68107,24200,77067,39916,37633,92938,9940,18082,30124,47735,NQ,2022-04-08 15:30:00-04:00,-55305,-23.767775872516534,0.7383140432993365,5.128205128205128,-1.7716167572791275,37151,15.965945962207066,4.509739621530009,61.53846153846154,0.29927029602783994,43907,18.86939219301299,-7.406803400753802,-8142,-3.499091061459717,-0.48637388431481243,-17611,-7.568471221243806,2.645123620239268,,,,,,EXTREME_SHORT,short,QQQ
2022-04-12,NASDAQ MINI - CHICAGO MERCANTILE EXCHANGE,209742,228302,57311,36861,72050,44129,47142,75179,10789,18021,31463,44565,NQ,2022-04-15 15:30:00-04:00,-28037,-12.28066333190248,11.487112540614055,38.46153846153847,-0.2950144737769992,27921,12.229853439742095,-3.73609252246497,42.94871794871795,-0.1943768035325273,20450,8.957433574826327,-9.911958618186665,-7232,-3.1677339664129094,0.33135709504680744,-13102,-5.738889716253033,1.8295815049907729,,,,,,UNWINDING_SHORT,short,QQQ
2022-04-19,NASDAQ MINI - CHICAGO MERCANTILE EXCHANGE,209742,237109,57263,43068,76385,44405,47473,72012,12329,21645,31779,44099,NQ,2022-04-22 15:30:00-04:00,-24539,-10.3492486577903,1.9314146741121796,45.51282051282051,-0.05159963524958161,31980,13.487467789075911,1.2576143493338154,49.358974358974365,-0.02899184086232943,14195,5.986698100873438,-2.970735473952889,-9316,-3.928994681770831,-0.7612607153579218,-12320,-5.195922550388218,0.5429671658648152,,,,,,UNWINDING_SHORT,short,QQQ
2022-04-26,NASDAQ MINI - CHICAGO MERCANTILE EXCHANGE,209742,236977,52832,46126,71860,48896,48537,59896,11695,23894,37114,43226,NQ,2022-04-29 15:30:00-04:00,-11359,-4.793292176033961,5.555956481756339,70.51282051282051,0.6538699022993373,22964,9.690391894572047,-3.7970758945038643,30.76923076923077,-0.5354551246383645,6706,2.829810487937648,-3.1568876129357903,-12199,-5.147756955316339,-1.218762273545508,-6112,-2.5791532511593953,2.6167692992288227,2022-05-01,308.2799987792969,360.96099853515625,-0.15086073779158138,573.8778336787376,UNWINDING_SHORT,short,QQQ
2022-05-03,NASDAQ MINI - CHICAGO MERCANTILE EXCHANGE,209742,226722,46593,47988,72031,48121,49744,54819,12791,20506,32176,41901,NQ,2022-05-06 15:30:00-04:00,-5075,-2.2384241493988233,2.5548680266351376,82.6923076923077,0.9756924701911737,23910,10.545954958054358,0.855563063482311,33.33333333333333,-0.4232676698056275,-1395,-0.6152909730859819,-3.4451014610236297,-7715,-3.4028457758841224,1.7449111794322167,-9725,-4.28939405968543,-1.7102408085260343,,,,,,UNWINDING_SHORT,short,QQQ
2022-05-10,NASDAQ MINI - CHICAGO MERCANTILE EXCHANGE,209742,249921,51380,54824,71521,59957,61804,52194,12655,25015,36309,41679,NQ,2022-05-13 15:30:00-04:00,9610,3.845215087967798,6.083639237366621,96.7948717948718,1.7365021351170742,11564,4.627062151639918,-5.91889280641444,11.538461538461538,-1.2097666715797488,-3444,-1.3780354592051087,-0.7627444861191268,-12360,-4.945562797844119,-1.5427170219599962,-5370,-2.1486789825584887,2.140715077126941,,,,,,EXTREME_LONG,long,QQQ
2022-05-17,NASDAQ MINI - CHICAGO MERCANTILE EXCHANGE,209742,243553,51112,50680,74683,62687,55014,52989,13126,21644,36023,41958,NQ,2022-05-20 15:30:00-04:00,2025,0.831441205815572,-3.013773882152226,92.3076923076923,1.3304258996369835,11996,4.92541664442647,0.2983544927865518,12.82051282051282,-1.1571445002170988,432,0.17737412390732202,1.5554095831124308,-8518,-3.4973907116726135,1.448172086171505,-5935,-2.4368412624767504,-0.2881622799182617,,,,,,EXTREME_LONG,long,QQQ
2022-05-24,NASDAQ MINI - CHICAGO MERCANTILE EXCHANGE,209742,255244,62575,49490,77931,64550,51886,66349,12369,21745,38004,40631,NQ,2022-05-27 15:30:00-04:00,-14463,-5.666342793562238,-6.497783999377811,62.82051282051282,0.5031280707085929,13381,5.24243468994374,0.31701804551727,14.743589743589745,-1.1009389209504212,13085,5.126467223519456,4.949093099612134,-9376,-3.673347855385435,-0.17595714371282156,-2627,-1.0292112645155225,1.407629997961228,2022-06-01,280.2799987792969,350.99399719238284,-0.19181081705626446,521.75450616274,UNWINDING_LONG,long,QQQ
2022-05-31,NASDAQ MINI - CHICAGO MERCANTILE EXCHANGE,209742,263080,72535,46224,84781,62577,48239,80106,12410,19572,33375,42861,NQ,2022-06-03 15:30:00-04:00,-31867,-12.113045461456592,-6.446702667894353,37.82051282051282,-0.3072732646431998,22204,8.440018245400639,3.197583555456899,26.282051282051285,-0.6698666308726591,26311,10.001140337539912,4.874673114020456,-7162,-2.722365820282804,0.9509820351026312,-9486,-3.6057473012011556,-2.576536036685633,,,,,,UNWINDING_LONG,long,QQQ
2022-06-07,NASDAQ MINI - CHICAGO MERCANTILE EXCHANGE,209742,268293,76091,42760,79046,57498,51532,86922,15507,18968,33601,49629,NQ,2022-06-10 15:30:00-04:00,-35390,-13.190802592687845,-1.0777571312312535,30.128205128205128,-0.4443171489278788,21548,8.031517780933532,-0.40850046446710664,23.717948717948715,-0.7185867882883304,33331,12.42335804512231,2.422217707582398,-3461,-1.2900075663546944,1.4323582539281094,-16028,-5.974065667013303,-2.368318365812147,,,,,,UNWINDING_LONG,long,QQQ
2022-06-14,NASDAQ MINI - CHICAGO MERCANTILE EXCHANGE,209742,302267,64636,45105,78178,63043,61567,81001,9229,16989,45177,52649,NQ,2022-06-17 15:30:00-04:00,-19434,-6.429415053578459,6.7613875391093865,58.333333333333336,0.39832083217832326,15135,5.0071625417263546,-3.0243552392071775,14.102564102564102,-1.1064316854886898,19531,6.461505887179216,-5.961852157943094,-7760,-2.5672666880605557,-1.2772591217058613,-7472,-2.471986687266556,3.502078979746747,,,,,,NORMAL,,QQQ
2022-06-21,NASDAQ MINI - CHICAGO MERCANTILE EXCHANGE,209742,236624,38911,34604,79534,63666,52559,66582,13469,16401,38577,41797,NQ,2022-06-24 15:30:00-04:00,-14023,-5.926279667320306,0.5031353862581529,60.89743589743589,0.4571218982190247,15868,6.705997700993982,1.6988351592676274,19.871794871794872,-0.8739836686516105,4307,1.8201873013726417,-4.641318585806575,-2932,-1.2390966258705796,1.3281700621899761,-3220,-1.3608087091757388,1.111177978090817,2022-07-01,315.4599914550781,346.74399719238284,-0.12986157659895936,587.243730457388,NORMAL,,QQQ
2022-06-28,NASDAQ MINI - CHICAGO MERCANTILE EXCHANGE,209742,248045,47022,42463,81914,61182,56558,75548,13830,15871,35528,39788,NQ,2022-07-01 15:30:00-04:00,-18990,-7.655868894757,-1.7295892274366942,53.205128205128204,0.24246107172495002,20732,8.358160817593582,1.6521631165996,28.205128205128204,-0.6474600385861068,4559,1.8379729484569332,0.017785647084291423,-2041,-0.8228345663085327,0.41626205956204687,-4260,-1.7174303049849826,-0.3566215958092438,2022-07-01,315.4599914550781,346.74399719238284,-0.12986157659895936,587.243730457388,NORMAL,,QQQ
2022-07-05,NASDAQ MINI - CHICAGO MERCANTILE EXCHANGE,209742,259449,57022,44721,79179,70241,57344,73263,17143,17487,35380,40356,NQ,2022-07-08 15:30:00-04:00,-15919,-6.135695261881911,1.520173632875089,60.256410256410255,0.43650209671590035,8938,3.4449930429487106,-4.913167774644871,10.897435897435898,-1.2795637604717462,12301,4.741201546354004,2.903228597897071,-344,-0.1325886783144279,0.6902458879941048,-4976,-1.9179106491063755,-0.20048034412139293,,,,,,NORMAL,,QQQ
2022-07-12,NASDAQ MINI - CHICAGO MERCANTILE EXCHANGE,209742,254260,57335,31197,84162,67716,53362,82432,12366,16053,32410,42237,NQ,2022-07-15 15:30:00-04:00,-29070,-11.433178636041847,-5.297483374159936,39.1025641025641,-0.22293748461582286,16446,6.4681821757256355,3.023189132776925,19.230769230769234,-0.8684722915412094,26138,10.280028317470306,5.538826771116302,-3687,-1.4500904585856997,-1.3175017802712718,-9827,-3.8649413985683947,-1.9470307494620192,,,,,,NORMAL,,QQQ
2022-07-19,NASDAQ MINI - CHICAGO MERCANTILE EXCHANGE,209742,256388,57667,33864,82941,68513,54560,80168,11324,15385,34491,43053,NQ,2022-07-22 15:30:00-04:00,-25608,-9.987986957267891,1.4451916787739556,44.871794871794876,-0.0354961086531885,14428,5.627408459054246,-0.8407737166713893,17.94871794871795,-0.9675004267847725,23803,9.283975849103703,-0.996052468366603,-4061,-1.58392748490569,-0.13383702631999017,-8562,-3.3394698659843676,0.5254715325840271,,,,,,NORMAL,,QQQ
2022-07-26,NASDAQ MINI - CHICAGO MERCANTILE EXCHANGE,209742,267158,58975,38807,90294,66935,51502,88292,15481,15882,33962,40298,NQ,2022-07-29 15:30:00-04:00,-36790,-13.770877158834846,-3.782890201566955,27.564102564102566,-0.5073533410393832,23359,8.743515073477118,3.116106614422872,33.33333333333333,-0.5468329012350993,20168,7.549090800200631,-1.734885048903072,-401,-0.1500984436176345,1.4338290412880554,-6336,-2.3716302712252673,0.9678395947591003,2022-08-01,299.2699890136719,338.05999755859375,-0.04462892573448723,557.1052733238802,NORMAL,,QQQ
2022-08-02,NASDAQ MINI - CHICAGO MERCANTILE EXCHANGE,209742,262325,62492,28651,87693,64132,52728,89224,11417,16705,30452,46070,NQ,2022-08-05 15:30:00-04:00,-36496,-13.912513103974078,-0.14163594513923172,27.564102564102566,-0.5197830898918814,23561,8.981606785476032,0.23809171199891388,34.61538461538461,-0.506143904372289,33841,12.900409797007528,5.3513189968068975,-5288,-2.015820070523206,-1.8657216269055716,-15618,-5.953683407986277,-3.5820531367610093,,,,,,NORMAL,,QQQ
2022-08-09,NASDAQ MINI - CHICAGO MERCANTILE EXCHANGE,209742,258784,66934,22334,88895,50947,45081,99398,11948,20271,30221,50129,NQ,2022-08-12 15:30:00-04:00,-54317,-20.989319277853344,-7.076806173879266,11.538461538461538,-1.406218662661204,37948,14.663966860393224,5.682360074917192,61.53846153846154,0.2616664458537528,44600,17.23445035241746,4.334040555409933,-8323,-3.216195746259429,-1.2003756757362227,-19908,-7.69290218869791,-1.7392187807116333,,,,,,NORMAL,,QQQ
2022-08-16,NASDAQ MINI - CHICAGO MERCANTILE EXCHANGE,209742,267796,65488,17126,99862,50223,44206,104853,12429,27415,30163,52531,NQ,2022-08-19 15:30:00-04:00,-60647,-22.64671615707479,-1.6573968792214444,8.333333333333332,-1.5999427960878911,49639,18.53612451268876,3.872157652295538,78.84615384615384,0.7965603702491265,48362,18.059268995802775,0.8248186433853135,-14986,-5.596050725178867,-2.3798549789194383,-22368,-8.352626626237882,-0.659724437539972,,,,,,EXTREME_SHORT,short,QQQ
2022-08-23,NASDAQ MINI - CHICAGO MERCANTILE EXCHANGE,209742,262158,58272,30877,93916,54408,50101,90339,13256,20867,31550,50604,NQ,2022-08-26 15:30:00-04:00,-40238,-15.348759145248286,7.297957011826503,23.717948717948715,-0.6828016145882383,39508,15.070301116120813,-3.4658233965679486,62.17948717948718,0.33612155503125063,27395,10.44980507937961,-7.609463916423165,-7611,-2.90321104067013,2.692839684508737,-19054,-7.268136009582008,1.0844906166558737,2022-09-01,267.260009765625,325.40399780273435,-0.13306081865868571,497.51717931937173,UNWINDING_SHORT,short,QQQ
2022-08-30,NASDAQ MINI - CHICAGO MERCANTILE EXCHANGE,209742,263641,64812,20750,87252,62262,50675,88760,12176,19186,32035,55992,NQ,2022-09-02 15:30:00-04:00,-38085,-14.445780436275086,0.9029787089731993,25.64102564102564,-0.5726524500856345,24990,9.47879882112418,-5.5915022949966335,37.17948717948718,-0.418201430717309,44062,16.712878497654007,6.263073418274397,-7010,-2.6589187569459987,0.24429228372413148,-23957,-9.086978125557103,-1.8188421159750945,,,,,,UNWINDING_SHORT,short,QQQ
2022-09-06,NASDAQ MINI - CHICAGO MERCANTILE EXCHANGE,209742,286754,77852,18358,80092,72918,61842,96694,14978,22879,35685,59600,NQ,2022-09-09 15:30:00-04:00,-34852,-12.153971696994637,2.29180873928045,37.82051282051282,-0.2883050092489117,7174,2.5017959644852383,-6.977002856638942,9.615384615384617,-1.3633749895998,59494,20.747400210633504,4.0345217129794975,-7901,-2.7553233782266333,-0.09640462128063465,-23915,-8.339901099897473,0.74707702565963,,,,,,UNWINDING_SHORT,short,QQQ
2022-09-13,NASDAQ MINI - CHICAGO MERCANTILE EXCHANGE,209742,314969,92584,10621,75342,66376,53012,101049,11384,26925,38679,66030,NQ,2022-09-16 15:30:00-04:00,-48037,-15.251342195581152,-3.097370498586516,23.076923076923077,-0.6717185026900939,8966,2.846629350825002,0.3448333863397637,10.897435897435898,-1.2974044630023842,81963,26.02256095044274,5.2751607398092375,-15541,-4.934136375325826,-2.1788129970991927,-27351,-8.683711730360766,-0.3438106304632935,,,,,,NORMAL,,QQQ
2022-09-20,NASDAQ MINI - CHICAGO MERCANTILE EXCHANGE,209742,271815,98360,12483,74235,74355,46345,87205,11435,31265,28531,53598,NQ,2022-09-23 15:30:00-04:00,-40860,-15.032282986590143,0.21905920899100906,25.0,-0.636075073094906,-120,-0.04414767396942774,-2.8907770247944296,5.128205128205128,-1.6719048773467768,85877,31.59391497893788,5.57135402849514,-19830,-7.295403123447933,-2.361266748122107,-25067,-9.222081194930375,-0.5383694645696089,,,,,,NORMAL,,QQQ
2022-09-27,NASDAQ MINI - CHICAGO MERCANTILE EXCHANGE,209742,282054,97992,8477,74137,84831,51285,83312,12609,34978,32818,57243,NQ,2022-09-30 15:30:00-04:00,-32027,-11.354917852609784,3.6773651339803592,42.30769230769231,-0.1711256006635513,-10694,-3.791472554900835,-3.7473248809314073,0.0,-2.1498454600762615,89515,31.736830535996653,0.14291555705877101,-22369,-7.930750849128181,-0.6353477256802478,-24425,-8.659689279357853,0.5623919155725225,2022-10-01,277.95001220703125,313.41399841308595,-0.00831306758389258,517.4171256908086,NORMAL,,QQQ
2022-10-04,NASDAQ MINI - CHICAGO MERCANTILE EXCHANGE,209742,272171,87622,9984,71489,84687,50625,70637,10407,37266,36520,54089,NQ,2022-10-07 15:30:00-04:00,-20012,-7.3527304525463775,4.002187400063407,58.333333333333336,0.3329523544285544,-13198,-4.849157331236612,-1.0576847763357775,0.0,-2.2462456440773706,77638,28.525449074295203,-3.21138146170145,-26859,-9.868428304264599,-1.9376774551364182,-17569,-6.455132986247617,2.204556293110236,,,,,,NORMAL,,QQQ
2022-10-11,NASDAQ MINI - CHICAGO MERCANTILE EXCHANGE,209742,281284,78780,12213,78991,82555,57979,77822,11665,36826,34255,52254,NQ,2022-10-14 15:30:00-04:00,-19843,-7.054436085948721,0.2982943665976565,60.89743589743589,0.3734422919184577,-3564,-1.2670468281167788,3.5821105031198335,3.205128205128205,-1.72579790669769,66567,23.66540578205657,-4.8600432922386325,-25161,-8.94505197593891,0.9233763283256895,-17999,-6.398870892052161,0.056262094195456136,,,,,,NORMAL,,QQQ
2022-10-18,NASDAQ MINI - CHICAGO MERCANTILE EXCHANGE,209742,274388,73306,18677,78545,78681,58125,71437,10921,38385,34309,48026,NQ,2022-10-21 15:30:00-04:00,-13312,-4.851524119130574,2.2029119668181467,72.43589743589743,0.654551159756591,-136,-0.04956484977477149,1.2174819783420072,7.051282051282051,-1.5385366060803822,54629,19.909398370191116,-3.756007411865454,-27464,-10.009184075105326,-1.0641320991664163,-13717,-4.999125326180446,1.399745565871715,,,,,,NORMAL,,QQQ
2022-10-25,NASDAQ MINI - CHICAGO MERCANTILE EXCHANGE,209742,281590,78882,17450,81202,73721,59536,92800,11075,30376,35422,51770,NQ,2022-10-28 15:30:00-04:00,-33264,-11.812919492879718,-6.961395373749144,41.66666666666667,-0.2171324466268015,7481,2.6566994566568414,2.706264306431613,14.102564102564102,-1.1652031611144107,61432,21.816115629106147,1.9067172589150303,-19301,-6.854291700699599,3.154892374405727,-16348,-5.8056038921836715,-0.8064785660032259,2022-11-01,293.3599853515625,306.4449981689453,-0.07005644678292808,546.1035213059919,NORMAL,,QQQ
2022-11-01,NASDAQ MINI - CHICAGO MERCANTILE EXCHANGE,209742,282466,81825,17901,78807,69758,59164,91130,9772,36956,33749,47572,NQ,2022-11-04 15:30:00-04:00,-31966,-11.316760247250997,0.4961592456287214,44.230769230769226,-0.1467322380963998,9049,3.203571403283935,0.5468719466270935,15.384615384615385,-1.0793867507117312,63924,22.630688295228452,0.8145726661223058,-27184,-9.623813131491932,-2.7695214307923335,-13823,-4.893686319769459,0.9119175724142128,,,,,,NORMAL,,QQQ
2022-11-08,NASDAQ MINI - CHICAGO MERCANTILE EXCHANGE,209742,273054,77222,17493,77131,68750,55002,89105,9101,29378,34149,47879,NQ,2022-11-11 15:30:00-05:00,-34103,-12.489470947138662,-1.1727106998876646,37.17948717948718,-0.2895505998208016,8381,3.0693562445523597,-0.1342151587315752,15.384615384615385,-1.0843048342812482,59729,21.87442776886623,-0.7562605263622224,-20277,-7.426003647630139,2.1978094838617928,-13730,-5.0283094186497905,-0.13462309888033186,,,,,,NORMAL,,QQQ
2022-11-15,NASDAQ MINI - CHICAGO MERCANTILE EXCHANGE,209742,268428,70255,32778,80205,56465,50543,88483,12449,27636,35634,43724,NQ,2022-11-18 15:30:00-05:00,-37940,-14.134143979018582,-1.64467303187992,27.564102564102566,-0.49136495655409357,23740,8.844084819765449,5.774728575213089,40.38461538461539,-0.31775475464716074,37477,13.961658247276738,-7.912769521589492,-15187,-5.657755524758967,1.7682481228711726,-8090,-3.013843563264637,2.0144658553851533,,,,,,NORMAL,,QQQ
2022-11-22,NASDAQ MINI - CHICAGO MERCANTILE EXCHANGE,209742,252712,62439,32731,78435,57571,48654,76002,9667,26404,36834,43321,NQ,2022-11-25 15:30:00-05:00,-27348,-10.821805058722973,3.312338920295609,47.43589743589743,-0.06957299676182607,20864,8.256038494412612,-0.5880463253528365,35.256410256410255,-0.3849137069769869,29708,11.755674443635442,-2.2059838036412955,-16737,-6.622954192915255,-0.9651986681562885,-6487,-2.566953686409826,0.4468898768548111,2022-12-01,266.2799987792969,298.39299926757815,-0.11023487635062493,495.69284240474116,NORMAL,,QQQ
2022-11-29,NASDAQ MINI - CHICAGO MERCANTILE EXCHANGE,209742,254245,67093,32427,76706,60890,47659,78138,10017,20321,35060,44759,NQ,2022-12-02 15:30:00-05:00,-30479,-11.988043029361442,-1.1662379706384698,41.66666666666667,-0.21865663208867891,15816,6.2207713032704675,-2.035267191142145,26.282051282051285,-0.6465900571365527,34666,13.63487974198116,1.8792052983457186,-10304,-4.052783732226789,2.570170460688466,-9699,-3.8148242836633957,-1.2478705972535695,,,,,,NORMAL,,QQQ
2022-12-06,NASDAQ MINI - CHICAGO MERCANTILE EXCHANGE,209742,250102,62693,33455,80681,60357,45490,77637,8497,17416,36335,44831,NQ,2022-12-09 15:30:00-05:00,-32147,-12.853555749254305,-0.8655127198928625,34.61538461538461,-0.328358316614761,20324,8.126284475933819,1.9055131726633512,35.256410256410255,-0.3810756125641798,29238,11.69043030443579,-1.9444494375453711,-8919,-3.5661450128347636,0.48663871939202563,-8496,-3.3970140182805415,0.41781026538285415,,,,,,NORMAL,,QQQ
2022-12-13,NASDAQ MINI - CHICAGO MERCANTILE EXCHANGE,209742,312984,64069,34945,80650,61006,44423,75194,9237,20815,36975,43394,NQ,2022-12-16 15:30:00-05:00,-30771,-9.831492983666896,3.0220627655874086,51.92307692307693,0.052494922139419,19644,6.276359174909899,-1.8499253010239194,26.923076923076923,-0.6234828341264721,29124,9.305268000920174,-2.3851623035156155,-11578,-3.699230631597781,-0.1330856187630176,-6419,-2.0509035605653962,1.3461104577151453,,,,,,NORMAL,,QQQ
2022-12-20,NASDAQ MINI - CHICAGO MERCANTILE EXCHANGE,209742,245045,53807,42983,79662,68658,54712,62794,7292,17807,35754,38985,NQ,2022-12-23 15:30:00-05:00,-8082,-3.298169723928258,6.533323259738639,79.48717948717949,0.8795060308505138,11004,4.490603766655104,-1.7857554082547953,18.58974358974359,-0.860737752644865,10824,4.417147870799241,-4.888120130120933,-10515,-4.2910485829133425,-0.5918179513155613,-3231,-1.3185333306127447,0.7323702299526516,,,,,,NORMAL,,QQQ
2022-12-27,NASDAQ MINI - CHICAGO MERCANTILE EXCHANGE,209742,250781,57119,39875,77709,68324,55492,70797,9554,16792,34527,38613,NQ,2022-12-30 15:30:00-05:00,-15305,-6.102934432831834,-2.804764708903576,67.94871794871796,0.5273905665934152,9385,3.742309026600899,-0.748294740054205,17.94871794871795,-0.9502090106630292,17244,6.876119004230783,2.4589711334315423,-7238,-2.886183562550592,1.4048650203627506,-4086,-1.6293100354492565,-0.31077670483651176,2023-01-01,294.6199951171875,291.6009979248047,0.1023721632561339,548.4490892233857,NORMAL,,QQQ
2023-01-03,NASDAQ MINI - CHICAGO MERCANTILE EXCHANGE,209742,244658,49729,41408,74060,68315,58604,60419,10346,17058,34484,40023,NQ,2023-01-06 15:30:00-05:00,-1815,-0.7418518912114053,5.361082541620428,90.38461538461539,1.2154100517586175,5745,2.3481758209418864,-1.3941332056590126,12.82051282051282,-1.1258294003794944,8321,3.4010741524904153,-3.4750448517403676,-6712,-2.7434214290969434,0.1427621334536484,-5539,-2.2639766531239527,-0.6346666176746962,,,,,,EXTREME_LONG,long,QQQ
2023-01-10,NASDAQ MINI - CHICAGO MERCANTILE EXCHANGE,209742,253625,57402,46310,80035,62578,58130,70408,8213,18707,32962,38739,NQ,2023-01-13 15:30:00-05:00,-12278,-4.8410054213898475,-4.099153530178442,73.71794871794873,0.6994074743049038,17457,6.882996550024643,4.534820729082757,33.33333333333333,-0.5022416902601481,11092,4.373385904386398,0.9723117518959823,-10494,-4.1376047313947755,-1.394183302297832,-5777,-2.277772301626417,-0.013795648502464175,,,,,,UNWINDING_LONG,long,QQQ
2023-01-17,NASDAQ MINI - CHICAGO MERCANTILE EXCHANGE,209742,275015,67087,45495,85630,57478,62729,80707,9650,31505,32760,42671,NQ,2023-01-20 15:30:00-05:00,-17978,-6.53709797647401,-1.6960925550841628,65.38461538461539,0.48681106771689864,28152,10.236532552769848,3.353536002745205,51.28205128205128,-0.04192433678266385,21592,7.85120811592095,3.4778222115345523,-21855,-7.94683926331291,-3.8092345319181344,-9911,-3.603803428903878,-1.326031127277461,,,,,,UNWINDING_LONG,long,QQQ
2023-01-24,NASDAQ MINI - CHICAGO MERCANTILE EXCHANGE,209742,273887,68143,43761,88155,52070,58034,87343,9398,28738,32846,44664,NQ,2023-01-27 15:30:00-05:00,-29309,-10.701128567620954,-4.164030591146943,47.43589743589743,-0.03949511240138391,36085,13.17514157298448,2.9386090202146313,66.66666666666666,0.35890644872830596,24382,8.90221149598192,1.05100338006097,-19340,-7.061306305155045,0.8855329581578646,-11818,-4.3149181961903995,-0.7111147672865217,2023-02-01,293.55999755859375,289.6319976806641,0.05616112490016871,546.4758535122164,UNWINDING_LONG,long,QQQ
2023-01-31,NASDAQ MINI - CHICAGO MERCANTILE EXCHANGE,209742,278449,73016,48610,89321,51290,61614,89943,8444,26357,30935,47130,NQ,2023-02-03 15:30:00-05:00,-28329,-10.17385589461625,0.5272726730047044,50.641025641025635,0.03530193376571157,38031,13.658156430800613,0.4830148578161335,71.15384615384616,0.42957292702588296,24406,8.764980301599216,-0.1372311943827036,-17913,-6.433134972652083,0.6281713325029621,-16195,-5.816145865131496,-1.5012276689410964,,,,,,NORMAL,,QQQ
2023-02-07,NASDAQ MINI - CHICAGO MERCANTILE EXCHANGE,209742,279306,71879,51959,88290,39391,67375,106342,7274,21893,31398,46631,NQ,2023-02-10 15:30:00-05:00,-38967,-13.951365169384117,-3.7775092747678674,28.846153846153843,-0.4466631111069657,48899,17.507321718831676,3.849165288031063,82.05128205128204,0.9533044059957286,19920,7.1319627934953065,-1.6330175081039098,-14619,-5.234044381431119,1.1990905912209646,-15233,-5.4538749615117466,0.36227090361974934,,,,,,NORMAL,,QQQ
2023-02-14,NASDAQ MINI - CHICAGO MERCANTILE EXCHANGE,209742,276184,78647,42734,83332,37354,58982,104828,7365,22897,34904,55417,NQ,2023-02-17 15:30:00-05:00,-45846,-16.599803029864148,-2.6484378604800316,21.153846153846153,-0.7806086289277888,45978,16.647597254004577,-0.8597244648270994,79.48717948717949,0.8289239382500161,35913,13.003287663296932,5.871324869801626,-15532,-5.623787040523709,-0.3897426590925903,-20513,-7.427294846913652,-1.9734198854019054,,,,,,NORMAL,,QQQ
2023-02-21,NASDAQ MINI - CHICAGO MERCANTILE EXCHANGE,209742,268297,75857,40071,75605,42130,58301,93137,7313,21187,34896,55447,NQ,2023-02-24 15:30:00-05:00,-34836,-12.984118346459335,3.6156846834048135,35.256410256410255,-0.30445692133659386,33475,12.476844690771793,-4.170752563232783,62.82051282051282,0.2630145990043548,35786,13.338203557997295,0.3349158947003623,-13874,-5.171134973555426,0.452652066968283,-20551,-7.659794928754328,-0.2325000818406764,2023-03-01,320.92999267578125,290.8969970703125,0.09398012237824073,597.4263970695172,NORMAL,,QQQ
2023-02-28,NASDAQ MINI - CHICAGO MERCANTILE EXCHANGE,209742,268253,76744,36907,73978,49795,58658,89854,8600,23249,33999,52174,NQ,2023-03-03 15:30:00-05:00,-31196,-11.629320082161243,1.3547982642980916,44.871794871794876,-0.11915148173555984,24183,9.014997036379835,-3.461847654391958,46.794871794871796,-0.19959200635425203,39837,14.850532892456002,1.5123293344587072,-14649,-5.460889533388257,-0.28975455983283105,-18175,-6.775320313286338,0.8844746154679903,,,,,,NORMAL,,QQQ
2023-03-07,NASDAQ MINI - CHICAGO MERCANTILE EXCHANGE,209742,260810,70161,31962,71463,47212,59788,87644,9591,20535,32977,56627,NQ,2023-03-10 15:30:00-05:00,-27856,-10.680572063954603,0.9487480182066399,51.28205128205128,0.009553276550547076,24251,9.298339787584831,0.2833427512049962,48.717948717948715,-0.1540870069653743,38199,14.646294237184158,-0.20423865527184404,-10944,-4.196158122771366,1.264731410616891,-23650,-9.06790383804302,-2.2925835247566813,,,,,,NORMAL,,QQQ
2023-03-14,NASDAQ MINI - CHICAGO MERCANTILE EXCHANGE,209742,306461,61692,31013,73935,53880,65156,71184,10011,26137,44175,72755,NQ,2023-03-17 15:30:00-04:00,-6028,-1.9669713275098626,8.713600736444741,87.82051282051282,1.148109126112611,20055,6.544062702921416,-2.754277084663416,30.76923076923077,-0.5288700172932714,30679,10.010735460629574,-4.635558776554584,-16126,-5.262007237462516,-1.06584911469115,-28580,-9.325819598578612,-0.2579157605355924,,,,,,NORMAL,,QQQ
2023-03-21,NASDAQ MINI - CHICAGO MERCANTILE EXCHANGE,209742,214876,43438,18463,74903,50562,43411,73840,8391,15540,31697,43435,NQ,2023-03-24 15:30:00-04:00,-30429,-14.161190640183175,-12.194219312673313,28.205128205128204,-0.4376819884155712,24341,11.327928665835179,4.783865962913763,57.692307692307686,0.11388706952489991,24975,11.622982557381931,1.6122470967523572,-7149,-3.3270351272361736,1.9349721102263424,-11738,-5.462685455797763,3.863134142780849,,,,,,NORMAL,,QQQ
2023-03-28,NASDAQ MINI - CHICAGO MERCANTILE EXCHANGE,209742,220074,46923,18398,74720,50400,41075,81969,11135,15588,33614,41112,NQ,2023-03-31 15:30:00-04:00,-40894,-18.581931532121015,-4.4207408919378395,16.025641025641026,-1.0158157410630813,24320,11.050828357734217,-0.2771003081009624,57.692307692307686,0.07650562430138151,28525,12.961549297054628,1.3385667396726966,-4453,-2.023410307442042,1.3036248197941314,-7498,-3.407035815225788,2.055649640571975,2023-04-01,322.55999755859375,295.1249969482422,0.2113564632616057,600.4607284394997,NORMAL,,QQQ
2023-04-04,NASDAQ MINI - CHICAGO MERCANTILE EXCHANGE,209742,232186,42278,28338,69137,36464,46145,90486,6494,14595,51175,45346,NQ,2023-04-07 15:30:00-04:00,-44341,-19.097189322353632,-0.5152577902326172,15.384615384615385,-1.0714329110432248,32673,14.071907866968724,3.0210795092345073,73.07692307692307,0.49056888856634734,13940,6.003807292429346,-6.957742004625282,-8101,-3.489013118792692,-1.4656028113506498,5829,2.5104872817482535,5.917523096974041,,,,,,NORMAL,,QQQ
2023-04-11,NASDAQ MINI - CHICAGO MERCANTILE EXCHANGE,209742,237470,40601,37534,79593,39338,48720,84931,13275,14596,36868,42658,NQ,2023-04-14 15:30:00-04:00,-36211,-15.248662989009137,3.848526333344495,25.64102564102564,-0.5459485620532495,40255,16.95161494083463,2.879707073865907,82.05128205128204,0.8825264628238397,3067,1.2915315618815009,-4.712275730547844,-1321,-0.5562807933633722,2.9327323254293196,-5790,-2.4382027203436225,-4.948690002091876,,,,,,NORMAL,,QQQ
2023-04-18,NASDAQ MINI - CHICAGO MERCANTILE EXCHANGE,209742,245059,41477,37587,81209,42596,54568,86193,14897,16685,35128,44218,NQ,2023-04-21 15:30:00-04:00,-31625,-12.905055517242786,2.343607471766351,38.46153846153847,-0.23019469331104594,38613,15.756613713432275,-1.195001227402356,77.56410256410257,0.7203721347430313,3890,1.5873728367454367,0.29584127486393585,-1788,-0.7296202139076712,-0.17333942054429896,-9090,-3.709310819027255,-1.2711080986836323,,,,,,NORMAL,,QQQ
2023-04-25,NASDAQ MINI - CHICAGO MERCANTILE EXCHANGE,209742,247654,40422,41907,79224,38074,51598,87590,21446,16520,35188,43787,NQ,2023-04-28 15:30:00-04:00,-35992,-14.533179355067958,-1.6281238378251714,28.205128205128204,-0.4439997250601477,41150,16.615923829213337,0.8593101157810619,78.84615384615384,0.8356837698017863,-1485,-0.5996268988185129,-2.1869997355639494,4926,1.989065389616158,2.7186856035238294,-8599,-3.472182964943025,0.23712785408422965,2023-05-01,347.989990234375,298.37799682617185,0.18114858462325054,647.7998654741128,NORMAL,,QQQ
2023-05-02,NASDAQ MINI - CHICAGO MERCANTILE EXCHANGE,209742,246962,36256,41188,81803,38832,49879,84684,27209,17654,33832,46621,NQ,2023-05-05 15:30:00-04:00,-34805,-14.093261311456823,0.43991804361113473,32.05128205128205,-0.3812747567839954,42971,17.39984289080911,0.7839190615957747,82.6923076923077,0.9398383112781931,-4932,-1.9970683748916838,-1.3974414760731708,9555,3.869016285906334,1.8799508962901759,-12789,-5.178529490366939,-1.706346525423914,,,,,,NORMAL,,QQQ
2023-05-09,NASDAQ MINI - CHICAGO MERCANTILE EXCHANGE,209742,255173,34579,44637,82681,38373,56710,87392,23503,16606,36178,46643,NQ,2023-05-12 15:30:00-04:00,-30682,-12.023999404325693,2.0692619071311302,47.43589743589743,-0.10068586769812768,44308,17.363906055891494,-0.03593683491761723,82.6923076923077,0.9354590277034771,-10058,-3.9416395935306636,-1.9445712186389799,6897,2.7028721690774495,-1.1661441168288844,-10465,-4.101139227112586,1.0773902632543528,,,,,,NORMAL,,QQQ
2023-05-16,NASDAQ MINI - CHICAGO MERCANTILE EXCHANGE,209742,273355,41301,51628,88753,37925,63768,95174,18936,15225,37405,50211,NQ,2023-05-19 15:30:00-04:00,-31406,-11.489089279508331,0.5349101248173618,50.641025641025635,-0.02773333390044917,50828,18.59413583069635,1.2302297748048545,87.82051282051282,1.1107082944176503,-10327,-3.7778712663020615,0.16376832722860213,3711,1.357575314151927,-1.3452968549255226,-12806,-4.684750599037881,-0.5836113719252944,,,,,,NORMAL,,QQQ
2023-05-23,NASDAQ MINI - CHICAGO MERCANTILE EXCHANGE,209742,275175,43591,55598,90766,32184,64099,101252,13219,13801,38954,47794,NQ,2023-05-26 15:30:00-04:00,-37153,-13.501589897338057,-2.0125006178297262,35.8974358974359,-0.29684345753987584,58582,21.28899791042064,2.6948620797242917,91.02564102564102,1.4761696359696321,-12007,-4.363405105841737,-0.5855338395396759,-582,-0.21150177159989098,-1.569077085751818,-8840,-3.212501135640956,1.472249463396925,2023-06-01,369.4200134277344,305.39299926757815,0.2584140090612965,687.6928696735021,NORMAL,,QQQ
2023-05-30,NASDAQ MINI - CHICAGO MERCANTILE EXCHANGE,209742,298403,44623,60479,93268,28824,70871,115887,24614,14790,37626,51022,NQ,2023-06-02 15:30:00-04:00,-45016,-15.085639219444845,-1.5840493221067877,26.282051282051285,-0.5095170928638637,64444,21.596297624353642,0.30729971393300204,91.02564102564102,1.5139851568025466,-15856,-5.313619501144426,-0.9502143953026883,9824,3.292192102626314,3.503693874226205,-13396,-4.489231006390686,-1.2767298707497305,,,,,,NORMAL,,QQQ
2023-06-06,NASDAQ MINI - CHICAGO MERCANTILE EXCHANGE,209742,306736,43256,68172,95183,23056,74167,117233,22912,15738,39578,50897,NQ,2023-06-09 15:30:00-04:00,-43066,-14.040086589118982,1.0455526303258633,32.69230769230769,-0.3693135902069973,72127,23.51435762349382,1.9180599991401763,93.58974358974359,1.7697585099093176,-24916,-8.122946116530176,-2.809326615385751,7174,2.338819049606176,-0.9533730530201381,-11319,-3.690143967450837,0.7990870389398492,,,,,,NORMAL,,QQQ
2023-06-13,NASDAQ MINI - CHICAGO MERCANTILE EXCHANGE,209742,322087,48578,58364,92267,21853,59597,103639,25143,27301,39897,54325,NQ,2023-06-16 15:30:00-04:00,-44042,-13.673945238398321,0.36614135072066034,35.256410256410255,-0.32484462119701596,70414,21.861795105049257,-1.6525625184445616,90.38461538461539,1.530022072172936,-9786,-3.0383095250662087,5.084636591463967,-2158,-0.6700053091245532,-3.0088243587307293,-14428,-4.4795350324601735,-0.7893910650093363,,,,,,NORMAL,,QQQ
2023-06-20,NASDAQ MINI - CHICAGO MERCANTILE EXCHANGE,209742,247591,36909,73518,92743,25816,53997,71384,13110,18920,39361,46482,NQ,2023-06-23 15:30:00-04:00,-17387,-7.022468506528913,6.651476731869408,70.51282051282051,0.5591745697935381,66927,27.031273350000607,5.16947824495135,98.07692307692307,2.2375621768608744,-36609,-14.786078653909067,-11.747769128842858,-5810,-2.346611952776959,-1.6766066436524056,-7121,-2.8761142367856665,1.603420795674507,,,,,,NORMAL,,QQQ
2023-06-27,NASDAQ MINI - CHICAGO MERCANTILE EXCHANGE,209742,256666,40690,72091,90214,25455,51929,77563,16340,18193,40479,46350,NQ,2023-06-30 15:30:00-04:00,-25634,-9.98729866830823,-2.9648301617793162,59.61538461538461,0.16240856748945381,64759,25.230844755440923,-1.8004285945596834,96.15384615384616,2.0087596398377037,-31401,-12.234187621266548,2.5518910326425193,-1853,-0.7219499271426679,1.624662025634291,-5871,-2.287408538723477,0.5887056980621894,2023-07-01,383.67999267578125,317.0349975585938,0.19552550846624372,714.2384971276905,NORMAL,,QQQ
2023-07-03,NASDAQ MINI - CHICAGO MERCANTILE EXCHANGE,209742,248698,36635,64746,90950,28692,46809,80314,14584,13651,40005,41580,NQ,2023-07-06 15:30:00-04:00,-33505,-13.472163025034378,-3.484864356726149,35.8974358974359,-0.2996592554507418,62258,25.033574857859733,-0.19726989758119018,96.15384615384616,2.006841666983096,-28111,-11.303267416706205,0.9309202045603424,933,0.375153800995585,1.097103728138253,-1575,-0.6332982171147336,1.6541103216087434,,,,,,NORMAL,,QQQ
2023-07-11,NASDAQ MINI - CHICAGO MERCANTILE EXCHANGE,209742,259491,39593,67485,91820,28126,48690,85525,18695,14727,40206,43141,NQ,2023-07-14 15:30:00-04:00,-36835,-14.195097325148078,-0.7229343001136996,29.48717948717949,-0.3928320216738474,63694,24.545745324500658,-0.48782953335907564,96.15384615384616,1.9555930832407704,-27892,-10.748735023565365,0.5545323931408408,3968,1.5291474463468868,1.1539936453513018,-2935,-1.131060422134101,-0.4977622050193674,,,,,,NORMAL,,QQQ
2023-07-18,NASDAQ MINI - CHICAGO MERCANTILE EXCHANGE,209742,264119,37720,75395,96025,24979,52174,84284,16525,12194,39322,44914,NQ,2023-07-21 15:30:00-04:00,-32110,-12.15739874829149,2.037698576856588,46.15384615384615,-0.11733576834929842,71046,26.899238600782223,2.353493276281565,98.71794871794873,2.257831507687103,-37675,-14.264403545371595,-3.51566852180623,4331,1.6397911547446415,0.11064370839775473,-5592,-2.117227461863781,-0.9861670397296802,,,,,,NORMAL,,QQQ
2023-07-25,NASDAQ MINI - CHICAGO MERCANTILE EXCHANGE,209742,260623,44825,72457,94651,30938,44967,85132,12496,11455,42387,39344,NQ,2023-07-28 15:30:00-04:00,-40165,-15.411149438077222,-3.2537506897857327,21.794871794871796,-0.55779692413381,63713,24.4464226104373,-2.4528159903449236,94.87179487179486,1.8841660671097236,-27632,-10.60228759549234,3.6621159498792544,1041,0.39942752558293015,-1.2403636291617115,3043,1.1675868975493338,3.284814359413115,2023-08-01,377.989990234375,327.03899536132815,0.1718439766100019,703.6462878126817,NORMAL,,QQQ
2023-08-01,NASDAQ MINI - CHICAGO MERCANTILE EXCHANGE,209742,262908,47734,61088,95570,30815,44192,98062,13717,10786,39279,39741,NQ,2023-08-04 15:30:00-04:00,-53870,-20.490057358467602,-5.07890792039038,14.102564102564102,-1.2424276199646354,64755,24.630288922360673,0.18386631192337433,95.51282051282051,1.8869249913487842,-13354,-5.07934334443988,5.5229442510524605,2931,1.1148386507827834,0.7154111251998533,-462,-0.17572687023597608,-1.3433137677853098,,,,,,NORMAL,,QQQ
2023-08-08,NASDAQ MINI - CHICAGO MERCANTILE EXCHANGE,209742,267797,52707,62485,93470,27381,44518,101156,14233,11158,39533,42281,NQ,2023-08-11 15:30:00-04:00,-56638,-21.149602123996907,-0.6595447655293043,12.179487179487179,-1.3258509437727268,66089,24.67876787267968,0.048478950319005065,95.51282051282051,1.8693174106774575,-9778,-3.6512731658681763,1.4280701785717036,3075,1.1482578221563349,0.03341917137355144,-2748,-1.0261504049709296,-0.8504235347349535,,,,,,NORMAL,,QQQ
2023-08-15,NASDAQ MINI - CHICAGO MERCANTILE EXCHANGE,209742,267495,51602,67705,91336,28898,45788,81138,12813,23345,40682,41135,NQ,2023-08-18 15:30:00-04:00,-35350,-13.21520028411746,7.934401839879447,37.17948717948718,-0.2644708390993879,62438,23.341744705508514,-1.3370231671711643,89.1025641025641,1.6645025720821889,-16103,-6.019925606086095,-2.3686524402179185,-10532,-3.937269855511318,-5.085527677667653,-453,-0.169348959793641,0.8568014451772885,,,,,,NORMAL,,QQQ
2023-08-22,NASDAQ MINI - CHICAGO MERCANTILE EXCHANGE,209742,263420,50150,61876,84561,29117,46240,74750,11947,27759,41655,41051,NQ,2023-08-25 15:30:00-04:00,-28510,-10.823020271809279,2.392180012308181,55.769230769230774,0.0457490345495888,55444,21.047756434591147,-2.2939882709173673,85.8974358974359,1.3673474709261009,-11726,-4.451446359426011,1.5684792466600834,-15812,-6.002581428896819,-2.0653115733855008,604,0.2292916255409612,0.3986405853346022,2023-09-01,358.2699890136719,333.5299957275391,0.029541076087772483,666.9365705897324,NORMAL,,QQQ
2023-08-29,NASDAQ MINI - CHICAGO MERCANTILE EXCHANGE,209742,265968,52030,62612,87566,24112,50504,77544,7875,28453,39320,44574,NQ,2023-09-01 15:30:00-04:00,-27040,-10.166636587860193,0.6563836839490857,59.61538461538461,0.12401902242170527,63454,23.857757324189375,2.8100008895982285,91.66666666666666,1.7466058773501356,-10582,-3.978674126210672,0.47277223321533945,-20578,-7.737020995006918,-1.7344395661100993,-5254,-1.9754256151115923,-2.2047172406525535,2023-09-01,358.2699890136719,333.5299957275391,0.029541076087772483,666.9365705897324,NORMAL,,QQQ
2023-09-05,NASDAQ MINI - CHICAGO MERCANTILE EXCHANGE,209742,274701,57498,62120,86327,25255,55291,82511,7606,28982,38035,45889,NQ,2023-09-08 15:30:00-04:00,-27220,-9.908955555312868,0.25768103254732466,61.53846153846154,0.1504933902684927,61072,22.232172434756336,-1.6255848894330391,87.82051282051282,1.520596609795042,-4622,-1.6825566707074238,2.296117455503248,-21376,-7.781551577897423,-0.04453058289050471,-7854,-2.859108630838621,-0.8836830157270286,,,,,,NORMAL,,QQQ
2023-09-12,NASDAQ MINI - CHICAGO MERCANTILE EXCHANGE,209742,303321,52876,57386,81069,30492,48275,77439,7818,25173,44891,44439,NQ,2023-09-15 15:30:00-04:00,-29164,-9.61489642985484,0.2940591254580287,63.46153846153846,0.19153319495250323,50577,16.674414234424916,-5.5577582003314205,78.2051282051282,0.7712606243715867,-4510,-1.486873642115119,0.1956830285923048,-17355,-5.721661210400862,2.0598903674965605,452,0.1490170479459055,3.0081256787845265,,,,,,NORMAL,,QQQ
2023-09-19,NASDAQ MINI - CHICAGO MERCANTILE EXCHANGE,209742,236252,41750,73138,87818,19513,45970,65430,11346,27697,36781,37887,NQ,2023-09-22 15:30:00-04:00,-19460,-8.23696730609688,1.3779291237579603,67.3076923076923,0.38976614133809506,68305,28.911924555136043,12.237510320711127,100.0,2.3715357150632506,-31388,-13.285813453431082,-11.798939811315963,-16351,-6.920999610585307,-1.1993384001844447,-1106,-0.4681441850227723,-0.6171612329686778,,,,,,NORMAL,,QQQ
2023-09-26,NASDAQ MINI - CHICAGO MERCANTILE EXCHANGE,209742,241018,44788,67322,84538,26015,41194,69386,17791,25734,39946,39800,NQ,2023-09-29 15:30:00-04:00,-28192,-11.697051672489192,-3.460084366392312,49.358974358974365,-0.07823025440562532,58523,24.28158892696811,-4.630335628167934,91.66666666666666,1.719797327196946,-22534,-9.34950916529056,3.936304288140523,-7943,-3.2956044776738667,3.62539513291144,146,0.06057638848550731,0.5287205735082796,2023-10-01,350.8699951171875,341.98899536132814,-0.05021389647633591,653.1611311082024,NORMAL,,QQQ
2023-10-03,NASDAQ MINI - CHICAGO MERCANTILE EXCHANGE,209742,254924,46979,70851,81295,32429,45271,65202,29207,31189,38421,41502,NQ,2023-10-06 15:30:00-04:00,-19931,-7.818408623746685,3.8786430487425063,68.58974358974359,0.4799583126749486,48866,19.168850324018138,-5.112738602949971,82.05128205128204,1.0418554320103985,-23872,-9.36435957383377,-0.014850408543210847,-1982,-0.7774866234642481,2.5181178542096188,-3081,-1.2085955029734352,-1.2691718914589425,,,,,,NORMAL,,QQQ
2023-10-10,NASDAQ MINI - CHICAGO MERCANTILE EXCHANGE,209742,256528,47724,76413,83103,26766,42670,60851,29277,37864,38296,39176,NQ,2023-10-13 15:30:00-04:00,-18181,-7.087335495540448,0.731073128206237,72.43589743589743,0.5903623861763366,56337,21.961345350215183,2.792495026197045,85.8974358974359,1.387456542037308,-28689,-11.183574502588412,-1.8192149287546417,-8587,-3.347392877190794,-2.569906253726546,-880,-0.34304247489552797,0.8655530280779072,,,,,,NORMAL,,QQQ
2023-10-17,NASDAQ MINI - CHICAGO MERCANTILE EXCHANGE,209742,256786,44440,80733,84676,23093,45427,59306,30584,39687,36410,38718,NQ,2023-10-20 15:30:00-04:00,-13879,-5.404889674670738,1.6824458208697104,80.12820512820514,0.8247636927250651,61583,23.98222644536696,2.0208810951517755,90.38461538461539,1.6279484047821848,-36293,-14.133558683105777,-2.949984180517365,-9103,-3.5449751933516627,-0.19758231616086874,-2308,-0.8988028942387825,-0.5557604193432545,,,,,,NORMAL,,QQQ
2023-10-24,NASDAQ MINI - CHICAGO MERCANTILE EXCHANGE,209742,253055,51220,75249,85950,24944,47805,61689,15804,40566,37947,36278,NQ,2023-10-27 15:30:00-04:00,-13884,-5.486554306376084,-0.08166463170534666,79.48717948717949,0.8047577093055682,61006,24.107802651597478,0.12557620623051946,91.02564102564102,1.6180419888412392,-24029,-9.495564205409892,4.6379944776958855,-24762,-9.785224555926577,-6.2402493625749145,1669,0.6595404161150737,1.5583433103538562,2023-11-01,388.8299865722656,351.4099945068359,0.013422628218292954,723.8254549338278,NORMAL,,QQQ
2023-10-31,NASDAQ MINI - CHICAGO MERCANTILE EXCHANGE,209742,259306,59692,72594,80190,34507,50596,59168,16417,40481,37843,37988,NQ,2023-11-03 15:30:00-04:00,-8572,-3.3057468782056723,2.180807428170412,85.8974358974359,1.1042087612749285,45683,17.617409547021666,-6.490393104575812,77.56410256410257,0.7840784194409374,-12902,-4.975588686725336,4.519975518684555,-24064,-9.280155491967019,0.5050690639595583,-145,-0.05591849012363771,-0.7154589062387114,,,,,,NORMAL,,QQQ
2023-11-07,NASDAQ MINI - CHICAGO MERCANTILE EXCHANGE,209742,268597,49941,86287,88298,23030,61816,51674,16852,48558,35524,42882,NQ,2023-11-10 15:30:00-05:00,10142,3.7759170802354456,7.081663958441117,98.07692307692307,2.08982454799892,65268,24.299601261369265,6.682191714347599,91.66666666666666,1.6065789567400721,-36346,-13.531796706590171,-8.556208019864835,-31706,-11.804301611708247,-2.5241461197412285,-7358,-2.7394200233062915,-2.6835015331826537,,,,,,EXTREME_LONG,long,QQQ
2023-11-14,NASDAQ MINI - CHICAGO MERCANTILE EXCHANGE,209742,273787,47225,100185,100730,16433,46141,51049,23158,51304,39612,37895,NQ,2023-11-17 15:30:00-05:00,-4908,-1.7926344201879563,-5.568551500423402,89.74358974358975,1.2757296968568628,84297,30.78926318634559,6.489661924976325,100.0,2.3832415089983017,-52960,-19.343504256958877,-5.8117075503687055,-28146,-10.280254358315041,1.5240472533932063,1717,0.6271298491162838,3.366549872422575,,,,,,UNWINDING_LONG,long,QQQ
2023-11-21,NASDAQ MINI - CHICAGO MERCANTILE EXCHANGE,209742,284312,49906,110335,109690,16983,43581,52647,21198,50651,41796,35555,NQ,2023-11-24 15:30:00-05:00,-9066,-3.1887503868989,-1.3961159667109435,85.8974358974359,1.0659048158525797,92707,32.60748754888995,1.8182243625443597,100.0,2.5462668979624756,-60429,-21.25446692366133,-1.9109626667024529,-29453,-10.359393905287149,-0.07913954697210812,6241,2.195123666957427,1.5679938178411434,2023-12-01,409.5199890136719,363.00599365234376,0.08341490408184224,762.340875418121,UNWINDING_LONG,long,QQQ
2023-11-28,NASDAQ MINI - CHICAGO MERCANTILE EXCHANGE,209742,293315,53035,119748,111274,15948,46913,49046,21150,51254,42502,38878,NQ,2023-12-01 15:30:00-05:00,-2133,-0.7272045411929154,2.4615458457059844,92.94871794871796,1.393549601387216,95326,32.49953122070129,-0.10795632818865641,99.35897435897436,2.4663941349705008,-66713,-22.74448971242521,-1.4900227887638806,-30104,-10.263368733273103,0.09602517201404659,3624,1.2355317661899323,-0.9595919007674949,2023-12-01,409.5199890136719,363.00599365234376,0.08341490408184224,762.340875418121,EXTREME_LONG,long,QQQ
2023-12-05,NASDAQ MINI - CHICAGO MERCANTILE EXCHANGE,209742,277746,54064,108214,107327,17805,46370,72326,8818,23412,41346,36168,NQ,2023-12-08 15:30:00-05:00,-25956,-9.345229094208378,-8.618024553015463,60.89743589743589,0.18211614986032315,89522,32.231607295874646,-0.26792392482664695,98.71794871794873,2.374568395946065,-54150,-19.496230368754187,3.248259343671023,-14594,-5.254441108062762,5.00892762521034,5178,1.8642932751506773,0.628761508960745,,,,,,UNWINDING_LONG,long,QQQ
2023-12-12,NASDAQ MINI - CHICAGO MERCANTILE EXCHANGE,209742,337236,59632,97900,99764,18643,54937,95751,13816,18568,44538,41825,NQ,2023-12-15 15:30:00-05:00,-40814,-12.10250388452004,-2.757274790311662,42.30769230769231,-0.21513126152614942,81121,24.054667947668694,-8.176939348205952,86.53846153846155,1.3853552036729004,-38268,-11.347542966943031,8.148687401811156,-4752,-1.4091022310785326,3.8453388769842296,2713,0.804481134872908,-1.0598121402777694,,,,,,UNWINDING_LONG,long,QQQ
2023-12-19,NASDAQ MINI - CHICAGO MERCANTILE EXCHANGE,209742,276654,58391,105213,109265,20143,44763,89538,11777,12886,39029,35445,NQ,2023-12-22 15:30:00-05:00,-44775,-16.184475915764818,-4.081972031244778,16.666666666666664,-0.8056778500952226,89122,32.21424595342919,8.159578005760498,98.07692307692307,2.2996101182304787,-46822,-16.92438930939007,-5.576846342447038,-1109,-0.40086172619951277,1.0082405048790197,3584,1.2954809979252062,0.49099986305229826,,,,,,UNWINDING_LONG,long,QQQ
2023-12-26,NASDAQ MINI - CHICAGO MERCANTILE EXCHANGE,209742,278055,57515,107159,110160,19524,48289,92731,8978,11145,40310,34693,NQ,2023-12-29 15:30:00-05:00,-44442,-15.983168797540054,0.20130711822476322,16.666666666666664,-0.7851096367464576,90636,32.59642876409343,0.38218281066424,99.35897435897436,2.313058628375353,-49644,-17.854021686357015,-0.9296323769669463,-2167,-0.779342216467965,-0.3784804902684522,5617,2.020103936271601,0.7246229383463947,2024-01-01,416.9700012207031,372.60999450683596,0.16384295086684253,776.2094263561664,NORMAL,,QQQ
2024-01-02,NASDAQ MINI - CHICAGO MERCANTILE EXCHANGE,209742,272832,48210,106212,115669,26698,46998,81924,7015,11330,40241,31969,NQ,2024-01-05 15:30:00-05:00,-34926,-12.80128430682618,3.181884490713875,35.256410256410255,-0.34676579889460296,88971,32.61017769176636,0.013748927672928346,100.0,2.291735515692416,-58002,-21.25923645320197,-3.4052147668449564,-4315,-1.581559347877082,-0.802217131409117,8272,3.0319024161388692,1.0117984798672683,,,,,,NORMAL,,QQQ
2024-01-09,NASDAQ MINI - CHICAGO MERCANTILE EXCHANGE,209742,277732,48814,102635,114263,26154,51636,87809,10416,14356,42040,36215,NQ,2024-01-12 15:30:00-05:00,-36173,-13.024426425474918,-0.22314211864873812,32.69230769230769,-0.39729368455020314,88109,31.7244681923581,-0.8857094994082608,96.15384615384616,2.168258547032506,-53821,-19.378753618596345,1.8804828346056262,-3940,-1.4186337908487319,0.1629255570283501,5825,2.097345642561894,-0.9345567735769751,,,,,,NORMAL,,QQQ
2024-01-16,NASDAQ MINI - CHICAGO MERCANTILE EXCHANGE,209742,273460,47900,98079,112243,26608,55243,89270,8920,12511,38187,36025,NQ,2024-01-19 15:30:00-05:00,-34027,-12.443136107657427,0.5812903178174906,37.82051282051282,-0.3378569482792021,85635,31.315366049879323,-0.4091021424787762,95.51282051282051,2.0948113577477985,-50179,-18.349667227382433,1.0290863912139123,-3591,-1.3131719447085497,0.10546184614018217,2162,0.7906092298690851,-1.3067364126928092,,,,,,NORMAL,,QQQ
2024-01-23,NASDAQ MINI - CHICAGO MERCANTILE EXCHANGE,209742,289392,53483,115185,117894,23690,57307,93684,9267,10503,40001,34890,NQ,2024-01-26 15:30:00-05:00,-36377,-12.570147066954165,-0.12701095929673833,35.256410256410255,-0.37838670925856016,94204,32.55238569138055,1.2370196415012273,98.07692307692307,2.2072817400166946,-61702,-21.32125283352684,-2.9715856061444086,-1236,-0.4271023386963012,0.8860696060122485,5111,1.7661165477967602,0.9755073179276751,2024-02-01,439.0,384.2539947509766,0.25117566651254364,817.2193135543921,NORMAL,,QQQ
2024-01-30,NASDAQ MINI - CHICAGO MERCANTILE EXCHANGE,209742,294510,51367,127131,122529,25136,60992,87647,6415,10031,41844,33202,NQ,2024-02-02 15:30:00-05:00,-26655,-9.050626464296629,3.5195206026575363,62.17948717948718,0.15432159973272244,97393,33.06950527995654,0.5171195885759872,100.0,2.2346875253554117,-75764,-25.725442260025126,-4.404189426498284,-3616,-1.2278021119826152,-0.800699773286314,8642,2.934365556347832,1.1682490085510717,,,,,,NORMAL,,QQQ
2024-02-06,NASDAQ MINI - CHICAGO MERCANTILE EXCHANGE,209742,285062,47235,118545,120557,24425,56079,89201,10867,8118,39191,33640,NQ,2024-02-09 15:30:00-05:00,-33122,-11.619226694543643,-2.5686002302470143,45.51282051282051,-0.2643069183877107,96132,33.72319004286787,0.6536847629113325,100.0,2.272719592303781,-71310,-25.01561063908904,0.709831620936086,2749,0.9643516147364433,2.1921537267190585,5551,1.9472956760283728,-0.9870698803194591,,,,,,NORMAL,,QQQ
2024-02-13,NASDAQ MINI - CHICAGO MERCANTILE EXCHANGE,209742,295946,47737,121608,121232,21449,61123,98093,10385,4464,40984,35847,NQ,2024-02-16 15:30:00-05:00,-36970,-12.492143837051353,-0.8729171425077098,34.61538461538461,-0.4197737155971023,99783,33.71662397869882,-0.006566064169049923,99.35897435897436,2.237720466830836,-73871,-24.960972609868016,0.05463802922102445,5921,2.0007028309218575,1.0363512161854143,5137,1.7357896372986963,-0.21150603872967655,,,,,,NORMAL,,QQQ
2024-02-20,NASDAQ MINI - CHICAGO MERCANTILE EXCHANGE,209742,287130,45838,112052,117737,22345,58626,93252,7116,8539,42460,35589,NQ,2024-02-23 15:30:00-05:00,-34626,-12.059345940863023,0.43279789618832964,41.02564102564102,-0.3648185578106727,95392,33.222582105666426,-0.4940418730323941,98.71794871794873,2.1462207771864796,-66214,-23.06063455577613,1.9003380540918862,-1423,-0.49559433009438236,-2.4962971610162397,6871,2.3929927210671122,0.657203083768416,2024-03-01,444.010009765625,393.8559967041016,0.14191298279178358,826.5456842641071,NORMAL,,QQQ
2024-02-27,NASDAQ MINI - CHICAGO MERCANTILE EXCHANGE,209742,288075,45535,103597,115900,22499,58410,106124,10166,5247,39468,32012,NQ,2024-03-01 15:30:00-05:00,-47714,-16.563047817408663,-4.503701876545639,9.615384615384617,-1.1189426225568724,93401,32.42245942896815,-0.8001226766982725,94.23076923076923,2.018453869830384,-58062,-20.155167925019526,2.905466630756603,4919,1.7075414388614076,2.20313576895579,7456,2.588214874598629,0.19522215353151662,2024-03-01,444.010009765625,393.8559967041016,0.14191298279178358,826.5456842641071,EXTREME_SHORT,short,QQQ
2024-03-05,NASDAQ MINI - CHICAGO MERCANTILE EXCHANGE,209742,289047,54594,92397,107847,25540,53263,109546,8508,6245,41559,32043,NQ,2024-03-08 15:30:00-05:00,-56283,-19.471919791590988,-2.9088719741823255,5.128205128205128,-1.6096952883041655,82307,28.47529986472788,-3.9471595642402733,89.74358974358975,1.5795669723216887,-37803,-13.078495884752307,7.076672040267219,2263,0.7829176569900397,-0.924623781871368,9516,3.2921981546253725,0.7039832800267436,,,,,,EXTREME_SHORT,short,QQQ
2024-03-12,NASDAQ MINI - CHICAGO MERCANTILE EXCHANGE,209742,331912,52001,83338,107944,24812,57635,122592,11071,5158,44899,37650,NQ,2024-03-15 15:30:00-04:00,-64957,-19.5705488201692,-0.09862902857821254,5.128205128205128,-1.6074157281639851,83132,25.04639784039143,-3.428902024336452,87.17948717948718,1.211386512668745,-31337,-9.44135795030008,3.6371379344522268,5913,1.7814963002241557,0.998578643234116,7249,2.1840126298536964,-1.108185524771676,,,,,,EXTREME_SHORT,short,QQQ
2024-03-19,NASDAQ MINI - CHICAGO MERCANTILE EXCHANGE,209742,250194,28419,73811,108027,20817,54889,91538,6727,18262,39354,32988,NQ,2024-03-22 15:30:00-04:00,-36649,-14.648232971214338,4.922315848954863,16.666666666666664,-0.7908669053187114,87210,34.85695100601933,9.810553165627901,100.0,2.1896315137311335,-45392,-18.14272124831131,-8.70136329801123,-11535,-4.6104223122856665,-6.391918612509822,6366,2.5444255257919854,0.36041289593828907,,,,,,UNWINDING_SHORT,short,QQQ
2024-03-26,NASDAQ MINI - CHICAGO MERCANTILE EXCHANGE,209742,254474,37121,78108,106794,23599,53764,100006,6428,10597,39925,31722,NQ,2024-03-29 15:30:00-04:00,-46242,-18.17160102800286,-3.5233680567885237,8.333333333333332,-1.3715595173525204,83195,32.69292737175507,-2.164023634264261,96.7948717948718,1.9261799779313247,-40987,-16.10655705494471,2.036164193366602,-4169,-1.6382813175412811,2.972140994744385,8203,3.22351202873378,0.6790865029417947,2024-04-01,424.5899963378906,399.3729949951172,0.03679919839936222,790.3944085405759,EXTREME_SHORT,short,QQQ
2024-04-02,NASDAQ MINI - CHICAGO MERCANTILE EXCHANGE,209742,259439,37901,78717,105990,23451,53391,96408,8918,14389,41324,34559,NQ,2024-04-05 15:30:00-04:00,-43017,-16.580776213290985,1.5908248147118762,9.615384615384617,-1.1095738596277867,82539,31.814414949178804,-0.8785124225762644,91.02564102564102,1.803744598676611,-40816,-15.732407232528649,0.37414982241605976,-5471,-2.1087808694914796,-0.47049955195019844,6765,2.6075493661323086,-0.6159626626014716,,,,,,EXTREME_SHORT,short,QQQ
2024-04-09,NASDAQ MINI - CHICAGO MERCANTILE EXCHANGE,209742,260430,36149,83634,108088,17696,50437,92245,8210,16269,42695,35735,NQ,2024-04-12 15:30:00-04:00,-41808,-16.053450063356756,0.527326149934229,12.179487179487179,-1.0167456213141857,90392,34.70875091195331,2.8943359627745053,99.35897435897436,2.0561764225536994,-47485,-18.23330645470952,-2.5008992221808715,-8059,-3.0944975617248396,-0.98571669223336,6960,2.6725031678378066,0.06495380170549803,,,,,,UNWINDING_SHORT,short,QQQ
2024-04-16,NASDAQ MINI - CHICAGO MERCANTILE EXCHANGE,209742,255698,30830,72552,107558,18746,47751,96158,10472,18520,42958,33593,NQ,2024-04-19 15:30:00-04:00,-48407,-18.931317413511252,-2.877867350154496,7.051282051282051,-1.4736125712409827,88812,34.73316177678355,0.024410864830237244,99.35897435897436,2.016741862711803,-41722,-16.31690509898396,1.9164013557255615,-8048,-3.147463022784691,-0.05296546105985156,9365,3.6625237584963513,0.9900205906585446,,,,,,EXTREME_SHORT,short,QQQ
2024-04-23,NASDAQ MINI - CHICAGO MERCANTILE EXCHANGE,209742,256222,30069,76086,104111,20794,48332,92589,8287,13683,43786,31433,NQ,2024-04-26 15:30:00-04:00,-44257,-17.272911771822873,1.658405641688379,9.615384615384617,-1.1842003005696529,83317,32.51750435169502,-2.21565742508853,92.3076923076923,1.7645228795715069,-46017,-17.9598160969784,-1.6429109979944414,-5396,-2.105986215079111,1.04147680770558,12353,4.821209732185371,1.1586859736890194,2024-05-01,450.7099914550781,406.07599487304685,0.0809170686994251,839.0180178337696,EXTREME_SHORT,short,QQQ
2024-04-30,NASDAQ MINI - CHICAGO MERCANTILE EXCHANGE,209742,253154,33078,66569,96683,22507,45119,96418,11311,12482,44588,32803,NQ,2024-05-03 15:30:00-04:00,-51299,-20.26395000671528,-2.9910382348924074,5.128205128205128,-1.6516320274917597,74176,29.300741840934766,-3.216762510760251,86.53846153846155,1.4289023953416917,-33491,-13.22949667001114,4.730319426967261,-1171,-0.46256428893084844,1.6434219261482625,11785,4.655269124722501,-0.16594060746286932,,,,,,EXTREME_SHORT,short,QQQ
2024-05-07,NASDAQ MINI - CHICAGO MERCANTILE EXCHANGE,209742,235162,28724,62116,99007,18613,42643,90577,6507,11803,40762,34534,NQ,2024-05-10 15:30:00-04:00,-47934,-20.383395276447725,-0.11944526973244507,5.128205128205128,-1.648767787520644,80394,34.18664580161761,4.8859039606828425,98.07692307692307,1.8702044918867058,-33392,-14.199573060273343,-0.9700763902622036,-5296,-2.2520645342359735,-1.789500245305125,6228,2.6483870693394342,-2.006882055383067,,,,,,EXTREME_SHORT,short,QQQ
2024-05-14,NASDAQ MINI - CHICAGO MERCANTILE EXCHANGE,209742,248611,37760,65066,100120,18097,43840,98807,7585,15233,41056,33158,NQ,2024-05-17 15:30:00-04:00,-54967,-22.109641166320074,-1.7262458898723487,1.9230769230769231,-1.9006310931502959,82023,32.992506365365976,-1.194139436251632,94.87179487179486,1.7249495355631363,-27306,-10.983423903206214,3.216149157067129,-7648,-3.0762918776723476,-0.824227343436374,7898,3.1768505818326624,0.5284635124932282,,,,,,EXTREME_SHORT,short,QQQ
2024-05-21,NASDAQ MINI - CHICAGO MERCANTILE EXCHANGE,209742,249754,32176,71254,104579,18897,42742,82648,7525,26392,44385,32216,NQ,2024-05-24 15:30:00-04:00,-39906,-15.978122472512952,6.131518693807122,16.666666666666664,-0.906618639711124,85682,34.306557652730284,1.3140512873643075,98.07692307692307,1.823029124435295,-39078,-15.646596250710699,-4.663172347504485,-18867,-7.554233365631782,-4.477941487959434,12169,4.872394436125147,1.695543854292485,,,,,,UNWINDING_SHORT,short,QQQ
2024-05-28,NASDAQ MINI - CHICAGO MERCANTILE EXCHANGE,209742,254317,32319,78439,110778,19326,40340,85768,8405,18718,43934,33525,NQ,2024-05-31 15:30:00-04:00,-45428,-17.86274610033934,-1.8846236278263877,11.538461538461538,-1.1933572705708089,91452,35.959845389808784,1.6532877370785002,100.0,1.9486622448050648,-46120,-18.134847454161537,-2.4882512034508384,-10313,-4.055175234058281,3.4990581315735003,10409,4.092923398750378,-0.7794710373747691,2024-06-01,479.1099853515625,416.1879943847656,0.09136670922907175,891.8859529522979,NORMAL,,QQQ
2024-06-04,NASDAQ MINI - CHICAGO MERCANTILE EXCHANGE,209742,246536,31466,74080,107555,22693,35214,72013,9151,25630,43392,32362,NQ,2024-06-07 15:30:00-04:00,-36799,-14.926420482201383,2.936325618137957,21.794871794871796,-0.7232930937193088,84862,34.42174773663887,-1.5380976531699133,97.43589743589743,1.7747589412591989,-42614,-17.28510237855729,0.8497450756042468,-16479,-6.68421650387773,-2.6290412698194485,11030,4.473991627997534,0.38106822924715544,,,,,,UNWINDING_SHORT,short,QQQ
2024-06-11,NASDAQ MINI - CHICAGO MERCANTILE EXCHANGE,209742,258002,45292,74380,104253,22448,36718,83929,7762,21612,42031,33687,NQ,2024-06-14 15:30:00-04:00,-47211,-18.298695358950706,-3.372274876749323,10.897435897435898,-1.2425987261838922,81805,31.70711854946861,-2.71462918717026,84.61538461538461,1.4965366835144032,-29088,-11.274331206734832,6.010771171822459,-13850,-5.368175440500461,1.316041063377269,8344,3.2340834567173897,-1.239908171280144,,,,,,NORMAL,,QQQ
2024-06-18,NASDAQ MINI - CHICAGO MERCANTILE EXCHANGE,209742,334035,36489,66045,100894,24825,42251,99864,16670,13567,44152,36155,NQ,2024-06-21 15:30:00-04:00,-57613,-17.247593815019385,1.0511015439313205,13.461538461538462,-1.0639892571742908,76069,22.772763333183647,-8.934355216284963,69.87179487179486,0.6541841035803982,-29556,-8.848174592482824,2.426156614252008,3103,0.9289445716766207,6.297120012177082,7997,2.394060502641939,-0.8400229540754509,,,,,,NORMAL,,QQQ
2024-06-25,NASDAQ MINI - CHICAGO MERCANTILE EXCHANGE,209742,246417,27331,82955,108644,20811,41822,82230,8411,11077,41034,30169,NQ,2024-06-28 15:30:00-04:00,-40408,-16.398219278702364,0.849374536317022,16.666666666666664,-0.9192165119977864,87833,35.64405053222789,12.87128719904424,99.35897435897436,1.833114392087445,-55624,-22.57311792611711,-13.724943333634286,-2666,-1.0819058750005073,-2.0108504466771278,10865,4.40919254759209,2.015132044950151,2024-07-01,471.07000732421875,427.46799621582034,0.06094456648145755,876.9191526687027,NORMAL,,QQQ
2024-07-02,NASDAQ MINI - CHICAGO MERCANTILE EXCHANGE,209742,258776,27820,89869,108041,23073,45611,89413,15717,5240,43041,32635,NQ,2024-07-05 15:30:00-04:00,-43802,-16.926608340804403,-0.5283890621020397,14.102564102564102,-0.9898559143833853,84968,32.83457507651405,-2.8094754557138373,91.66666666666666,1.5439803908981504,-62049,-23.977880483506972,-1.404762557389862,10477,4.048675302191857,5.130581177192364,10406,4.021238445605466,-0.38795410198662417,,,,,,NORMAL,,QQQ
2024-07-09,NASDAQ MINI - CHICAGO MERCANTILE EXCHANGE,209742,264298,32556,93063,112226,25600,41381,89388,17064,5678,42436,31934,NQ,2024-07-12 15:30:00-04:00,-48007,-18.163966431830737,-1.2373580910263335,12.179487179487179,-1.1701685842410638,86626,32.77588176982043,-0.05869330669361972,91.02564102564102,1.515212778460253,-60507,-22.89347630326374,1.084404180243233,11386,4.308015951690894,0.25934064949903757,10502,3.9735450135831525,-0.04769343202231324,,,,,,NORMAL,,QQQ
2024-07-16,NASDAQ MINI - CHICAGO MERCANTILE EXCHANGE,209742,256571,24315,91716,112747,24887,39874,82573,17242,7820,42513,29695,NQ,2024-07-19 15:30:00-04:00,-42699,-16.642177019226647,1.5217894126040896,15.384615384615385,-0.9267749654148476,87860,34.243932478729086,1.468050708908656,95.51282051282051,1.6255730476207877,-67401,-26.269921386282938,-3.376445083019199,9422,3.6722778490164516,-0.6357381026744426,12818,4.995888077764049,1.0223430641808968,,,,,,NORMAL,,QQQ
2024-07-23,NASDAQ MINI - CHICAGO MERCANTILE EXCHANGE,209742,243913,19134,88487,103709,28175,39105,71478,18769,10370,46155,28362,NQ,2024-07-26 15:30:00-04:00,-32373,-13.272355307015205,3.3698217122114418,36.53846153846153,-0.4005557539071514,75534,30.967599102958843,-3.2763333757702426,80.76923076923077,1.3050043323140585,-69353,-28.43349882950068,-2.1635774432177435,8399,3.443440899009073,-0.2288369500073788,17793,7.294814134547974,2.298926056783925,2024-08-01,476.2699890136719,440.00799560546875,0.12171740531223935,886.5991651214368,NORMAL,,QQQ
2024-07-30,NASDAQ MINI - CHICAGO MERCANTILE EXCHANGE,209742,256592,18515,98543,102423,30397,38411,69285,25122,10072,52146,28320,NQ,2024-08-02 15:30:00-04:00,-30874,-12.032331483444535,1.2400238235706702,48.717948717948715,-0.20959613104419125,72026,28.070243811186632,-2.897355291772211,77.56410256410257,1.026780075837993,-80028,-31.188813369083995,-2.7553145395833134,15050,5.865342645133129,2.4219017461240564,23826,9.285558396208767,1.9907442616607929,,,,,,NORMAL,,QQQ
2024-08-06,NASDAQ MINI - CHICAGO MERCANTILE EXCHANGE,209742,249366,16885,105996,96589,26567,35061,69129,38757,4490,43363,24473,NQ,2024-08-09 15:30:00-04:00,-34068,-13.661846442578378,-1.629514959133843,34.61538461538461,-0.46408293432537845,70022,28.08001090766183,0.00976709647519769,77.56410256410257,1.0150259820300649,-89111,-35.735024020917045,-4.54621065183305,34267,13.741648821411099,7.87630617627797,18890,7.5752107344224955,-1.7103476617862716,,,,,,NORMAL,,QQQ
2024-08-13,NASDAQ MINI - CHICAGO MERCANTILE EXCHANGE,209742,244061,20157,95689,95500,24906,27952,73278,42246,4719,40833,28096,NQ,2024-08-16 15:30:00-04:00,-45326,-18.571586611543836,-4.909740168965458,9.615384615384617,-1.2311780610564296,70594,28.92473602910748,0.8447251214456486,78.84615384615384,1.0778646371933225,-75532,-30.948000704741847,4.787023316175198,37527,15.376074014283315,1.6344251928722162,12737,5.218777272894891,-2.3564334615276046,,,,,,EXTREME_SHORT,short,QQQ
2024-08-20,NASDAQ MINI - CHICAGO MERCANTILE EXCHANGE,209742,244230,28322,85499,95604,24908,27735,83485,35902,4495,38994,28170,NQ,2024-08-23 15:30:00-04:00,-55750,-22.82684354911354,-4.255256937569705,1.282051282051282,-1.899477834006144,70696,28.94648487081849,0.021748841711012545,78.84615384615384,1.0660315592540341,-57177,-23.411128853949148,7.5368718507927,31407,12.859599557793883,-2.5164744564894317,10824,4.431887974450313,-0.7868892984445779,,,,,,EXTREME_SHORT,short,QQQ
2024-08-27,NASDAQ MINI - CHICAGO MERCANTILE EXCHANGE,209742,244523,27784,97072,95771,22930,27872,75488,32337,3034,41117,26357,NQ,2024-08-30 15:30:00-04:00,-47616,-19.47301480842293,3.3538287406906093,7.051282051282051,-1.357440684415355,72841,29.789017802006356,0.8425329311878649,79.48717948717949,1.1279446739621173,-69288,-28.335984753990424,-4.924855900041276,29303,11.983739770900897,-0.8758597868929865,14760,6.0362419895061,1.6043540150557867,2024-09-01,488.07000732421875,449.93199768066404,0.08289147473417896,908.5654586605584,EXTREME_SHORT,short,QQQ
2024-09-03,NASDAQ MINI - CHICAGO MERCANTILE EXCHANGE,209742,254089,31002,102851,88481,22064,26818,74640,41875,3451,44849,30019,NQ,2024-09-06 15:30:00-04:00,-47822,-18.820964307781917,0.652050500641014,9.615384615384617,-1.2457691485578617,66417,26.139266162643796,-3.6497516393625595,73.07692307692307,0.7879758466891774,-71849,-28.277099756384573,0.0588849976058512,38424,15.122260310363691,3.138520539462794,14830,5.836537591159003,-0.1997043983470963,,,,,,EXTREME_SHORT,short,QQQ
2024-09-10,NASDAQ MINI - CHICAGO MERCANTILE EXCHANGE,209742,259424,29593,104530,82071,24075,34157,69636,45650,5446,40496,28280,NQ,2024-09-13 15:30:00-04:00,-35479,-13.676066979153818,5.144897328628099,33.97435897435898,-0.452495908390863,57996,22.35568027630443,-3.7835858863393668,62.17948717948718,0.44055792188946935,-74937,-28.88591649192056,-0.6088167355359886,40204,15.497409645984952,0.37514933562126096,12216,4.708893548785,-1.127644042374003,,,,,,UNWINDING_SHORT,short,QQQ
2024-09-17,NASDAQ MINI - CHICAGO MERCANTILE EXCHANGE,209742,267450,32186,97288,76900,22998,24118,78630,57006,4989,42112,28417,NQ,2024-09-20 15:30:00-04:00,-54512,-20.382127500467377,-6.7060605213135585,5.769230769230769,-1.4668173889515808,53902,20.15404748551131,-2.20163279079312,57.692307692307686,0.23750236642928638,-65102,-24.34174612077024,4.544170371150322,52017,19.44924284913068,3.9518332031457284,13695,5.120583286595625,0.411689737810625,,,,,,EXTREME_SHORT,short,QQQ
2024-09-24,NASDAQ MINI - CHICAGO MERCANTILE EXCHANGE,209742,227746,33555,92593,85670,21153,26508,72809,32294,4856,39603,26219,NQ,2024-09-27 15:30:00-04:00,-46301,-20.330104590201366,0.052022910266011024,6.41025641025641,-1.4374888058327924,64517,28.328488755016554,8.174441269505245,75.64102564102564,0.9633593754796755,-59038,-25.922738489369735,-1.580992368599496,27438,12.047632011100085,-7.401610838030596,13384,5.876722313454462,0.756139026858837,2024-10-01,483.8500061035156,457.36499938964846,0.009893387524526296,900.7097263125363,EXTREME_SHORT,short,QQQ
2024-10-01,NASDAQ MINI - CHICAGO MERCANTILE EXCHANGE,209742,234108,35488,90052,91944,23223,23798,74932,30067,4017,38757,27830,NQ,2024-10-04 15:30:00-04:00,-51134,-21.842055803304458,-1.5119512131030923,3.205128205128205,-1.646005655997707,68721,29.354400533087293,1.0259117780707392,78.84615384615384,1.0430269577059574,-54564,-23.30719155261674,2.6155469367529953,26050,11.12734293573906,-0.9202890753610244,10927,4.6675038870948455,-1.2092184263596168,,,,,,EXTREME_SHORT,short,QQQ
2024-10-08,NASDAQ MINI - CHICAGO MERCANTILE EXCHANGE,209742,250139,35526,90729,94275,22536,31188,85147,29506,3542,39326,27867,NQ,2024-10-11 15:30:00-04:00,-53959,-21.57160618696005,0.2704496163444077,3.8461538461538463,-1.580322789370939,71739,28.679654112313553,-0.6747464207737401,75.64102564102564,0.969620123886769,-55203,-22.068929675100645,1.238261877516095,25964,10.37982881517876,-0.7475141205603002,11459,4.58105293456838,-0.08645095252646584,,,,,,EXTREME_SHORT,short,QQQ
2024-10-15,NASDAQ MINI - CHICAGO MERCANTILE EXCHANGE,209742,241191,41325,85557,93147,24423,28919,83858,24098,4656,39446,28441,NQ,2024-10-18 15:30:00-04:00,-54939,-22.778213117404878,-1.2066069304448277,1.9230769230769231,-1.7341273667657953,68724,28.493600507481624,-0.18605360483192968,75.0,0.9406745327728646,-44232,-18.33899274848564,3.7299369266150038,19442,8.060831457226845,-2.3189973579519148,11005,4.562773901182051,-0.01827903338632897,,,,,,EXTREME_SHORT,short,QQQ
2024-10-22,NASDAQ MINI - CHICAGO MERCANTILE EXCHANGE,209742,245897,50257,92966,93220,23909,30615,78317,16533,5895,38704,28242,NQ,2024-10-25 15:30:00-04:00,-47702,-19.399179331183383,3.3790337862214948,11.538461538461538,-1.2096934384469615,69311,28.187005128163417,-0.3065953793182068,73.07692307692307,0.9018422502639791,-42709,-17.368654355278835,0.9703383932068057,10638,4.326201621003916,-3.734629836222929,10462,4.2546269372948835,-0.3081469638871672,2024-11-01,509.739990234375,466.6419982910156,0.08208967310360143,948.9051592495637,UNWINDING_SHORT,short,QQQ
2024-10-29,NASDAQ MINI - CHICAGO MERCANTILE EXCHANGE,209742,257382,46607,100554,93298,24107,41465,83795,21360,5390,39683,28567,NQ,2024-11-01 15:30:00-04:00,-42330,-16.446371541133413,2.9528077900499703,23.076923076923077,-0.7607062867226322,69191,26.88261028354741,-1.3043948446160059,69.87179487179486,0.7748922095110791,-53947,-20.959896185436435,-3.5912418301575997,15970,6.2047851054075265,1.8785834844036104,11116,4.318872337614907,0.0642454003200239,2024-11-01,509.739990234375,466.6419982910156,0.08208967310360143,948.9051592495637,CONFIRMED_BULLISH,short,QQQ
2024-11-05,NASDAQ MINI - CHICAGO MERCANTILE EXCHANGE,209742,252753,45026,105948,93437,25939,36844,75555,23130,2561,38511,26945,NQ,2024-11-08 15:30:00-05:00,-38711,-15.315743037669186,1.1306285034642265,28.205128205128204,-0.5833034116827793,67498,26.70512318350326,-0.17748710004415003,69.23076923076923,0.7501053183099482,-60922,-24.103373649373104,-3.1434774639366694,20569,8.137984514526039,1.9331994091185125,11566,4.576008989012989,0.2571366513980813,,,,,,UNWINDING_SHORT,short,QQQ
2024-11-12,NASDAQ MINI - CHICAGO MERCANTILE EXCHANGE,209742,277197,48248,113620,101654,24693,39192,87654,28898,6008,40901,26918,NQ,2024-11-15 15:30:00-05:00,-48462,-17.482873191268304,-2.1671301535991176,18.58974358974359,-0.895271980403005,76961,27.764008989996285,1.0588858064930236,71.15384615384616,0.8365895924175215,-65372,-23.583227812710817,0.5201458366622873,22890,8.257665126245955,0.11968061171991629,13983,5.04442688773688,0.4684178987238914,,,,,,NORMAL,,QQQ
2024-11-19,NASDAQ MINI - CHICAGO MERCANTILE EXCHANGE,209742,275071,50126,125350,100560,23470,36369,75604,29151,4141,39446,27087,NQ,2024-11-22 15:30:00-05:00,-39235,-14.263590127639773,3.219283063628531,34.61538461538461,-0.4076936440650085,77090,28.025491600350456,0.26148261035417164,71.15384615384616,0.8510324128422027,-75224,-27.347121288685468,-3.763893475974651,25010,9.092198014330846,0.8345328880848903,12359,4.493021801643939,-0.5514050860929407,,,,,,NORMAL,,QQQ
2024-11-26,NASDAQ MINI - CHICAGO MERCANTILE EXCHANGE,209742,275658,55087,124515,100730,24546,37393,82327,30009,2787,37657,26701,NQ,2024-11-29 15:30:00-05:00,-44934,-16.300633393552882,-2.037043265913109,25.0,-0.7018861055673054,76184,27.637144577701356,-0.3883470226490999,69.87179487179486,0.8073162070361753,-69428,-25.186281551777927,2.1608397369075405,27222,9.875280238556472,0.7830822242256268,10956,3.974490129072982,-0.5185316725709574,2024-12-01,511.2300109863281,473.86499938964846,0.07340378940326782,951.678903523124,NORMAL,,QQQ
2024-12-03,NASDAQ MINI - CHICAGO MERCANTILE EXCHANGE,209742,293572,56364,128481,103761,24551,45128,95752,36403,4146,39675,28401,NQ,2024-12-06 15:30:00-05:00,-50624,-17.24415134958375,-0.9435179560308669,20.51282051282051,-0.8327368585778526,79210,26.98145599716594,-0.6556885805354149,68.58974358974359,0.7410220365891428,-72117,-24.5653536440805,0.6209279076974283,32257,10.987764500701703,1.1124842621452302,11274,3.840284495796602,-0.1342056332763799,,,,,,NORMAL,,QQQ
2024-12-10,NASDAQ MINI - CHICAGO MERCANTILE EXCHANGE,209742,291787,48294,129171,102609,23160,45619,92847,37569,3204,42649,28358,NQ,2024-12-13 15:30:00-05:00,-47228,-16.185779352747037,1.058371996836712,26.282051282051285,-0.6630863432225713,79449,27.22842347328702,0.24696747612107828,69.23076923076923,0.7543190620035527,-80877,-27.717821561618578,-3.152467917538079,34365,11.77742668453358,0.7896621838318776,14291,4.897750756545014,1.0574662607484115,,,,,,NORMAL,,QQQ
2024-12-17,NASDAQ MINI - CHICAGO MERCANTILE EXCHANGE,209742,324728,44910,119247,97744,26080,46081,100499,49295,3296,42919,31827,NQ,2024-12-20 15:30:00-05:00,-54418,-16.758025177995123,-0.5722458252480855,21.794871794871796,-0.7399809727377732,71664,22.06893153654751,-5.15949193673951,53.205128205128204,0.2904092462836969,-74337,-22.892081988618166,4.825739573000412,45999,14.165393806508831,2.387967121975251,11092,3.415781823556946,-1.4819689329880674,,,,,,NORMAL,,QQQ
2024-12-24,NASDAQ MINI - CHICAGO MERCANTILE EXCHANGE,209742,246014,29442,99153,93657,28200,35424,79764,37509,3148,40753,26520,NQ,2024-12-27 15:30:00-05:00,-44340,-18.02336452397018,-1.2653393459750575,17.94871794871795,-0.922098540376485,65457,26.607022364580878,4.5380908280333685,65.38461538461539,0.6853425028142196,-69711,-28.33619224922159,-5.4441102606034235,34361,13.96709130374694,-0.19830250276189076,14233,5.785443104863951,2.369661281307005,2025-01-01,522.2899780273438,481.6929962158203,0.07011283256418809,972.2675565372309,NORMAL,,QQQ
2024-12-31,NASDAQ MINI - CHICAGO MERCANTILE EXCHANGE,209742,252471,29736,114262,97191,28566,40614,72668,31549,3427,42767,22934,NQ,2025-01-03 15:30:00-05:00,-32054,-12.696111632623152,5.327252891347028,51.92307692307693,-0.1016424682999582,68625,27.181339639008044,0.5743172744271661,68.58974358974359,0.729811213343357,-84526,-33.479488733359474,-5.143296484137885,28122,11.138705039390663,-2.8283862643562774,19833,7.85555568758392,2.070112582719969,,,,,,NORMAL,,QQQ
2025-01-07,NASDAQ MINI - CHICAGO MERCANTILE EXCHANGE,209742,241165,31364,94000,95537,30317,37329,76409,24438,2914,40657,25685,NQ,2025-01-10 15:30:00-05:00,-39080,-16.204673149088798,-3.5085615164656456,27.564102564102566,-0.6292948527498429,65220,27.043725250347272,-0.13761438866077214,67.94871794871796,0.7121514630758801,-62636,-25.972259656251943,7.507229077107532,21524,8.925009848029358,-2.213695191361305,14972,6.208197706964111,-1.6473579806198089,,,,,,NORMAL,,QQQ
2025-01-14,NASDAQ MINI - CHICAGO MERCANTILE EXCHANGE,209742,253879,31410,94423,98754,33234,44226,81635,25056,3670,40041,26525,NQ,2025-01-17 15:30:00-05:00,-37409,-14.734972171782621,1.4697009773061769,36.53846153846153,-0.39350656115655264,65520,25.80756974779324,-1.2361555025540305,62.82051282051282,0.5947572248329874,-63013,-24.820091460892787,1.152168195359156,21386,8.423697903331902,-0.5013119446974557,13516,5.3237959815502665,-0.884401725413845,,,,,,NORMAL,,QQQ
2025-01-21,NASDAQ MINI - CHICAGO MERCANTILE EXCHANGE,209742,254361,32931,96574,96783,35773,40151,80303,27973,3353,43768,25603,NQ,2025-01-24 15:30:00-05:00,-40152,-15.785438805477256,-1.0504666336946347,31.41025641025641,-0.5464481244286734,61010,23.985595276005363,-1.821974471787879,55.12820512820513,0.42648080108096437,-63643,-25.020738242104724,-0.2006467812119368,24620,9.679156788973152,1.25545888564125,18165,7.141424982603465,1.8176290010531986,,,,,,NORMAL,,QQQ
2025-01-28,NASDAQ MINI - CHICAGO MERCANTILE EXCHANGE,209742,267882,32193,85233,100698,41626,44031,93956,36423,4597,41209,29142,NQ,2025-01-31 15:30:00-05:00,-49925,-18.63693715889832,-2.8514983534210643,14.102564102564102,-0.9919174915868173,59072,22.051500287439993,-1.93409498856537,49.358974358974365,0.24789731481524338,-53040,-19.799762582032386,5.220975660072337,31826,11.880604146601861,2.201447357628709,12067,4.504595306888854,-2.636829675714611,2025-02-01,508.1700134277344,490.0509979248047,0.05026352592215466,945.9825729893834,NORMAL,,QQQ
2025-02-04,NASDAQ MINI - CHICAGO MERCANTILE EXCHANGE,209742,259061,34956,83161,100914,41668,42084,90836,30079,4201,39452,27619,NQ,2025-02-07 15:30:00-05:00,-48752,-18.81873381172774,-0.18179665282941926,14.102564102564102,-1.0088511524098929,59246,22.869517217952527,0.8180169305125347,51.92307692307693,0.3111029980777806,-48205,-18.607586630175906,1.1921759518564805,25878,9.989153133817904,-1.891451012783957,11833,4.5676500901332115,0.06305478324435754,,,,,,NORMAL,,QQQ
2025-02-11,NASDAQ MINI - CHICAGO MERCANTILE EXCHANGE,209742,263509,38275,84534,106956,41743,39736,92040,28672,4746,38295,28871,NQ,2025-02-14 15:30:00-05:00,-52304,-19.849037414281867,-1.0303036025541275,9.615384615384617,-1.1677233480489702,65213,24.74792132337036,1.8784041054178324,60.256410256410255,0.46916279213830964,-46259,-17.554998121506287,1.0525885086696185,23926,9.079765776500992,-0.9093873573169127,9424,3.5763484359168,-0.9913016542164117,,,,,,EXTREME_SHORT,short,QQQ
2025-02-18,NASDAQ MINI - CHICAGO MERCANTILE EXCHANGE,209742,289760,42759,89229,109185,42730,40127,108348,46917,5612,38847,31916,NQ,2025-02-21 15:30:00-05:00,-68221,-23.543967421314193,-3.694930007032326,1.282051282051282,-1.7677972626211282,66455,22.93449751518498,-1.8134238081853802,51.28205128205128,0.29564503391343505,-46470,-16.037410270568746,1.5175878509375416,41305,14.254900607399227,5.1751348308982354,6931,2.39197956929873,-1.1843688666180698,,,,,,EXTREME_SHORT,short,QQQ
2025-02-25,NASDAQ MINI - CHICAGO MERCANTILE EXCHANGE,209742,286114,35302,110037,103665,45133,56135,84006,31069,3534,45463,28924,NQ,2025-02-28 15:30:00-05:00,-27871,-9.741222030379499,13.802745390934694,77.56410256410257,0.5228005656889808,58532,20.45757984579573,-2.4769176693892483,43.58974358974359,0.05884871504634282,-74735,-26.120707130724117,-10.083296860155372,27535,9.623786322934215,-4.631114284465012,16539,5.780562992373669,3.388583423074939,2025-03-01,468.9200134277344,491.8720001220703,-0.0800799968389215,872.9168370964223,UNWINDING_SHORT,short,QQQ
2025-03-04,NASDAQ MINI - CHICAGO MERCANTILE EXCHANGE,209742,288147,30430,113543,98027,49497,66893,78548,33812,6030,44972,26516,NQ,2025-03-07 15:30:00-05:00,-11655,-4.044810461327031,5.696411569052468,91.66666666666666,1.509696856058403,48530,16.842097956945587,-3.6154818888501445,37.17948717948718,-0.2852989963206331,-83113,-28.843958118599186,-2.723250987875069,27782,9.641606541105755,0.017820218171539892,18456,6.405064081874876,0.6245010895012069,,,,,,EXTREME_LONG,long,QQQ
2025-03-11,NASDAQ MINI - CHICAGO MERCANTILE EXCHANGE,209742,303084,31452,123584,89490,51022,79012,74346,31912,6907,50223,26230,NQ,2025-03-14 15:30:00-04:00,4666,1.5395071993242797,5.58431766065131,98.71794871794873,2.5312181732045054,38468,12.692190943764764,-4.1499070131808224,29.48717948717949,-0.6860024010930674,-92132,-30.398173443665783,-1.5542153250665969,25005,8.250188066674585,-1.3914184744311697,23993,7.916287233902152,1.5112231520272763,,,,,,EXTREME_LONG,long,QQQ
2025-03-18,NASDAQ MINI - CHICAGO MERCANTILE EXCHANGE,209742,301517,33981,99974,83175,49232,67212,66155,18919,6389,48736,30273,NQ,2025-03-21 15:30:00-04:00,1057,0.3505606649044664,-1.1889465344198134,97.43589743589743,2.3218506840127513,33943,11.25740837166727,-1.434782572097495,26.282051282051285,-0.838379654182108,-65993,-21.8869914465851,8.511181997080683,12530,4.1556529150926815,-4.094535151581904,18463,6.123369494920684,-1.7929177389814681,,,,,,EXTREME_LONG,long,QQQ
2025-03-25,NASDAQ MINI - CHICAGO MERCANTILE EXCHANGE,209742,224189,42142,63762,89845,50112,30225,66115,9331,6748,42020,26826,NQ,2025-03-28 15:30:00-04:00,-35890,-16.008813991765876,-16.359374656670344,32.05128205128205,-0.5228272569149615,39733,17.72299265352002,6.465584281852751,40.38461538461539,-0.23170030713272197,-21620,-9.643648885538541,12.243342561046559,2583,1.152152871015081,-3.0035000440776005,15194,6.777317352769315,0.6539478578486309,2025-04-01,475.4700012207031,491.50800170898435,-0.06994896425707163,885.1099499163759,UNWINDING_LONG,long,QQQ
2025-04-01,NASDAQ MINI - CHICAGO MERCANTILE EXCHANGE,209742,247658,40641,77881,92734,45284,48832,79374,13848,6850,41232,27898,NQ,2025-04-04 15:30:00-04:00,-30542,-12.33232926051248,3.676484731253396,58.97435897435898,0.0963686643307074,47450,19.15948606546124,1.4364934119412212,41.66666666666667,-0.09975477162501803,-37240,-15.03686535464229,-5.3932164691037485,6998,2.8256708848492678,1.6735180138341867,13334,5.384037664844261,-1.3932796879250544,,,,,,NORMAL,,QQQ
2025-04-08,NASDAQ MINI - CHICAGO MERCANTILE EXCHANGE,209742,254563,37898,84731,86968,49741,67920,62300,13057,15238,35189,29022,NQ,2025-04-11 15:30:00-04:00,5620,2.2077049689075,14.54003422941998,98.71794871794873,2.6245852580788145,37227,14.623884853651159,-4.535601211810082,31.41025641025641,-0.5320817363038559,-46833,-18.39741046420729,-3.3605451095650007,-2181,-0.8567623731649926,-3.6824332580142602,6167,2.422583014813622,-2.961454650030639,,,,,,EXTREME_LONG,long,QQQ
2025-04-15,NASDAQ MINI - CHICAGO MERCANTILE EXCHANGE,209742,235406,43320,75399,87831,48006,50242,63635,12623,6015,30750,31711,NQ,2025-04-18 15:30:00-04:00,-13393,-5.689319728469113,-7.897024697376613,86.53846153846155,1.2026396566734217,39825,16.917580690381723,2.2936958367305635,35.8974358974359,-0.31621280321928086,-32079,-13.627095316177158,4.770315148030132,6608,2.8070652404781526,3.663827613643145,-961,-0.4082308862136054,-2.830813901027227,,,,,,UNWINDING_LONG,long,QQQ
2025-04-22,NASDAQ MINI - CHICAGO MERCANTILE EXCHANGE,209742,242084,44889,80519,84823,51147,55399,55727,10848,8131,33405,33840,NQ,2025-04-25 15:30:00-04:00,-328,-0.13549016044017778,5.553829568028935,96.15384615384616,2.138182732819541,33676,13.91087391153484,-3.0067067788468833,29.48717948717949,-0.6044566045641795,-35630,-14.718031757571753,-1.0909364413945948,2717,1.122337700963302,-1.6847275395148507,-435,-0.1796896944862114,0.22854119172739404,2025-05-01,519.1099853515625,496.31199951171874,-0.006088557716140527,966.3478494037231,EXTREME_LONG,long,QQQ
2025-04-29,NASDAQ MINI - CHICAGO MERCANTILE EXCHANGE,209742,246874,53516,66022,83296,43576,51301,77657,11940,5227,32433,40004,NQ,2025-05-02 15:30:00-04:00,-26356,-10.675891345382665,-10.540401184942487,71.7948717948718,0.3355955016558005,39720,16.089179095408994,2.178305183874155,32.69230769230769,-0.4007843897233173,-12506,-5.0657420384487635,9.65228971912299,6713,2.7192008879023306,1.5968631869390286,-7571,-3.0667465994798966,-2.887056904993685,,,,,,UNWINDING_LONG,long,QQQ
2025-05-06,NASDAQ MINI - CHICAGO MERCANTILE EXCHANGE,209742,258249,56739,58754,81590,40481,58695,95365,14462,6793,31046,41139,NQ,2025-05-09 15:30:00-04:00,-36670,-14.199474150916364,-3.5235828055336995,41.66666666666667,-0.2523596917794992,41109,15.91835786392203,-0.17082123148696482,32.05128205128205,-0.42140065711509417,-2015,-0.7802547154103211,4.285487323038442,7669,2.9696145967651377,0.2504137088628071,-10093,-3.9082435943604814,-0.8414969948805848,,,,,,UNWINDING_LONG,long,QQQ
2025-05-13,NASDAQ MINI - CHICAGO MERCANTILE EXCHANGE,209742,283667,73693,59349,84784,41464,63527,117514,13042,7325,34258,43652,NQ,2025-05-16 15:30:00-04:00,-53987,-19.031822524297855,-4.832348373381491,12.82051282051282,-1.0843686122331049,43320,15.271427413128775,-0.6469304507932545,30.76923076923077,-0.49340074315374555,14344,5.056633305953812,5.836888021364134,5717,2.0153912862617083,-0.9542233105034295,-9394,-3.311629481046438,0.5966141133140432,,,,,,UNWINDING_LONG,long,QQQ
2025-05-20,NASDAQ MINI - CHICAGO MERCANTILE EXCHANGE,209742,279368,73255,60448,87928,38586,59596,112289,8614,7263,33720,44527,NQ,2025-05-23 15:30:00-04:00,-52693,-18.86150167520976,0.17032084908809608,14.102564102564102,-1.0480223141663865,49342,17.662008533547148,2.390581120418373,39.1025641025641,-0.27171194680795624,12807,4.584275937115203,-0.4723573688386091,1351,0.48359153517940495,-1.5317997510823034,-10807,-3.868374330631998,-0.5567448495855598,,,,,,NORMAL,,QQQ
2025-05-27,NASDAQ MINI - CHICAGO MERCANTILE EXCHANGE,209742,275143,62286,63328,90050,38667,59208,106976,11701,7417,36839,43696,NQ,2025-05-30 15:30:00-04:00,-47768,-17.36115401809241,1.5003476571173486,21.794871794871796,-0.7680127787230269,51383,18.675016264269853,1.0130077307227054,41.02564102564102,-0.18265369269634754,-1042,-0.3787121605855864,-4.96298809770079,4284,1.5570085373787448,1.0734170021993399,-6857,-2.4921586229706008,1.3762157076613972,2025-06-01,551.6400146484375,503.8490020751953,0.08554223994345327,1026.9040412303666,NORMAL,,QQQ
2025-06-03,NASDAQ MINI - CHICAGO MERCANTILE EXCHANGE,209742,277034,60145,68881,93035,38773,55854,106034,17501,7631,37275,42491,NQ,2025-06-06 15:30:00-04:00,-50180,-18.113300172541997,-0.7521461544495871,19.871794871794872,-0.894293522542286,54262,19.58676552336536,0.9117492590955081,42.30769230769231,-0.10067429966324158,-8736,-3.1534035533544618,-2.7746913927688754,9870,3.5627395915302813,2.0057310541515365,-5216,-1.8828013889991841,0.6093572339714166,,,,,,NORMAL,,QQQ
2025-06-10,NASDAQ MINI - CHICAGO MERCANTILE EXCHANGE,209742,276888,63054,76121,92286,38602,57702,98617,13901,7938,37454,43119,NQ,2025-06-13 15:30:00-04:00,-40915,-14.776732830602988,3.336567341939009,41.02564102564102,-0.29512640195242146,53684,19.388344745890034,-0.19842077747532727,41.66666666666667,-0.12796229981929116,-13067,-4.719236658865679,-1.5658331055112171,5963,2.1535783421455608,-1.4091612493847205,-5665,-2.0459535985669297,-0.16315220956774557,,,,,,NORMAL,,QQQ
2025-06-17,NASDAQ MINI - CHICAGO MERCANTILE EXCHANGE,209742,311779,57205,72664,94954,39512,55516,100288,19932,6751,37084,45476,NQ,2025-06-20 15:30:00-04:00,-44772,-14.360171788350081,0.4165610422529067,44.230769230769226,-0.21273679909164228,55442,17.782467709499358,-1.6058770363906767,37.82051282051282,-0.29720814782944155,-15459,-4.958319835524522,-0.23908317665884304,13181,4.227674089659663,2.0740957475141024,-8392,-2.6916501752844164,-0.6456965767174867,,,,,,NORMAL,,QQQ
2025-06-24,NASDAQ MINI - CHICAGO MERCANTILE EXCHANGE,209742,253330,46925,84219,89165,39187,48555,80565,19380,5589,36687,31152,NQ,2025-06-27 15:30:00-04:00,-32010,-12.6356925749023,1.7244792134477809,59.61538461538461,0.10435879595495759,49978,19.728417479177356,1.9459497696779984,42.30769230769231,-0.11210345571271693,-37294,-14.721509493545968,-9.763189658021446,13791,5.44388741957131,1.216213329911647,5535,2.1848971696996013,4.876547344984018,2025-07-01,565.010009765625,511.5430023193359,0.20491766950932055,1051.7929210296684,NORMAL,,QQQ
2025-07-01,NASDAQ MINI - CHICAGO MERCANTILE EXCHANGE,209742,265393,47980,108725,90477,35431,58273,73957,14295,4113,40189,28988,NQ,2025-07-04 15:30:00-04:00,-15684,-5.909726330385504,6.725966244516797,88.46153846153845,1.317694460956111,55046,20.741315709155856,1.0128982299785,43.58974358974359,-0.01848853927041773,-60745,-22.888697139713557,-8.167187646167589,10182,3.8365744386626623,-1.607312980908648,11201,4.220533322280542,2.035636152580941,,,,,,NORMAL,,QQQ
2025-07-08,NASDAQ MINI - CHICAGO MERCANTILE EXCHANGE,209742,270422,47206,117968,93003,31617,58579,69668,16281,6231,40146,29731,NQ,2025-07-11 15:30:00-04:00,-11089,-4.100627907492734,1.8090984228927702,91.66666666666666,1.641600158266358,61386,22.700076177234102,1.9587604680782462,49.358974358974365,0.16833319462014248,-70762,-26.167249706015042,-3.278552566301485,10050,3.7164136054019274,-0.1201608332607349,10415,3.8513878308717486,-0.3691454914087937,,,,,,EXTREME_LONG,long,QQQ
2025-07-15,NASDAQ MINI - CHICAGO MERCANTILE EXCHANGE,209742,271661,48891,119581,98504,30303,54088,74562,21912,5266,38024,31707,NQ,2025-07-18 15:30:00-04:00,-20474,-7.536598922922319,-3.435971015429585,83.33333333333334,1.0082891326395524,68201,25.10518624314863,2.4051100659145277,61.53846153846154,0.40403208429468723,-70690,-26.021401673409137,0.14584803260590462,16646,6.127489775860355,2.411076170458428,6317,2.3253245773224718,-1.5260632535492769,,,,,,UNWINDING_LONG,long,QQQ
2025-07-22,NASDAQ MINI - CHICAGO MERCANTILE EXCHANGE,209742,270972,49992,116122,96346,30929,49469,73398,23269,5031,38964,32560,NQ,2025-07-25 15:30:00-04:00,-23929,-8.830801706449375,-1.294202783527056,81.41025641025641,0.773461378253344,65417,24.141608727100955,-0.9635775160476747,55.12820512820513,0.29536324613938914,-66130,-24.40473554463192,1.6166661287772186,18238,6.730584709859321,0.6030949339989657,6404,2.3633438141210164,0.038019236798544576,2025-08-01,570.4000244140625,520.1980041503906,0.19965512640048738,1061.8266888452588,UNWINDING_LONG,long,QQQ
2025-07-29,NASDAQ MINI - CHICAGO MERCANTILE EXCHANGE,209742,281762,54789,120073,103535,30272,61680,83165,12179,4452,37296,31517,NQ,2025-08-01 15:30:00-04:00,-21485,-7.625229803877031,1.205571902572344,82.6923076923077,0.9800670306052602,73263,26.00173195817747,1.8601232310765141,62.82051282051282,0.4787115171810401,-65284,-23.169909356123252,1.2348261885086664,7727,2.742385417480001,-3.98819929237932,5779,2.0510217843428142,-0.3123220297782021,2025-08-01,570.4000244140625,520.1980041503906,0.19965512640048738,1061.8266888452588,NORMAL,,QQQ
2025-08-05,NASDAQ MINI - CHICAGO MERCANTILE EXCHANGE,209742,277507,45337,126578,107468,30906,58687,73312,13049,4676,41099,30168,NQ,2025-08-08 15:30:00-04:00,-14625,-5.270137329869156,2.3550924740078747,89.74358974358975,1.3861523513873237,76562,27.589213965773837,1.5874820075963676,69.23076923076923,0.634243792585504,-81241,-29.27529756006155,-6.105388203938297,8373,3.0172211872132957,0.2748357697332948,10931,3.9389997369435727,1.8879779526007585,,,,,,NORMAL,,QQQ
2025-08-12,NASDAQ MINI - CHICAGO MERCANTILE EXCHANGE,209742,303576,52665,132212,116980,34716,70831,87121,11508,4474,40036,33497,NQ,2025-08-15 15:30:00-04:00,-16290,-5.366036840856985,-0.09589951098782912,89.1025641025641,1.3516814535057544,82264,27.098321342925658,-0.4908926228481789,67.3076923076923,0.5749428921705326,-79547,-26.203323055841043,3.071974504220506,7034,2.317047460932353,-0.7001737262809429,6539,2.153991092840014,-1.7850086441035589,,,,,,NORMAL,,QQQ
2025-08-19,NASDAQ MINI - CHICAGO MERCANTILE EXCHANGE,209742,289577,52458,132352,114540,31552,56969,75708,9259,4237,42175,31552,NQ,2025-08-22 15:30:00-04:00,-18739,-6.471163110329895,-1.10512626947291,85.25641025641025,1.1409565813937677,82988,28.658353391325967,1.5600320484003092,75.0,0.7305548533734726,-79894,-27.589898369000302,-1.386575313159259,5022,1.734253756341146,-0.5827937045912068,10623,3.668454331663081,1.5144632388230672,,,,,,NORMAL,,QQQ
2025-08-26,NASDAQ MINI - CHICAGO MERCANTILE EXCHANGE,209742,284355,49753,132377,111116,30939,61174,78075,10318,3609,42228,29589,NQ,2025-08-29 15:30:00-04:00,-16901,-5.943626804522516,0.527536305807379,85.8974358974359,1.2201269493365763,80177,28.196092912028977,-0.4622604792969902,72.43589743589743,0.6734713470952927,-82624,-29.056636950291008,-1.4667385812907057,6709,2.3593747252554027,0.6251209689142567,12639,4.444796117529145,0.7763417858660637,2025-09-01,600.3699951171875,529.2610046386719,0.15653717335179443,1117.6172102239675,NORMAL,,QQQ
2025-09-02,NASDAQ MINI - CHICAGO MERCANTILE EXCHANGE,209742,282221,50329,119227,108407,32785,64181,82811,8779,4446,39447,31874,NQ,2025-09-05 15:30:00-04:00,-18630,-6.6012096902781865,-0.6575828857556703,83.33333333333334,1.0893690904669229,75622,26.79531289308733,-1.4007800189416457,62.17948717948718,0.5178161684560935,-68898,-24.412782890004642,4.643854060286365,4333,1.5353216096605142,-0.8240531155948885,7573,2.6833580775349812,-1.7614380399941636,,,,,,NORMAL,,QQQ
2025-09-09,NASDAQ MINI - CHICAGO MERCANTILE EXCHANGE,209742,296970,50200,118863,114177,34186,70821,95846,10785,4781,39575,31882,NQ,2025-09-12 15:30:00-04:00,-25025,-8.426777115533556,-1.825567425255369,77.56410256410257,0.759002354130216,79991,26.935717412533254,0.14040451944592292,63.46153846153846,0.5226888646196882,-68663,-23.12119069266256,1.2915921973420836,6004,2.0217530390275114,0.4864314293669971,7693,2.59049735663535,-0.09286072089963104,,,,,,NORMAL,,QQQ
2025-09-16,NASDAQ MINI - CHICAGO MERCANTILE EXCHANGE,209742,351421,55367,122744,114781,32908,75090,99094,10501,7466,41530,35057,NQ,2025-09-19 15:30:00-04:00,-24004,-6.83055366640013,1.5962234491334257,82.6923076923077,1.0299241271340862,81873,23.297697064205042,-3.6380203483282116,45.51282051282051,0.12472710756406755,-67377,-19.172730144186033,3.9484605484765254,3035,0.8636364929813528,-1.1581165460461587,6473,1.8419502533997685,-0.7485471032355817,,,,,,NORMAL,,QQQ
2025-09-23,NASDAQ MINI - CHICAGO MERCANTILE EXCHANGE,209742,274695,47760,108021,111251,33195,50088,76172,11096,6795,37195,33207,NQ,2025-09-26 15:30:00-04:00,-26084,-9.495622417590418,-2.6650687511902884,74.35897435897436,0.55249222168669,78056,28.415515389795956,5.117818325590914,73.07692307692307,0.6668801923148207,-60261,-21.937421503849723,-2.76469135966369,4301,1.5657365441671671,0.7021000511858143,3988,1.45179198747702,-0.3901582659227485,2025-10-01,629.0700073242188,541.0450042724609,0.1403632633958356,1171.0436436518326,NORMAL,,QQQ
2025-09-30,NASDAQ MINI - CHICAGO MERCANTILE EXCHANGE,209742,278188,43505,133340,111777,32065,61911,63535,10593,5444,38463,31865,NQ,2025-10-03 15:30:00-04:00,-1624,-0.5837778768314953,8.911844540758922,96.7948717948718,2.1047429203221943,79712,28.654003767236546,0.23848837744058926,74.35897435897436,0.6875600540252321,-89835,-32.29290983076193,-10.355488326912205,5149,1.8509065811609415,0.2851700369937744,6598,2.3717773591959395,0.9199853717189195,,,,,,EXTREME_LONG,long,QQQ
2025-10-07,NASDAQ MINI - CHICAGO MERCANTILE EXCHANGE,209742,285401,46502,134353,117009,32809,59939,67153,10577,5536,39497,33673,NQ,2025-10-10 15:30:00-04:00,-7214,-2.527671591900519,-1.9438937150690236,93.58974358974359,1.7381476664409494,84200,29.502349326035997,0.8483455587994513,78.84615384615384,0.7809100481420854,-87851,-30.781602026622192,1.5113078041397365,5041,1.7662867334031767,-0.08461984775776488,5824,2.0406375590835353,-0.3311398001124042,,,,,,EXTREME_LONG,long,QQQ
2025-10-14,NASDAQ MINI - CHICAGO MERCANTILE EXCHANGE,209742,278830,41842,130857,113663,30226,53450,58547,10439,7337,39745,32172,NQ,2025-10-17 15:30:00-04:00,-5097,-1.82799555284582,0.699676039054699,94.23076923076923,1.8413919851489051,83437,29.923968009181223,0.4216186831452262,79.48717948717949,0.8256290715543707,-89015,-31.924470107233798,-1.1428680806116063,3102,1.1125058279238245,-0.6537809054793522,7573,2.7159918229745723,0.675354263891037,,,,,,EXTREME_LONG,long,QQQ
2025-10-21,NASDAQ MINI - CHICAGO MERCANTILE EXCHANGE,209742,289838,45535,141735,115878,33745,61437,59393,10625,5588,39740,32754,NQ,2025-10-24 15:30:00-04:00,2044,0.7052215375485616,2.533217090394382,98.07692307692307,2.2601816565712234,82133,28.337554081935426,-1.5864139272457969,70.51282051282051,0.6303769471539292,-96200,-33.19095494724639,-1.2664848400125912,5037,1.7378673603875268,0.6253615324637023,6986,2.4103119673748785,-0.3056798555996938,,,,,,EXTREME_LONG,long,QQQ
2025-10-28,NASDAQ MINI - CHICAGO MERCANTILE EXCHANGE,209742,299186,50265,144804,114585,38316,68182,57008,9664,8010,39425,33983,NQ,2025-10-31 15:30:00-04:00,11174,3.7348004251535833,3.029578887605022,99.35897435897436,2.71879734127844,76269,25.492168751211622,-2.845385330723804,54.48717948717948,0.27395615920539945,-94539,-31.598737908859373,1.592217038387016,1654,0.5528333545018818,-1.185034005885645,5442,1.8189353779922857,-0.5913765893825929,2025-11-01,619.25,550.7410064697266,0.09599828197180896,1152.763234438627,EXTREME_LONG,long,QQQ
2025-11-04,NASDAQ MINI - CHICAGO MERCANTILE EXCHANGE,209742,292709,45743,148276,111689,31712,62702,53572,9263,6190,41787,31434,NQ,2025-11-07 15:30:00-05:00,9130,3.119138803384932,-0.6156616217686515,98.71794871794873,2.5401255765008286,79977,27.323040972433372,1.8308722212217496,64.1025641025641,0.4900666423566598,-102533,-35.028987834333755,-3.4302499254743815,3073,1.0498481426946216,0.4970147881927398,10353,3.5369599158208325,1.7180245378285468,,,,,,EXTREME_LONG,long,QQQ
2025-11-10,NASDAQ MINI - CHICAGO MERCANTILE EXCHANGE,209742,296639,46162,151993,108326,34472,74313,56694,10236,7931,41787,29734,NQ,2025-11-13 15:30:00-05:00,17619,5.939542676451849,2.8204038730669168,100.0,2.926084119879922,73854,24.896928589969626,-2.426112382463746,50.641025641025635,0.1713851585317605,-105831,-35.67669793924602,-0.6477101049122638,2305,0.7770387575470521,-0.27280938514756947,12053,4.063187915277492,0.5262279994566597,,,,,,EXTREME_LONG,long,QQQ
2025-11-18,NASDAQ MINI - CHICAGO MERCANTILE EXCHANGE,209742,299587,45443,151289,109657,32135,73714,63331,10805,6718,43649,29795,NQ,2025-11-21 15:30:00-05:00,10383,3.4657712117014423,-2.4737714647504063,98.07692307692307,2.4427450897067557,77522,25.87628969214285,0.9793611021732254,54.48717948717948,0.2862985111132374,-105846,-35.330638512352,0.3460594268940156,4087,1.364211397690821,0.5871726401437689,13854,4.624366210816891,0.5611782955393991,,,,,,EXTREME_LONG,long,QQQ
2025-11-25,NASDAQ MINI - CHICAGO MERCANTILE EXCHANGE,209742,296684,44649,145117,110973,33817,76011,66340,11006,6726,41298,31937,NQ,2025-11-28 15:30:00-05:00,9671,3.259697186231816,-0.2060740254696265,97.43589743589743,2.351901913913776,77156,26.00612099068369,0.1298312985408394,55.12820512820513,0.2921616380067933,-100468,-33.863639427808714,1.4669990845432892,4280,1.442612341750819,0.07840094405999798,9361,3.155208909142387,-1.469157301674504,2025-12-01,614.3099975585938,561.3550048828125,0.07698101554192133,1143.5671856820827,EXTREME_LONG,long,QQQ
2025-12-02,NASDAQ MINI - CHICAGO MERCANTILE EXCHANGE,209742,308211,54145,145134,109798,32878,78215,81255,9925,6614,43448,29650,NQ,2025-12-05 15:30:00-05:00,-3040,-0.9863372819269915,-4.246034468158808,91.02564102564102,1.6558979843351507,76920,24.95692885717901,-1.049192133504679,49.358974358974365,0.1410693740253737,-90989,-29.521658863570735,4.3419805642379785,3311,1.0742640593619306,-0.3683482823888884,13798,4.476803228956786,1.3215943198143991,,,,,,EXTREME_LONG,long,QQQ
2025-12-09,NASDAQ MINI - CHICAGO MERCANTILE EXCHANGE,209742,325383,66064,143258,111562,31345,76097,97403,10316,6461,44564,30136,NQ,2025-12-12 15:30:00-05:00,-21306,-6.547975770092475,-5.5616384881654835,77.56410256410257,0.7983565174728974,80217,24.653101114686386,-0.3038277424926257,46.794871794871796,0.08766391922235621,-77194,-23.72404212881435,5.797616734756385,3855,1.1847576548252368,0.11049359546330617,14428,4.434159129395205,-0.04264409956158133,,,,,,UNWINDING_LONG,long,QQQ
2025-12-16,NASDAQ MINI - CHICAGO MERCANTILE EXCHANGE,209742,378693,43628,135455,112028,31546,83876,90850,8814,7339,46955,30111,NQ,2025-12-19 15:30:00-05:00,-6974,-1.8415972832875178,4.706378486804957,89.1025641025641,1.4965755821461866,80482,21.25257134407026,-3.4005297706161244,29.48717948717949,-0.3935146605777011,-91827,-24.248401739667752,-0.5243596108534021,1475,0.38949756134916674,-0.7952600934760701,16844,4.44793011753584,0.013770988140635154,,,,,,NORMAL,,QQQ
2025-12-23,NASDAQ MINI - CHICAGO MERCANTILE EXCHANGE,209742,265616,36258,120095,107257,30935,60357,75499,11005,6252,43498,25594,NQ,2025-12-26 15:30:00-05:00,-15142,-5.700710800554184,-3.8591135172666657,80.76923076923077,0.9171581592798104,76322,28.733961809529546,7.481390465459285,74.35897435897436,0.6332120291373623,-83837,-31.563234142521534,-7.3148324028537814,4753,1.7894253358231431,1.3999277744739764,17904,6.740557797723029,2.2926276801871888,2026-01-01,621.8699951171875,576.6500030517578,0.03581125002058667,1157.6404795666085,UNWINDING_LONG,long,QQQ
2025-12-30,NASDAQ MINI - CHICAGO MERCANTILE EXCHANGE,209742,276539,43983,122714,112043,30842,59039,84713,10568,5769,42729,24324,NQ,2026-01-02 15:30:00-05:00,-25674,-9.28404311869212,-3.583332318137936,69.87179487179486,0.38262072822102094,81201,29.36330861108198,0.6293468015524333,77.56410256410257,0.7178130189558984,-78731,-28.47012537110498,3.093108771416553,4799,1.7353790966192832,-0.05404623920385987,18405,6.655480782095834,-0.08507701562719472,,,,,,UNWINDING_LONG,long,QQQ
2026-01-06,NASDAQ MINI - CHICAGO MERCANTILE EXCHANGE,209742,274253,37189,125127,112406,31245,60236,78687,11558,5389,43851,24792,NQ,2026-01-09 15:30:00-05:00,-18451,-6.727729505237864,2.5563136134542557,76.92307692307693,0.7781774892037533,81161,29.59347755539593,0.23016894431394874,78.2051282051282,0.7498560978311054,-87938,-32.06455353268697,-3.594428161581991,6169,2.2493828691026168,0.5140037724833335,19059,6.949422613426289,0.2939418313304545,,,,,,NORMAL,,QQQ
2026-01-13,NASDAQ MINI - CHICAGO MERCANTILE EXCHANGE,209742,278878,45989,130169,112990,28648,58656,81404,12406,5384,39971,24407,NQ,2026-01-16 15:30:00-05:00,-22748,-8.156971865833805,-1.429242360595941,73.07692307692307,0.5662115542420291,84342,30.24333220978349,0.6498546543875605,79.48717948717949,0.8427085396458445,-84180,-30.185242292328546,1.879311240358426,7022,2.5179469158556786,0.2685640467530619,15564,5.580935032523183,-1.368487580903106,,,,,,NORMAL,,QQQ
2026-01-20,NASDAQ MINI - CHICAGO MERCANTILE EXCHANGE,209742,267118,39811,111471,109603,29621,54022,81034,11712,6275,41532,28279,NQ,2026-01-23 15:30:00-05:00,-27012,-10.112384788745048,-1.9554129229112434,66.02564102564102,0.2737828905025454,79982,29.942572196557325,-0.30076001322616364,78.84615384615384,0.7881644129700819,-71660,-26.827095141473055,3.3581471508554905,5437,2.0354300346663274,-0.4825168811893512,13253,4.961477698994452,-0.6194573335287306,,,,,,NORMAL,,QQQ
2026-01-27,NASDAQ MINI - CHICAGO MERCANTILE EXCHANGE,209742,260759,38264,119675,109031,29674,54689,71527,10664,5177,39329,25924,NQ,2026-01-30 15:30:00-05:00,-16838,-6.457303487127961,3.6550813016170878,80.12820512820514,0.8237903488016135,79357,30.433081887873477,0.4905096913161522,79.48717948717949,0.8546265636234888,-81411,-31.220782408277376,-4.393687266804321,5487,2.104241847836508,0.0688118131701807,13405,5.140762159695351,0.17928446070089876,2026-02-01,607.2899780273438,589.8320007324219,-0.034622584200950005,1130.4990864965096,NORMAL,,QQQ
2026-02-03,NASDAQ MINI - CHICAGO MERCANTILE EXCHANGE,209742,268823,38306,116803,107944,35620,58197,69577,10622,6092,40357,27334,NQ,2026-02-06 15:30:00-05:00,-11380,-4.233268730726166,2.224034756401795,85.25641025641025,1.1529810809068124,72324,26.90394795088218,-3.529133936991297,55.12820512820513,0.29086617760188055,-78497,-29.20025444251422,2.020527965763158,4530,1.6851236687337021,-0.419118179102806,13023,4.844451553624504,-0.2963106060708469,,,,,,NORMAL,,QQQ
2026-02-10,NASDAQ MINI - CHICAGO MERCANTILE EXCHANGE,209742,263282,41453,117273,106340,34193,56269,64870,8402,5952,38796,28972,NQ,2026-02-13 15:30:00-05:00,-8601,-3.266839358558504,0.9664293721676618,87.17948717948718,1.2838706872433725,72147,27.4029367750169,0.49898882413472023,60.256410256410255,0.3612413040866177,-75820,-28.798018854308307,0.40223558820591165,2450,0.9305611473629036,-0.7545625213707985,9824,3.7313602904870065,-1.1130912631374974,,,,,,NORMAL,,QQQ
2026-02-17,NASDAQ MINI - CHICAGO MERCANTILE EXCHANGE,209742,272951,39131,112852,108770,34929,63852,73168,8592,6442,39419,32373,NQ,2026-02-20 15:30:00-05:00,-9316,-3.413066814190093,-0.146227455631589,85.8974358974359,1.2447047824419621,73841,27.05284098611106,-0.3500957889058398,57.05128205128205,0.2968255705698313,-73721,-27.00887705119234,1.7891418031159674,2150,0.7876871672937633,-0.14287398006914032,7046,2.5814157119776078,-1.1499445785093987,,,,,,NORMAL,,QQQ
2026-02-24,NASDAQ MINI - CHICAGO MERCANTILE EXCHANGE,209742,270599,48059,108357,106213,36919,56133,72687,6589,5482,38078,31627,NQ,2026-02-27 15:30:00-05:00,-16554,-6.117539237026005,-2.704472422835912,78.2051282051282,0.8279721451045992,69294,25.60763343545246,-1.4452075506586013,46.794871794871796,0.05381737747494333,-60298,-22.28315699614559,4.72572005504675,1107,0.40909242088847336,-0.37859474640528995,6451,2.383970376830661,-0.19744533514694673,2026-03-01,577.1799926757812,595.6390014648438,-0.06793703241698627,1074.4479212114602,NORMAL,,QQQ
2026-03-03,NASDAQ MINI - CHICAGO MERCANTILE EXCHANGE,209742,273307,51171,96563,102985,35402,55905,77694,6953,6844,36335,36846,NQ,2026-03-06 15:30:00-05:00,-21789,-7.972353434050354,-1.854814197024349,70.51282051282051,0.5460744742248518,67583,24.72787012407293,-0.8797633113795307,41.02564102564102,-0.10681369400477558,-45392,-16.608429348681153,5.674727647464437,109,0.03988189106023629,-0.3692105298282371,-511,-0.18696923240165822,-2.5709396092323193,,,,,,NORMAL,,QQQ
2026-03-10,NASDAQ MINI - CHICAGO MERCANTILE EXCHANGE,209742,259842,46264,86931,100576,36155,53057,78224,5790,4214,33480,33643,NQ,2026-03-13 15:30:00-04:00,-25167,-9.685501189184196,-1.7131477551338419,64.1025641025641,0.2893877510005207,64421,24.792373827171897,0.06450370309896769,41.66666666666667,-0.1150879158444109,-40667,-15.650664634662602,0.9577647140185501,1576,0.6065224251660625,0.5666405341058262,-163,-0.06273042849116,0.12423880391049821,,,,,,NORMAL,,QQQ
2026-03-17,NASDAQ MINI - CHICAGO MERCANTILE EXCHANGE,209742,300943,48890,82853,96720,36469,51381,82843,6183,4261,37450,34198,NQ,2026-03-20 15:30:00-04:00,-31462,-10.454471444758642,-0.7689702555744464,60.89743589743589,0.1840438999119021,60251,20.020734823538014,-4.771639003633883,18.58974358974359,-0.9685266102549992,-33963,-11.28552583047288,4.365138804189723,1922,0.6386591480778752,0.03213672291181269,3252,1.0806033036156348,1.143333732106795,,,,,,NORMAL,,QQQ
2026-03-24,NASDAQ MINI - CHICAGO MERCANTILE EXCHANGE,209742,235906,46512,65954,91326,41056,47003,86382,7402,3045,34325,30131,NQ,2026-03-27 15:30:00-04:00,-39379,-16.69266572278789,-6.238194278029248,25.0,-0.7492511751674498,50270,21.3093350741397,1.2886002506016858,22.435897435897438,-0.7673328043933227,-19442,-8.241418191991725,3.0441076384811545,4357,1.8469220791332142,1.208262931055339,4194,1.7778267615067018,0.697223457891067,2026-04-01,667.739990234375,607.2489990234375,0.08697561961896123,1243.0296502326935,NORMAL,,QQQ
2026-03-31,NASDAQ MINI - CHICAGO MERCANTILE EXCHANGE,209742,245322,47832,75585,96769,39119,47382,84485,10355,4457,34055,32747,NQ,2026-04-03 15:30:00-04:00,-37103,-15.124204107254954,1.5684616155329358,35.8974358974359,-0.5181133527056913,57650,23.499726889557397,2.190391815417698,30.76923076923077,-0.39969918808566535,-27753,-11.31288673661555,-3.0714685446238246,5898,2.4041871499498617,0.5572650708166476,1308,0.533176804363245,-1.2446499571434568,,,,,,NORMAL,,QQQ
2026-04-07,NASDAQ MINI - CHICAGO MERCANTILE EXCHANGE,209742,246794,52605,73732,94617,37036,47521,86349,9450,4056,30929,33949,NQ,2026-04-10 15:30:00-04:00,-38828,-15.732959472272421,-0.6087553650174673,33.33333333333333,-0.614722875524801,57581,23.33160449605744,-0.1681223934999565,29.48717948717949,-0.447118887393718,-21127,-8.560580889324699,2.7523058472908506,5394,2.185628499882493,-0.21855865006736863,-3020,-1.2236926343428123,-1.7568694387060573,,,,,,NORMAL,,QQQ
2026-04-14,NASDAQ MINI - CHICAGO MERCANTILE EXCHANGE,209742,260197,51423,83979,106090,29785,44471,94138,9448,3810,34416,34136,NQ,2026-04-17 15:30:00-04:00,-49667,-19.08822930318182,-3.355269830909398,10.897435897435898,-1.1164495817525688,76305,29.325856946851808,5.994252450794367,73.71794871794873,0.646709539143695,-32556,-12.512058171308663,-3.951477281983964,5638,2.1668197558004128,-0.01880874408208033,280,0.10761077183826101,1.3313034061810733,,,,,,NORMAL,,QQQ
2026-04-21,NASDAQ MINI - CHICAGO MERCANTILE EXCHANGE,209742,267620,46538,102805,114615,30324,43848,82848,9144,2621,37291,32838,NQ,2026-04-24 15:30:00-04:00,-39000,-14.572901875794036,4.515327427387783,39.743589743589745,-0.4327928068608894,84291,31.496524923398848,2.1706679765470405,81.41025641025641,1.0411151647035375,-56267,-21.02496076526418,-8.512902593955516,6523,2.4374112547642177,0.27059149896380497,4453,1.6639264628951498,1.5563156910568887,2026-05-01,738.3099975585938,624.5789978027344,0.1872417118620812,1374.399064681501,NORMAL,,QQQ
2026-04-28,NASDAQ MINI - CHICAGO MERCANTILE EXCHANGE,209742,275963,49860,103829,114854,36156,45417,81367,9621,2716,38557,34241,NQ,2026-05-01 15:30:00-04:00,-35950,-13.027108706601972,1.5457931691920646,48.717948717948715,-0.2022063568454752,78698,28.517591126346648,-2.9789337970522,67.3076923076923,0.47174744269927843,-53969,-19.556607226331067,1.468353538933112,6905,2.5021470269565125,0.06473577219229476,4316,1.563977779629878,-0.09994868326527184,2026-05-01,738.3099975585938,624.5789978027344,0.1872417118620812,1374.399064681501,NORMAL,,QQQ
2026-05-05,NASDAQ MINI - CHICAGO MERCANTILE EXCHANGE,209742,287657,53418,114018,117433,32301,51944,88044,8858,2522,39197,33965,NQ,2026-05-08 15:30:00-04:00,-36100,-12.549668528838165,0.47744017776380687,51.92307692307693,-0.1320578972048131,85132,29.59496900822855,1.077377881881901,75.64102564102564,0.6654247726876416,-60600,-21.066756588575977,-1.5101493622449098,6336,2.2026232631223994,-0.29952376383411305,5232,1.8188328460631933,0.25485506643331535,,,,,,NORMAL,,QQQ
2026-05-12,NASDAQ MINI - CHICAGO MERCANTILE EXCHANGE,209742,287752,57252,101254,118058,27840,47277,99319,6150,4046,38646,34924,NQ,2026-05-15 15:30:00-04:00,-52042,-18.085712697044677,-5.536044168206512,18.58974358974359,-0.9574014556668645,90218,31.35269259640246,1.75772358817391,80.76923076923077,0.9898783487269226,-44002,-15.291640023353443,5.775116565222534,2104,0.7311851872445717,-1.4714380758778276,3722,1.2934749367510912,-0.5253579093121021,,,,,,NORMAL,,QQQ
2026-05-19,NASDAQ MINI - CHICAGO MERCANTILE EXCHANGE,209742,293186,51640,110510,120129,27828,55696,101067,10494,4007,39365,33912,NQ,2026-05-22 15:30:00-04:00,-45371,-15.475159114009537,2.6105535830351396,35.256410256410255,-0.5600168851147104,92301,31.482062581432945,0.12936998503048613,80.76923076923077,1.002571697694454,-58870,-20.079403518585472,-4.78776349523203,6487,2.2125885956355353,1.4814034083909635,5453,1.859911455526526,0.5664365187754348,,,,,,NORMAL,,QQQ
2026-05-26,NASDAQ MINI - CHICAGO MERCANTILE EXCHANGE,209742,302990,61230,106252,117374,32311,52861,104540,8805,3814,41004,34357,NQ,2026-05-29 15:30:00-04:00,-51679,-17.05633849301957,-1.5811793790100328,23.717948717948715,-0.7927034117691087,85063,28.074523911680252,-3.407538669752693,59.61538461538461,0.33938579605954056,-45022,-14.85923627842503,5.220167240160443,4991,1.647249084128189,-0.5653395115073463,6647,2.1938017756361594,0.3338903201096335,2026-06-01,736.4000244140625,641.1789978027343,0.21260032448766256,1370.8435591186737,NORMAL,,QQQ
2026-06-02,NASDAQ MINI - CHICAGO MERCANTILE EXCHANGE,209742,314972,73912,104591,116161,37070,57156,110806,8839,4738,39935,38798,NQ,2026-06-05 15:30:00-04:00,-53650,-17.033260099310414,0.023078393709155876,24.358974358974358,-0.7864374176304474,79091,25.110486011454988,-2.9640379002252644,40.38461538461539,-0.2348386446551226,-30679,-9.740230877665317,5.119005400759713,4101,1.3020204970600562,-0.34522858706813286,1137,0.36098446846068855,-1.8328173071754708,,,,,,NORMAL,,QQQ
2026-06-09,NASDAQ MINI - CHICAGO MERCANTILE EXCHANGE,209742,305568,56113,103454,114627,31260,68287,102593,5630,9419,40695,38626,NQ,2026-06-12 15:30:00-04:00,-34306,-11.226960938318149,5.806299160992266,58.97435897435898,0.07819844292019135,83367,27.282634307257304,2.172148295802316,54.48717948717948,0.17889333304731073,-47341,-15.492787202848465,-5.752556325183148,-3789,-1.239985862393968,-2.542006359454024,2069,0.6770996963032778,0.3161152278425893,,,,,,NORMAL,,QQQ
2026-06-16,NASDAQ MINI - CHICAGO MERCANTILE EXCHANGE,209742,344441,65939,109912,107695,37372,66996,95150,4957,7974,48266,43445,NQ,2026-06-19 15:30:00-04:00,-28154,-8.173823673720609,3.05313726459754,69.87179487179486,0.528494924693959,70323,20.41655900429972,-6.866075302957583,14.102564102564102,-1.1449462011629754,-43973,-12.766482503534712,2.7263046993137525,-3017,-0.8759119849263008,0.36407387746766706,4821,1.3996591578819013,0.7225594615786235,,,,,,NORMAL,,QQQ
2026-06-23,NASDAQ MINI - CHICAGO MERCANTILE EXCHANGE,209742,265083,69190,87997,98769,35861,42052,93114,5145,6809,39310,30685,NQ,2026-06-26 15:30:00-04:00,-51062,-19.26264603916509,-11.088822365444482,10.897435897435898,-1.1149929857819847,62908,23.73143505996235,3.31487605566263,26.282051282051285,-0.4986295004273974,-18807,-7.094759000011317,5.6717235035233955,-1664,-0.6277279191800305,0.2481840657462704,8625,3.253697898394088,1.8540387405121865,2026-07-01,687.989990234375,649.9409973144532,0.19198516747762417,1280.7259853112275,NORMAL,,QQQ
2026-06-30,NASDAQ MINI - CHICAGO MERCANTILE EXCHANGE,209742,278558,77804,80900,102755,35445,36796,105413,6991,7940,37921,32569,NQ,2026-07-03 15:30:00-04:00,-68617,-24.632931023341637,-5.370284984176546,0.0,-1.895714385777692,67310,24.16372891821452,0.43229385825216937,30.76923076923077,-0.413907108695961,-3096,-1.1114381924051724,5.983320807606145,-949,-0.34068308933866553,0.2870448298413649,5352,1.921323386870957,-1.332374511523131,,,,,,EXTREME_SHORT,short,QQQ
2026-07-07,NASDAQ MINI - CHICAGO MERCANTILE EXCHANGE,209742,285086,65313,95557,111434,32464,49681,104694,5126,8480,41915,32274,NQ,2026-07-10 15:30:00-04:00,-55013,-19.296984067965457,5.33594695537618,11.538461538461538,-1.0843196555289227,78970,27.700413208645813,3.5366842904312925,57.05128205128205,0.26250790878753055,-30244,-10.608728594178599,-9.497290401773427,-3354,-1.1764870951221738,-0.8358040057835082,9641,3.381786548620416,1.4604631617494592,,,,,,UNWINDING_SHORT,short,QQQ
2026-07-14,NASDAQ MINI - CHICAGO MERCANTILE EXCHANGE,209742,284971,74318,85345,106744,32681,47577,111740,5742,9894,38358,33079,NQ,2026-07-17 15:30:00-04:00,-64163,-22.515624396868454,-3.218640328902996,2.564102564102564,-1.5446547230105254,74063,25.989662105968677,-1.7107511026771363,42.94871794871795,-0.06797057726521326,-11027,-3.869516547297795,6.739212046880803,-4152,-1.4569903604226395,-0.28050326530046577,5279,1.8524691986202104,-1.5293173500002057,,,,,,EXTREME_SHORT,short,QQQ
2026-07-21,NASDAQ MINI - CHICAGO MERCANTILE EXCHANGE,209742,286903,71268,76968,104664,32039,46344,121034,8565,8265,40668,33203,NQ,2026-07-24 15:30:00-04:00,-74690,-26.033188917508706,-3.517564520640253,0.0,-2.031823904829848,72625,25.3134334600893,-0.6762286458793767,40.38461538461539,-0.19598367012446843,-5700,-1.9867341923925508,1.8827823549052443,300,0.10456495749434477,1.5615553179169843,7465,2.6019246923176125,0.749455493697402,,,,,,EXTREME_SHORT,short,QQQ
2026-07-28,NASDAQ MINI - CHICAGO MERCANTILE EXCHANGE,209742,294781,54481,82062,106927,30168,61233,119531,10354,11266,42151,32119,NQ,2026-07-31 15:30:00-04:00,-58298,-19.77671559564558,6.256473321863126,10.256410256410255,-1.1039616789962154,76759,26.039330893103696,0.7258974330143957,44.871794871794876,-0.05845320594887853,-27581,-9.356437490883062,-7.369703298490511,-912,-0.30938221934249494,-0.4139471768368397,10032,3.4032044127674443,0.8012797204498319,2026-08-01,716.760009765625,658.7099975585937,0.0734118373141679,1334.282740692263,UNWINDING_SHORT,short,QQQ
2026-08-04,NASDAQ MINI - CHICAGO MERCANTILE EXCHANGE,209742,303624,71439,62690,99819,35460,57097,135430,13715,7687,39765,40568,NQ,2026-08-07 15:30:00-04:00,-78333,-25.799343925381393,-6.022628329735813,0.641025641025641,-1.9659822144998287,64359,21.196940953284326,-4.84238993981937,16.666666666666664,-0.9854341181999485,8749,2.8815245171659685,12.237962008049031,6028,1.9853503016889311,2.294732521031426,-803,-0.26447184675783203,-3.6676762595252765,,,,,,EXTREME_SHORT,short,QQQ
2026-08-11,NASDAQ MINI - CHICAGO MERCANTILE EXCHANGE,209742,282662,65405,62508,104250,42585,34549,123674,11649,8913,47112,25285,NQ,2026-08-14 15:30:00-04:00,-89125,-31.530591306931953,-5.73124738155056,0.0,-2.7613732451798723,61665,21.815808279853677,0.618867326569351,18.58974358974359,-0.860522729708477,2897,1.02489899597399,-1.8566255211919784,2736,0.9679405084517905,-1.0174097932371406,21827,7.721943522652497,7.986415369410329,,,,,,EXTREME_SHORT,short,QQQ
2026-08-18,NASDAQ MINI - CHICAGO MERCANTILE EXCHANGE,209742,297931,62420,97462,105786,37454,45490,107261,15391,9673,48810,26047,NQ,2026-08-21 15:30:00-04:00,-61771,-20.733324158949557,10.797267147982396,7.051282051282051,-1.1841341216936274,68332,22.935511913832396,1.1197036339787196,25.0,-0.6444493571435768,-35042,-11.761783768724973,-12.786682764698963,5718,1.919236333244946,0.9512958247931556,22763,7.640359680597185,-0.08158384205531188,,,,,,EXTREME_SHORT,short,QQQ
2026-08-25,NASDAQ MINI - CHICAGO MERCANTILE EXCHANGE,209742,301987,59255,122503,109400,36184,51841,93073,13871,9704,51536,24439,NQ,2026-08-28 15:30:00-04:00,-41232,-13.653567868815545,7.0797562901340125,49.358974358974365,-0.193539868090407,73216,24.24475225754751,1.309240343715114,32.05128205128205,-0.39838728246428023,-63248,-20.943947918287872,-9.1821641495629,4167,1.3798607224814312,-0.5393756107635148,27097,8.972902807074476,1.3325431264772911,2026-09-01,717.6699829101562,668.5519958496094,-0.027955756683085507,1335.9766988438046,UNWINDING_SHORT,short,QQQ
2026-09-01,NASDAQ MINI - CHICAGO MERCANTILE EXCHANGE,209742,300140,58239,137013,108397,36520,55361,69453,11386,9927,48072,28542,NQ,2026-09-04 15:30:00-04:00,-14092,-4.695142266942094,8.95842560187345,83.97435897435898,1.0455643083672583,71877,23.9478243486373,-0.2969279089102095,27.564102564102566,-0.45556363285168466,-78774,-26.24575198240821,-5.301804064120336,1459,0.48610648364096753,-0.8937542388404637,19530,6.506963417072033,-2.4659393900024433,2026-09-04,718.9600219726562,679.0169982910156,-0.023682783627394472,1338.3781677210588,UNWINDING_SHORT,short,QQQ
